timestamp_utc,point_id,corridor,source,current_speed,free_flow_speed,speed_ratio,congestion_index,delay_seconds,congestion_level,source_observed_at,age_seconds,is_filled,is_gap
2026-09-28 06:00:00+00,AY-01,Koridor A. Yani,,,,,,,,,,,t
2026-09-28 06:00:00+00,AY-02,Koridor A. Yani,,,,,,,,,,,t
2026-09-28 06:00:00+00,AY-03,Koridor A. Yani,,,,,,,,,,,t
2026-09-28 06:00:00+00,DR-01,Koridor Darmo - Tunjungan,,,,,,,,,,,t
2026-09-28 06:00:00+00,DR-02,Koridor Darmo - Tunjungan,,,,,,,,,,,t
2026-09-28 06:00:00+00,DR-03,Koridor Darmo - Tunjungan,,,,,,,,,,,t
2026-09-28 06:00:00+00,MR-01,Koridor MERR,,,,,,,,,,,t
2026-09-28 06:00:00+00,MR-02,Koridor MERR,,,,,,,,,,,t
2026-09-28 06:00:00+00,MR-03,Koridor MERR,,,,,,,,,,,t
2026-09-28 06:10:00+00,AY-01,Koridor A. Yani,,,,,,,,,,,t
2026-09-28 06:10:00+00,AY-02,Koridor A. Yani,,,,,,,,,,,t
2026-09-28 06:10:00+00,AY-03,Koridor A. Yani,,,,,,,,,,,t
2026-09-28 06:10:00+00,DR-01,Koridor Darmo - Tunjungan,,,,,,,,,,,t
2026-09-28 06:10:00+00,DR-02,Koridor Darmo - Tunjungan,,,,,,,,,,,t
2026-09-28 06:10:00+00,DR-03,Koridor Darmo - Tunjungan,,,,,,,,,,,t
2026-09-28 06:10:00+00,MR-01,Koridor MERR,,,,,,,,,,,t
2026-09-28 06:10:00+00,MR-02,Koridor MERR,,,,,,,,,,,t
2026-09-28 06:10:00+00,MR-03,Koridor MERR,,,,,,,,,,,t
2026-09-28 06:20:00+00,AY-01,Koridor A. Yani,,,,,,,,,,,t
2026-09-28 06:20:00+00,AY-02,Koridor A. Yani,,,,,,,,,,,t
2026-09-28 06:20:00+00,AY-03,Koridor A. Yani,,,,,,,,,,,t
2026-09-28 06:20:00+00,DR-01,Koridor Darmo - Tunjungan,,,,,,,,,,,t
2026-09-28 06:20:00+00,DR-02,Koridor Darmo - Tunjungan,,,,,,,,,,,t
2026-09-28 06:20:00+00,DR-03,Koridor Darmo - Tunjungan,,,,,,,,,,,t
2026-09-28 06:20:00+00,MR-01,Koridor MERR,,,,,,,,,,,t
2026-09-28 06:20:00+00,MR-02,Koridor MERR,,,,,,,,,,,t
2026-09-28 06:20:00+00,MR-03,Koridor MERR,,,,,,,,,,,t
2026-09-28 06:30:00+00,AY-01,Koridor A. Yani,,,,,,,,,,,t
2026-09-28 06:30:00+00,AY-02,Koridor A. Yani,,,,,,,,,,,t
2026-09-28 06:30:00+00,AY-03,Koridor A. Yani,,,,,,,,,,,t
2026-09-28 06:30:00+00,DR-01,Koridor Darmo - Tunjungan,,,,,,,,,,,t
2026-09-28 06:30:00+00,DR-02,Koridor Darmo - Tunjungan,,,,,,,,,,,t
2026-09-28 06:30:00+00,DR-03,Koridor Darmo - Tunjungan,,,,,,,,,,,t
2026-09-28 06:30:00+00,MR-01,Koridor MERR,,,,,,,,,,,t
2026-09-28 06:30:00+00,MR-02,Koridor MERR,,,,,,,,,,,t
2026-09-28 06:30:00+00,MR-03,Koridor MERR,,,,,,,,,,,t
2026-09-28 06:40:00+00,AY-01,Koridor A. Yani,,,,,,,,,,,t
2026-09-28 06:40:00+00,AY-02,Koridor A. Yani,,,,,,,,,,,t
2026-09-28 06:40:00+00,AY-03,Koridor A. Yani,,,,,,,,,,,t
2026-09-28 06:40:00+00,DR-01,Koridor Darmo - Tunjungan,,,,,,,,,,,t
2026-09-28 06:40:00+00,DR-02,Koridor Darmo - Tunjungan,,,,,,,,,,,t
2026-09-28 06:40:00+00,DR-03,Koridor Darmo - Tunjungan,,,,,,,,,,,t
2026-09-28 06:40:00+00,MR-01,Koridor MERR,,,,,,,,,,,t
2026-09-28 06:40:00+00,MR-02,Koridor MERR,,,,,,,,,,,t
2026-09-28 06:40:00+00,MR-03,Koridor MERR,,,,,,,,,,,t
2026-09-28 06:50:00+00,AY-01,Koridor A. Yani,,,,,,,,,,,t
2026-09-28 06:50:00+00,AY-02,Koridor A. Yani,,,,,,,,,,,t
2026-09-28 06:50:00+00,AY-03,Koridor A. Yani,,,,,,,,,,,t
2026-09-28 06:50:00+00,DR-01,Koridor Darmo - Tunjungan,,,,,,,,,,,t
2026-09-28 06:50:00+00,DR-02,Koridor Darmo - Tunjungan,,,,,,,,,,,t
2026-09-28 06:50:00+00,DR-03,Koridor Darmo - Tunjungan,,,,,,,,,,,t
2026-09-28 06:50:00+00,MR-01,Koridor MERR,,,,,,,,,,,t
2026-09-28 06:50:00+00,MR-02,Koridor MERR,,,,,,,,,,,t
2026-09-28 06:50:00+00,MR-03,Koridor MERR,,,,,,,,,,,t
2026-09-28 07:00:00+00,AY-01,Koridor A. Yani,simulator,40,45,0.8889,0.1111,6,LANCAR,2026-09-28 06:59:42.428+00,18,f,f
2026-09-28 07:00:00+00,AY-02,Koridor A. Yani,simulator,51,54,0.9444,0.0556,2,LANCAR,2026-09-28 06:59:42.428+00,18,f,f
2026-09-28 07:00:00+00,AY-03,Koridor A. Yani,simulator,39,48,0.8125,0.1875,10,LANCAR,2026-09-28 06:59:42.428+00,18,f,f
2026-09-28 07:00:00+00,DR-01,Koridor Darmo - Tunjungan,simulator,49,60,0.8167,0.1833,8,LANCAR,2026-09-28 06:59:42.428+00,18,f,f
2026-09-28 07:00:00+00,DR-02,Koridor Darmo - Tunjungan,simulator,43,51,0.8431,0.1569,8,LANCAR,2026-09-28 06:59:42.428+00,18,f,f
2026-09-28 07:00:00+00,DR-03,Koridor Darmo - Tunjungan,simulator,40,47,0.8511,0.1489,8,LANCAR,2026-09-28 06:59:42.428+00,18,f,f
2026-09-28 07:00:00+00,MR-01,Koridor MERR,simulator,49,51,0.9608,0.0392,2,LANCAR,2026-09-28 06:59:42.428+00,18,f,f
2026-09-28 07:00:00+00,MR-02,Koridor MERR,simulator,39,42,0.9286,0.0714,4,LANCAR,2026-09-28 06:59:42.428+00,18,f,f
2026-09-28 07:00:00+00,MR-03,Koridor MERR,simulator,40,44,0.9091,0.0909,5,LANCAR,2026-09-28 06:59:42.428+00,18,f,f
2026-09-28 07:10:00+00,AY-01,Koridor A. Yani,simulator,37,45,0.8222,0.1778,10,LANCAR,2026-09-28 07:09:42.495+00,18,f,f
2026-09-28 07:10:00+00,AY-02,Koridor A. Yani,simulator,48,54,0.8889,0.1111,5,LANCAR,2026-09-28 07:09:42.495+00,18,f,f
2026-09-28 07:10:00+00,AY-03,Koridor A. Yani,simulator,43,48,0.8958,0.1042,5,LANCAR,2026-09-28 07:09:42.495+00,18,f,f
2026-09-28 07:10:00+00,DR-01,Koridor Darmo - Tunjungan,simulator,49,60,0.8167,0.1833,8,LANCAR,2026-09-28 07:09:42.495+00,18,f,f
2026-09-28 07:10:00+00,DR-02,Koridor Darmo - Tunjungan,simulator,45,51,0.8824,0.1176,6,LANCAR,2026-09-28 07:09:42.495+00,18,f,f
2026-09-28 07:10:00+00,DR-03,Koridor Darmo - Tunjungan,simulator,40,47,0.8511,0.1489,8,LANCAR,2026-09-28 07:09:42.495+00,18,f,f
2026-09-28 07:10:00+00,MR-01,Koridor MERR,simulator,45,51,0.8824,0.1176,6,LANCAR,2026-09-28 07:09:42.495+00,18,f,f
2026-09-28 07:10:00+00,MR-02,Koridor MERR,simulator,37,42,0.881,0.119,7,LANCAR,2026-09-28 07:09:42.495+00,18,f,f
2026-09-28 07:10:00+00,MR-03,Koridor MERR,simulator,41,44,0.9318,0.0682,4,LANCAR,2026-09-28 07:09:42.495+00,18,f,f
2026-09-28 07:20:00+00,AY-01,Koridor A. Yani,simulator,39,45,0.8667,0.1333,7,LANCAR,2026-09-28 07:19:42.654+00,17,f,f
2026-09-28 07:20:00+00,AY-02,Koridor A. Yani,simulator,50,54,0.9259,0.0741,3,LANCAR,2026-09-28 07:19:42.654+00,17,f,f
2026-09-28 07:20:00+00,AY-03,Koridor A. Yani,simulator,45,48,0.9375,0.0625,3,LANCAR,2026-09-28 07:19:42.654+00,17,f,f
2026-09-28 07:20:00+00,DR-01,Koridor Darmo - Tunjungan,simulator,53,60,0.8833,0.1167,5,LANCAR,2026-09-28 07:19:42.654+00,17,f,f
2026-09-28 07:20:00+00,DR-02,Koridor Darmo - Tunjungan,simulator,46,51,0.902,0.098,5,LANCAR,2026-09-28 07:19:42.654+00,17,f,f
2026-09-28 07:20:00+00,DR-03,Koridor Darmo - Tunjungan,simulator,40,47,0.8511,0.1489,8,LANCAR,2026-09-28 07:19:42.654+00,17,f,f
2026-09-28 07:20:00+00,MR-01,Koridor MERR,simulator,49,51,0.9608,0.0392,2,LANCAR,2026-09-28 07:19:42.654+00,17,f,f
2026-09-28 07:20:00+00,MR-02,Koridor MERR,simulator,39,42,0.9286,0.0714,4,LANCAR,2026-09-28 07:19:42.654+00,17,f,f
2026-09-28 07:20:00+00,MR-03,Koridor MERR,simulator,41,44,0.9318,0.0682,4,LANCAR,2026-09-28 07:19:42.654+00,17,f,f
2026-09-28 07:30:00+00,AY-01,Koridor A. Yani,simulator,40,45,0.8889,0.1111,6,LANCAR,2026-09-28 07:29:42.754+00,17,f,f
2026-09-28 07:30:00+00,AY-02,Koridor A. Yani,simulator,44,54,0.8148,0.1852,9,LANCAR,2026-09-28 07:29:42.754+00,17,f,f
2026-09-28 07:30:00+00,AY-03,Koridor A. Yani,simulator,46,48,0.9583,0.0417,2,LANCAR,2026-09-28 07:29:42.754+00,17,f,f
2026-09-28 07:30:00+00,DR-01,Koridor Darmo - Tunjungan,simulator,51,60,0.85,0.15,6,LANCAR,2026-09-28 07:29:42.754+00,17,f,f
2026-09-28 07:30:00+00,DR-02,Koridor Darmo - Tunjungan,simulator,42,51,0.8235,0.1765,9,LANCAR,2026-09-28 07:29:42.754+00,17,f,f
2026-09-28 07:30:00+00,DR-03,Koridor Darmo - Tunjungan,simulator,39,47,0.8298,0.1702,9,LANCAR,2026-09-28 07:29:42.754+00,17,f,f
2026-09-28 07:30:00+00,MR-01,Koridor MERR,simulator,47,51,0.9216,0.0784,4,LANCAR,2026-09-28 07:29:42.754+00,17,f,f
2026-09-28 07:30:00+00,MR-02,Koridor MERR,simulator,34,42,0.8095,0.1905,13,LANCAR,2026-09-28 07:29:42.754+00,17,f,f
2026-09-28 07:30:00+00,MR-03,Koridor MERR,simulator,36,44,0.8182,0.1818,11,LANCAR,2026-09-28 07:29:42.754+00,17,f,f
2026-09-28 07:40:00+00,AY-01,Koridor A. Yani,simulator,40,45,0.8889,0.1111,6,LANCAR,2026-09-28 07:33:12.793+00,407,f,f
2026-09-28 07:40:00+00,AY-02,Koridor A. Yani,simulator,48,54,0.8889,0.1111,5,LANCAR,2026-09-28 07:33:12.793+00,407,f,f
2026-09-28 07:40:00+00,AY-03,Koridor A. Yani,simulator,39,48,0.8125,0.1875,10,LANCAR,2026-09-28 07:33:12.793+00,407,f,f
2026-09-28 07:40:00+00,DR-01,Koridor Darmo - Tunjungan,simulator,49,60,0.8167,0.1833,8,LANCAR,2026-09-28 07:33:12.793+00,407,f,f
2026-09-28 07:40:00+00,DR-02,Koridor Darmo - Tunjungan,simulator,43,51,0.8431,0.1569,8,LANCAR,2026-09-28 07:33:12.793+00,407,f,f
2026-09-28 07:40:00+00,DR-03,Koridor Darmo - Tunjungan,simulator,41,47,0.8723,0.1277,7,LANCAR,2026-09-28 07:33:12.793+00,407,f,f
2026-09-28 07:40:00+00,MR-01,Koridor MERR,simulator,48,51,0.9412,0.0588,3,LANCAR,2026-09-28 07:33:12.793+00,407,f,f
2026-09-28 07:40:00+00,MR-02,Koridor MERR,simulator,35,42,0.8333,0.1667,11,LANCAR,2026-09-28 07:33:12.793+00,407,f,f
2026-09-28 07:40:00+00,MR-03,Koridor MERR,simulator,41,44,0.9318,0.0682,4,LANCAR,2026-09-28 07:33:12.793+00,407,f,f
2026-09-28 07:50:00+00,AY-01,Koridor A. Yani,simulator,37,45,0.8222,0.1778,10,LANCAR,2026-09-28 07:49:39.137+00,21,f,f
2026-09-28 07:50:00+00,AY-02,Koridor A. Yani,simulator,49,54,0.9074,0.0926,4,LANCAR,2026-09-28 07:49:39.137+00,21,f,f
2026-09-28 07:50:00+00,AY-03,Koridor A. Yani,simulator,40,48,0.8333,0.1667,9,LANCAR,2026-09-28 07:49:39.137+00,21,f,f
2026-09-28 07:50:00+00,DR-01,Koridor Darmo - Tunjungan,simulator,51,60,0.85,0.15,6,LANCAR,2026-09-28 07:49:39.137+00,21,f,f
2026-09-28 07:50:00+00,DR-02,Koridor Darmo - Tunjungan,simulator,46,51,0.902,0.098,5,LANCAR,2026-09-28 07:49:39.137+00,21,f,f
2026-09-28 07:50:00+00,DR-03,Koridor Darmo - Tunjungan,simulator,40,47,0.8511,0.1489,8,LANCAR,2026-09-28 07:49:39.137+00,21,f,f
2026-09-28 07:50:00+00,MR-01,Koridor MERR,simulator,44,51,0.8627,0.1373,7,LANCAR,2026-09-28 07:49:39.137+00,21,f,f
2026-09-28 07:50:00+00,MR-02,Koridor MERR,simulator,39,42,0.9286,0.0714,4,LANCAR,2026-09-28 07:49:39.137+00,21,f,f
2026-09-28 07:50:00+00,MR-03,Koridor MERR,simulator,41,44,0.9318,0.0682,4,LANCAR,2026-09-28 07:49:39.137+00,21,f,f
2026-09-28 08:00:00+00,AY-01,Koridor A. Yani,simulator,37,45,0.8222,0.1778,10,LANCAR,2026-09-28 07:49:39.137+00,621,t,f
2026-09-28 08:00:00+00,AY-02,Koridor A. Yani,simulator,49,54,0.9074,0.0926,4,LANCAR,2026-09-28 07:49:39.137+00,621,t,f
2026-09-28 08:00:00+00,AY-03,Koridor A. Yani,simulator,40,48,0.8333,0.1667,9,LANCAR,2026-09-28 07:49:39.137+00,621,t,f
2026-09-28 08:00:00+00,DR-01,Koridor Darmo - Tunjungan,simulator,51,60,0.85,0.15,6,LANCAR,2026-09-28 07:49:39.137+00,621,t,f
2026-09-28 08:00:00+00,DR-02,Koridor Darmo - Tunjungan,simulator,46,51,0.902,0.098,5,LANCAR,2026-09-28 07:49:39.137+00,621,t,f
2026-09-28 08:00:00+00,DR-03,Koridor Darmo - Tunjungan,simulator,40,47,0.8511,0.1489,8,LANCAR,2026-09-28 07:49:39.137+00,621,t,f
2026-09-28 08:00:00+00,MR-01,Koridor MERR,simulator,44,51,0.8627,0.1373,7,LANCAR,2026-09-28 07:49:39.137+00,621,t,f
2026-09-28 08:00:00+00,MR-02,Koridor MERR,simulator,39,42,0.9286,0.0714,4,LANCAR,2026-09-28 07:49:39.137+00,621,t,f
2026-09-28 08:00:00+00,MR-03,Koridor MERR,simulator,41,44,0.9318,0.0682,4,LANCAR,2026-09-28 07:49:39.137+00,621,t,f
2026-09-28 08:10:00+00,AY-01,Koridor A. Yani,simulator,39,45,0.8667,0.1333,7,LANCAR,2026-09-28 08:05:35.049+00,265,f,f
2026-09-28 08:10:00+00,AY-02,Koridor A. Yani,simulator,43,54,0.7963,0.2037,10,PADAT,2026-09-28 08:05:35.049+00,265,f,f
2026-09-28 08:10:00+00,AY-03,Koridor A. Yani,simulator,44,48,0.9167,0.0833,4,LANCAR,2026-09-28 08:05:35.049+00,265,f,f
2026-09-28 08:10:00+00,DR-01,Koridor Darmo - Tunjungan,simulator,50,60,0.8333,0.1667,7,LANCAR,2026-09-28 08:05:35.049+00,265,f,f
2026-09-28 08:10:00+00,DR-02,Koridor Darmo - Tunjungan,simulator,47,51,0.9216,0.0784,4,LANCAR,2026-09-28 08:05:35.049+00,265,f,f
2026-09-28 08:10:00+00,DR-03,Koridor Darmo - Tunjungan,simulator,42,47,0.8936,0.1064,5,LANCAR,2026-09-28 08:05:35.049+00,265,f,f
2026-09-28 08:10:00+00,MR-01,Koridor MERR,simulator,43,51,0.8431,0.1569,8,LANCAR,2026-09-28 08:05:35.049+00,265,f,f
2026-09-28 08:10:00+00,MR-02,Koridor MERR,simulator,34,42,0.8095,0.1905,13,LANCAR,2026-09-28 08:05:35.049+00,265,f,f
2026-09-28 08:10:00+00,MR-03,Koridor MERR,simulator,38,44,0.8636,0.1364,8,LANCAR,2026-09-28 08:05:35.049+00,265,f,f
2026-09-28 08:20:00+00,AY-01,Koridor A. Yani,simulator,39,45,0.8667,0.1333,7,LANCAR,2026-09-28 08:05:35.049+00,865,t,f
2026-09-28 08:20:00+00,AY-02,Koridor A. Yani,simulator,43,54,0.7963,0.2037,10,PADAT,2026-09-28 08:05:35.049+00,865,t,f
2026-09-28 08:20:00+00,AY-03,Koridor A. Yani,simulator,44,48,0.9167,0.0833,4,LANCAR,2026-09-28 08:05:35.049+00,865,t,f
2026-09-28 08:20:00+00,DR-01,Koridor Darmo - Tunjungan,simulator,50,60,0.8333,0.1667,7,LANCAR,2026-09-28 08:05:35.049+00,865,t,f
2026-09-28 08:20:00+00,DR-02,Koridor Darmo - Tunjungan,simulator,47,51,0.9216,0.0784,4,LANCAR,2026-09-28 08:05:35.049+00,865,t,f
2026-09-28 08:20:00+00,DR-03,Koridor Darmo - Tunjungan,simulator,42,47,0.8936,0.1064,5,LANCAR,2026-09-28 08:05:35.049+00,865,t,f
2026-09-28 08:20:00+00,MR-01,Koridor MERR,simulator,43,51,0.8431,0.1569,8,LANCAR,2026-09-28 08:05:35.049+00,865,t,f
2026-09-28 08:20:00+00,MR-02,Koridor MERR,simulator,34,42,0.8095,0.1905,13,LANCAR,2026-09-28 08:05:35.049+00,865,t,f
2026-09-28 08:20:00+00,MR-03,Koridor MERR,simulator,38,44,0.8636,0.1364,8,LANCAR,2026-09-28 08:05:35.049+00,865,t,f
2026-09-28 08:30:00+00,AY-01,Koridor A. Yani,simulator,39,45,0.8667,0.1333,7,LANCAR,2026-09-28 08:23:52.171+00,368,f,f
2026-09-28 08:30:00+00,AY-02,Koridor A. Yani,simulator,44,54,0.8148,0.1852,9,LANCAR,2026-09-28 08:23:52.171+00,368,f,f
2026-09-28 08:30:00+00,AY-03,Koridor A. Yani,simulator,42,48,0.875,0.125,6,LANCAR,2026-09-28 08:23:52.171+00,368,f,f
2026-09-28 08:30:00+00,DR-01,Koridor Darmo - Tunjungan,simulator,49,60,0.8167,0.1833,8,LANCAR,2026-09-28 08:23:52.171+00,368,f,f
2026-09-28 08:30:00+00,DR-02,Koridor Darmo - Tunjungan,simulator,38,51,0.7451,0.2549,15,PADAT,2026-09-28 08:23:52.171+00,368,f,f
2026-09-28 08:30:00+00,DR-03,Koridor Darmo - Tunjungan,simulator,40,47,0.8511,0.1489,8,LANCAR,2026-09-28 08:23:52.171+00,368,f,f
2026-09-28 08:30:00+00,MR-01,Koridor MERR,simulator,46,51,0.902,0.098,5,LANCAR,2026-09-28 08:23:52.171+00,368,f,f
2026-09-28 08:30:00+00,MR-02,Koridor MERR,simulator,35,42,0.8333,0.1667,11,LANCAR,2026-09-28 08:23:52.171+00,368,f,f
2026-09-28 08:30:00+00,MR-03,Koridor MERR,simulator,37,44,0.8409,0.1591,9,LANCAR,2026-09-28 08:23:52.171+00,368,f,f
2026-09-28 08:40:00+00,AY-01,Koridor A. Yani,simulator,34,45,0.7556,0.2444,16,PADAT,2026-09-28 08:39:47.095+00,13,f,f
2026-09-28 08:40:00+00,AY-02,Koridor A. Yani,simulator,38,54,0.7037,0.2963,17,PADAT,2026-09-28 08:39:47.095+00,13,f,f
2026-09-28 08:40:00+00,AY-03,Koridor A. Yani,simulator,34,48,0.7083,0.2917,19,PADAT,2026-09-28 08:39:47.095+00,13,f,f
2026-09-28 08:40:00+00,DR-01,Koridor Darmo - Tunjungan,simulator,46,60,0.7667,0.2333,11,PADAT,2026-09-28 08:39:47.095+00,13,f,f
2026-09-28 08:40:00+00,DR-02,Koridor Darmo - Tunjungan,simulator,36,51,0.7059,0.2941,18,PADAT,2026-09-28 08:39:47.095+00,13,f,f
2026-09-28 08:40:00+00,DR-03,Koridor Darmo - Tunjungan,simulator,34,47,0.7234,0.2766,18,PADAT,2026-09-28 08:39:47.095+00,13,f,f
2026-09-28 08:40:00+00,MR-01,Koridor MERR,simulator,35,51,0.6863,0.3137,20,PADAT,2026-09-28 08:39:47.095+00,13,f,f
2026-09-28 08:40:00+00,MR-02,Koridor MERR,simulator,30,42,0.7143,0.2857,21,PADAT,2026-09-28 08:39:47.095+00,13,f,f
2026-09-28 08:40:00+00,MR-03,Koridor MERR,simulator,36,44,0.8182,0.1818,11,LANCAR,2026-09-28 08:39:47.095+00,13,f,f
2026-09-28 08:50:00+00,AY-01,Koridor A. Yani,simulator,32,45,0.7111,0.2889,20,PADAT,2026-09-28 08:40:17.109+00,583,f,f
2026-09-28 08:50:00+00,AY-02,Koridor A. Yani,simulator,40,54,0.7407,0.2593,14,PADAT,2026-09-28 08:40:17.109+00,583,f,f
2026-09-28 08:50:00+00,AY-03,Koridor A. Yani,simulator,40,48,0.8333,0.1667,9,LANCAR,2026-09-28 08:40:17.109+00,583,f,f
2026-09-28 08:50:00+00,DR-01,Koridor Darmo - Tunjungan,simulator,45,60,0.75,0.25,12,PADAT,2026-09-28 08:40:17.109+00,583,f,f
2026-09-28 08:50:00+00,DR-02,Koridor Darmo - Tunjungan,simulator,41,51,0.8039,0.1961,11,LANCAR,2026-09-28 08:40:17.109+00,583,f,f
2026-09-28 08:50:00+00,DR-03,Koridor Darmo - Tunjungan,simulator,39,47,0.8298,0.1702,9,LANCAR,2026-09-28 08:40:17.109+00,583,f,f
2026-09-28 08:50:00+00,MR-01,Koridor MERR,simulator,38,51,0.7451,0.2549,15,PADAT,2026-09-28 08:40:17.109+00,583,f,f
2026-09-28 08:50:00+00,MR-02,Koridor MERR,simulator,32,42,0.7619,0.2381,17,PADAT,2026-09-28 08:40:17.109+00,583,f,f
2026-09-28 08:50:00+00,MR-03,Koridor MERR,simulator,36,44,0.8182,0.1818,11,LANCAR,2026-09-28 08:40:17.109+00,583,f,f
2026-09-28 09:00:00+00,AY-01,Koridor A. Yani,simulator,28,45,0.6222,0.3778,29,PADAT,2026-09-28 08:57:13.865+00,166,f,f
2026-09-28 09:00:00+00,AY-02,Koridor A. Yani,simulator,35,54,0.6481,0.3519,22,PADAT,2026-09-28 08:57:13.865+00,166,f,f
2026-09-28 09:00:00+00,AY-03,Koridor A. Yani,simulator,35,48,0.7292,0.2708,17,PADAT,2026-09-28 08:57:13.865+00,166,f,f
2026-09-28 09:00:00+00,DR-01,Koridor Darmo - Tunjungan,simulator,46,60,0.7667,0.2333,11,PADAT,2026-09-28 08:57:13.865+00,166,f,f
2026-09-28 09:00:00+00,DR-02,Koridor Darmo - Tunjungan,simulator,37,51,0.7255,0.2745,16,PADAT,2026-09-28 08:57:13.865+00,166,f,f
2026-09-28 09:00:00+00,DR-03,Koridor Darmo - Tunjungan,simulator,35,47,0.7447,0.2553,16,PADAT,2026-09-28 08:57:13.865+00,166,f,f
2026-09-28 09:00:00+00,MR-01,Koridor MERR,simulator,39,51,0.7647,0.2353,13,PADAT,2026-09-28 08:57:13.865+00,166,f,f
2026-09-28 09:00:00+00,MR-02,Koridor MERR,simulator,28,42,0.6667,0.3333,26,PADAT,2026-09-28 08:57:13.865+00,166,f,f
2026-09-28 09:00:00+00,MR-03,Koridor MERR,simulator,29,44,0.6591,0.3409,25,PADAT,2026-09-28 08:57:13.865+00,166,f,f
2026-09-28 09:10:00+00,AY-01,Koridor A. Yani,simulator,28,45,0.6222,0.3778,29,PADAT,2026-09-28 08:57:13.865+00,766,t,f
2026-09-28 09:10:00+00,AY-02,Koridor A. Yani,simulator,35,54,0.6481,0.3519,22,PADAT,2026-09-28 08:57:13.865+00,766,t,f
2026-09-28 09:10:00+00,AY-03,Koridor A. Yani,simulator,35,48,0.7292,0.2708,17,PADAT,2026-09-28 08:57:13.865+00,766,t,f
2026-09-28 09:10:00+00,DR-01,Koridor Darmo - Tunjungan,simulator,46,60,0.7667,0.2333,11,PADAT,2026-09-28 08:57:13.865+00,766,t,f
2026-09-28 09:10:00+00,DR-02,Koridor Darmo - Tunjungan,simulator,37,51,0.7255,0.2745,16,PADAT,2026-09-28 08:57:13.865+00,766,t,f
2026-09-28 09:10:00+00,DR-03,Koridor Darmo - Tunjungan,simulator,35,47,0.7447,0.2553,16,PADAT,2026-09-28 08:57:13.865+00,766,t,f
2026-09-28 09:10:00+00,MR-01,Koridor MERR,simulator,39,51,0.7647,0.2353,13,PADAT,2026-09-28 08:57:13.865+00,766,t,f
2026-09-28 09:10:00+00,MR-02,Koridor MERR,simulator,28,42,0.6667,0.3333,26,PADAT,2026-09-28 08:57:13.865+00,766,t,f
2026-09-28 09:10:00+00,MR-03,Koridor MERR,simulator,29,44,0.6591,0.3409,25,PADAT,2026-09-28 08:57:13.865+00,766,t,f
2026-09-28 09:20:00+00,AY-01,Koridor A. Yani,simulator,30,45,0.6667,0.3333,24,PADAT,2026-09-28 09:14:09.842+00,350,f,f
2026-09-28 09:20:00+00,AY-02,Koridor A. Yani,simulator,30,54,0.5556,0.4444,32,PADAT,2026-09-28 09:14:09.842+00,350,f,f
2026-09-28 09:20:00+00,AY-03,Koridor A. Yani,simulator,29,48,0.6042,0.3958,29,PADAT,2026-09-28 09:14:09.842+00,350,f,f
2026-09-28 09:20:00+00,DR-01,Koridor Darmo - Tunjungan,simulator,38,60,0.6333,0.3667,21,PADAT,2026-09-28 09:14:09.842+00,350,f,f
2026-09-28 09:20:00+00,DR-02,Koridor Darmo - Tunjungan,simulator,30,51,0.5882,0.4118,30,PADAT,2026-09-28 09:14:09.842+00,350,f,f
2026-09-28 09:20:00+00,DR-03,Koridor Darmo - Tunjungan,simulator,30,47,0.6383,0.3617,26,PADAT,2026-09-28 09:14:09.842+00,350,f,f
2026-09-28 09:20:00+00,MR-01,Koridor MERR,simulator,29,51,0.5686,0.4314,32,PADAT,2026-09-28 09:14:09.842+00,350,f,f
2026-09-28 09:20:00+00,MR-02,Koridor MERR,simulator,26,42,0.619,0.381,32,PADAT,2026-09-28 09:14:09.842+00,350,f,f
2026-09-28 09:20:00+00,MR-03,Koridor MERR,simulator,31,44,0.7045,0.2955,21,PADAT,2026-09-28 09:14:09.842+00,350,f,f
2026-09-28 09:30:00+00,AY-01,Koridor A. Yani,simulator,26,45,0.5778,0.4222,35,PADAT,2026-09-28 09:29:38.443+00,22,f,f
2026-09-28 09:30:00+00,AY-02,Koridor A. Yani,simulator,34,54,0.6296,0.3704,24,PADAT,2026-09-28 09:29:38.443+00,22,f,f
2026-09-28 09:30:00+00,AY-03,Koridor A. Yani,simulator,25,48,0.5208,0.4792,41,PADAT,2026-09-28 09:29:38.443+00,22,f,f
2026-09-28 09:30:00+00,DR-01,Koridor Darmo - Tunjungan,simulator,36,60,0.6,0.4,24,PADAT,2026-09-28 09:29:38.443+00,22,f,f
2026-09-28 09:30:00+00,DR-02,Koridor Darmo - Tunjungan,simulator,28,51,0.549,0.451,35,PADAT,2026-09-28 09:29:38.443+00,22,f,f
2026-09-28 09:30:00+00,DR-03,Koridor Darmo - Tunjungan,simulator,29,47,0.617,0.383,28,PADAT,2026-09-28 09:29:38.443+00,22,f,f
2026-09-28 09:30:00+00,MR-01,Koridor MERR,simulator,28,51,0.549,0.451,35,PADAT,2026-09-28 09:29:38.443+00,22,f,f
2026-09-28 09:30:00+00,MR-02,Koridor MERR,simulator,20,42,0.4762,0.5238,57,MACET,2026-09-28 09:29:38.443+00,22,f,f
2026-09-28 09:30:00+00,MR-03,Koridor MERR,simulator,27,44,0.6136,0.3864,31,PADAT,2026-09-28 09:29:38.443+00,22,f,f
2026-09-28 09:40:00+00,AY-01,Koridor A. Yani,simulator,23,45,0.5111,0.4889,46,PADAT,2026-09-28 09:39:38.526+00,21,f,f
2026-09-28 09:40:00+00,AY-02,Koridor A. Yani,simulator,25,54,0.463,0.537,46,MACET,2026-09-28 09:39:38.526+00,21,f,f
2026-09-28 09:40:00+00,AY-03,Koridor A. Yani,simulator,28,48,0.5833,0.4167,32,PADAT,2026-09-28 09:39:38.526+00,21,f,f
2026-09-28 09:40:00+00,DR-01,Koridor Darmo - Tunjungan,simulator,28,60,0.4667,0.5333,41,MACET,2026-09-28 09:39:38.526+00,21,f,f
2026-09-28 09:40:00+00,DR-02,Koridor Darmo - Tunjungan,simulator,29,51,0.5686,0.4314,32,PADAT,2026-09-28 09:39:38.526+00,21,f,f
2026-09-28 09:40:00+00,DR-03,Koridor Darmo - Tunjungan,simulator,25,47,0.5319,0.4681,40,PADAT,2026-09-28 09:39:38.526+00,21,f,f
2026-09-28 09:40:00+00,MR-01,Koridor MERR,simulator,28,51,0.549,0.451,35,PADAT,2026-09-28 09:39:38.526+00,21,f,f
2026-09-28 09:40:00+00,MR-02,Koridor MERR,simulator,19,42,0.4524,0.5476,63,MACET,2026-09-28 09:39:38.526+00,21,f,f
2026-09-28 09:40:00+00,MR-03,Koridor MERR,simulator,22,44,0.5,0.5,49,PADAT,2026-09-28 09:39:38.526+00,21,f,f
2026-09-28 09:50:00+00,AY-01,Koridor A. Yani,simulator,23,45,0.5111,0.4889,46,PADAT,2026-09-28 09:49:38.591+00,21,f,f
2026-09-28 09:50:00+00,AY-02,Koridor A. Yani,simulator,22,54,0.4074,0.5926,58,MACET,2026-09-28 09:49:38.591+00,21,f,f
2026-09-28 09:50:00+00,AY-03,Koridor A. Yani,simulator,24,48,0.5,0.5,45,PADAT,2026-09-28 09:49:38.591+00,21,f,f
2026-09-28 09:50:00+00,DR-01,Koridor Darmo - Tunjungan,simulator,28,60,0.4667,0.5333,41,MACET,2026-09-28 09:49:38.591+00,21,f,f
2026-09-28 09:50:00+00,DR-02,Koridor Darmo - Tunjungan,simulator,22,51,0.4314,0.5686,56,MACET,2026-09-28 09:49:38.591+00,21,f,f
2026-09-28 09:50:00+00,DR-03,Koridor Darmo - Tunjungan,simulator,25,47,0.5319,0.4681,40,PADAT,2026-09-28 09:49:38.591+00,21,f,f
2026-09-28 09:50:00+00,MR-01,Koridor MERR,simulator,22,51,0.4314,0.5686,56,MACET,2026-09-28 09:49:38.591+00,21,f,f
2026-09-28 09:50:00+00,MR-02,Koridor MERR,simulator,18,42,0.4286,0.5714,69,MACET,2026-09-28 09:49:38.591+00,21,f,f
2026-09-28 09:50:00+00,MR-03,Koridor MERR,simulator,21,44,0.4773,0.5227,54,MACET,2026-09-28 09:49:38.591+00,21,f,f
2026-09-28 10:00:00+00,AY-01,Koridor A. Yani,simulator,15,45,0.3333,0.6667,96,MACET,2026-09-28 09:59:38.662+00,21,f,f
2026-09-28 10:00:00+00,AY-02,Koridor A. Yani,simulator,25,54,0.463,0.537,46,MACET,2026-09-28 09:59:38.662+00,21,f,f
2026-09-28 10:00:00+00,AY-03,Koridor A. Yani,simulator,22,48,0.4583,0.5417,53,MACET,2026-09-28 09:59:38.662+00,21,f,f
2026-09-28 10:00:00+00,DR-01,Koridor Darmo - Tunjungan,simulator,29,60,0.4833,0.5167,38,MACET,2026-09-28 09:59:38.662+00,21,f,f
2026-09-28 10:00:00+00,DR-02,Koridor Darmo - Tunjungan,simulator,19,51,0.3725,0.6275,72,MACET,2026-09-28 09:59:38.662+00,21,f,f
2026-09-28 10:00:00+00,DR-03,Koridor Darmo - Tunjungan,simulator,19,47,0.4043,0.5957,68,MACET,2026-09-28 09:59:38.662+00,21,f,f
2026-09-28 10:00:00+00,MR-01,Koridor MERR,simulator,21,51,0.4118,0.5882,61,MACET,2026-09-28 09:59:38.662+00,21,f,f
2026-09-28 10:00:00+00,MR-02,Koridor MERR,simulator,17,42,0.4048,0.5952,76,MACET,2026-09-28 09:59:38.662+00,21,f,f
2026-09-28 10:00:00+00,MR-03,Koridor MERR,simulator,18,44,0.4091,0.5909,71,MACET,2026-09-28 09:59:38.662+00,21,f,f
2026-09-28 10:10:00+00,AY-01,Koridor A. Yani,simulator,19,45,0.4222,0.5778,66,MACET,2026-09-28 10:09:38.724+00,21,f,f
2026-09-28 10:10:00+00,AY-02,Koridor A. Yani,simulator,22,54,0.4074,0.5926,58,MACET,2026-09-28 10:09:38.724+00,21,f,f
2026-09-28 10:10:00+00,AY-03,Koridor A. Yani,simulator,18,48,0.375,0.625,75,MACET,2026-09-28 10:09:38.724+00,21,f,f
2026-09-28 10:10:00+00,DR-01,Koridor Darmo - Tunjungan,simulator,23,60,0.3833,0.6167,58,MACET,2026-09-28 10:09:38.724+00,21,f,f
2026-09-28 10:10:00+00,DR-02,Koridor Darmo - Tunjungan,simulator,17,51,0.3333,0.6667,85,MACET,2026-09-28 10:09:38.724+00,21,f,f
2026-09-28 10:10:00+00,DR-03,Koridor Darmo - Tunjungan,simulator,16,47,0.3404,0.6596,89,MACET,2026-09-28 10:09:38.724+00,21,f,f
2026-09-28 10:10:00+00,MR-01,Koridor MERR,simulator,22,51,0.4314,0.5686,56,MACET,2026-09-28 10:09:38.724+00,21,f,f
2026-09-28 10:10:00+00,MR-02,Koridor MERR,simulator,18,42,0.4286,0.5714,69,MACET,2026-09-28 10:09:38.724+00,21,f,f
2026-09-28 10:10:00+00,MR-03,Koridor MERR,simulator,18,44,0.4091,0.5909,71,MACET,2026-09-28 10:09:38.724+00,21,f,f
2026-09-28 10:20:00+00,AY-01,Koridor A. Yani,simulator,15,45,0.3333,0.6667,96,MACET,2026-09-28 10:19:38.791+00,21,f,f
2026-09-28 10:20:00+00,AY-02,Koridor A. Yani,simulator,21,54,0.3889,0.6111,63,MACET,2026-09-28 10:19:38.791+00,21,f,f
2026-09-28 10:20:00+00,AY-03,Koridor A. Yani,simulator,14,48,0.2917,0.7083,109,MACET,2026-09-28 10:19:38.791+00,21,f,f
2026-09-28 10:20:00+00,DR-01,Koridor Darmo - Tunjungan,simulator,22,60,0.3667,0.6333,62,MACET,2026-09-28 10:19:38.791+00,21,f,f
2026-09-28 10:20:00+00,DR-02,Koridor Darmo - Tunjungan,simulator,19,51,0.3725,0.6275,72,MACET,2026-09-28 10:19:38.791+00,21,f,f
2026-09-28 10:20:00+00,DR-03,Koridor Darmo - Tunjungan,simulator,18,47,0.383,0.617,74,MACET,2026-09-28 10:19:38.791+00,21,f,f
2026-09-28 10:20:00+00,MR-01,Koridor MERR,simulator,19,51,0.3725,0.6275,72,MACET,2026-09-28 10:19:38.791+00,21,f,f
2026-09-28 10:20:00+00,MR-02,Koridor MERR,simulator,13,42,0.3095,0.6905,115,MACET,2026-09-28 10:19:38.791+00,21,f,f
2026-09-28 10:20:00+00,MR-03,Koridor MERR,simulator,18,44,0.4091,0.5909,71,MACET,2026-09-28 10:19:38.791+00,21,f,f
2026-09-28 10:30:00+00,AY-01,Koridor A. Yani,simulator,15,45,0.3333,0.6667,96,MACET,2026-09-28 10:29:38.862+00,21,f,f
2026-09-28 10:30:00+00,AY-02,Koridor A. Yani,simulator,13,54,0.2407,0.7593,126,MACET,2026-09-28 10:29:38.862+00,21,f,f
2026-09-28 10:30:00+00,AY-03,Koridor A. Yani,simulator,18,48,0.375,0.625,75,MACET,2026-09-28 10:29:38.862+00,21,f,f
2026-09-28 10:30:00+00,DR-01,Koridor Darmo - Tunjungan,simulator,16,60,0.2667,0.7333,99,MACET,2026-09-28 10:29:38.862+00,21,f,f
2026-09-28 10:30:00+00,DR-02,Koridor Darmo - Tunjungan,simulator,12,51,0.2353,0.7647,138,MACET,2026-09-28 10:29:38.862+00,21,f,f
2026-09-28 10:30:00+00,DR-03,Koridor Darmo - Tunjungan,simulator,15,47,0.3191,0.6809,98,MACET,2026-09-28 10:29:38.862+00,21,f,f
2026-09-28 10:30:00+00,MR-01,Koridor MERR,simulator,17,51,0.3333,0.6667,85,MACET,2026-09-28 10:29:38.862+00,21,f,f
2026-09-28 10:30:00+00,MR-02,Koridor MERR,simulator,14,42,0.3333,0.6667,103,MACET,2026-09-28 10:29:38.862+00,21,f,f
2026-09-28 10:30:00+00,MR-03,Koridor MERR,simulator,16,44,0.3636,0.6364,86,MACET,2026-09-28 10:29:38.862+00,21,f,f
2026-09-28 10:40:00+00,AY-01,Koridor A. Yani,simulator,11,45,0.2444,0.7556,148,MACET,2026-09-28 10:39:38.913+00,21,f,f
2026-09-28 10:40:00+00,AY-02,Koridor A. Yani,simulator,20,54,0.3704,0.6296,68,MACET,2026-09-28 10:39:38.913+00,21,f,f
2026-09-28 10:40:00+00,AY-03,Koridor A. Yani,simulator,13,48,0.2708,0.7292,121,MACET,2026-09-28 10:39:38.913+00,21,f,f
2026-09-28 10:40:00+00,DR-01,Koridor Darmo - Tunjungan,simulator,19,60,0.3167,0.6833,78,MACET,2026-09-28 10:39:38.913+00,21,f,f
2026-09-28 10:40:00+00,DR-02,Koridor Darmo - Tunjungan,simulator,19,51,0.3725,0.6275,72,MACET,2026-09-28 10:39:38.913+00,21,f,f
2026-09-28 10:40:00+00,DR-03,Koridor Darmo - Tunjungan,simulator,15,47,0.3191,0.6809,98,MACET,2026-09-28 10:39:38.913+00,21,f,f
2026-09-28 10:40:00+00,MR-01,Koridor MERR,simulator,18,51,0.3529,0.6471,78,MACET,2026-09-28 10:39:38.913+00,21,f,f
2026-09-28 10:40:00+00,MR-02,Koridor MERR,simulator,14,42,0.3333,0.6667,103,MACET,2026-09-28 10:39:38.913+00,21,f,f
2026-09-28 10:40:00+00,MR-03,Koridor MERR,simulator,15,44,0.3409,0.6591,95,MACET,2026-09-28 10:39:38.913+00,21,f,f
2026-09-28 10:50:00+00,AY-01,Koridor A. Yani,simulator,12,45,0.2667,0.7333,132,MACET,2026-09-28 10:49:38.953+00,21,f,f
2026-09-28 10:50:00+00,AY-02,Koridor A. Yani,simulator,17,54,0.3148,0.6852,87,MACET,2026-09-28 10:49:38.953+00,21,f,f
2026-09-28 10:50:00+00,AY-03,Koridor A. Yani,simulator,14,48,0.2917,0.7083,109,MACET,2026-09-28 10:49:38.953+00,21,f,f
2026-09-28 10:50:00+00,DR-01,Koridor Darmo - Tunjungan,simulator,22,60,0.3667,0.6333,62,MACET,2026-09-28 10:49:38.953+00,21,f,f
2026-09-28 10:50:00+00,DR-02,Koridor Darmo - Tunjungan,simulator,12,51,0.2353,0.7647,138,MACET,2026-09-28 10:49:38.953+00,21,f,f
2026-09-28 10:50:00+00,DR-03,Koridor Darmo - Tunjungan,simulator,12,47,0.2553,0.7447,134,MACET,2026-09-28 10:49:38.953+00,21,f,f
2026-09-28 10:50:00+00,MR-01,Koridor MERR,simulator,17,51,0.3333,0.6667,85,MACET,2026-09-28 10:49:38.953+00,21,f,f
2026-09-28 10:50:00+00,MR-02,Koridor MERR,simulator,10,42,0.2381,0.7619,165,MACET,2026-09-28 10:49:38.953+00,21,f,f
2026-09-28 10:50:00+00,MR-03,Koridor MERR,simulator,11,44,0.25,0.75,147,MACET,2026-09-28 10:49:38.953+00,21,f,f
2026-09-28 11:00:00+00,AY-01,Koridor A. Yani,simulator,12,45,0.2667,0.7333,132,MACET,2026-09-28 10:59:39+00,21,f,f
2026-09-28 11:00:00+00,AY-02,Koridor A. Yani,simulator,16,54,0.2963,0.7037,95,MACET,2026-09-28 10:59:39+00,21,f,f
2026-09-28 11:00:00+00,AY-03,Koridor A. Yani,simulator,12,48,0.25,0.75,135,MACET,2026-09-28 10:59:39+00,21,f,f
2026-09-28 11:00:00+00,DR-01,Koridor Darmo - Tunjungan,simulator,17,60,0.2833,0.7167,91,MACET,2026-09-28 10:59:39+00,21,f,f
2026-09-28 11:00:00+00,DR-02,Koridor Darmo - Tunjungan,simulator,19,51,0.3725,0.6275,72,MACET,2026-09-28 10:59:39+00,21,f,f
2026-09-28 11:00:00+00,DR-03,Koridor Darmo - Tunjungan,simulator,15,47,0.3191,0.6809,98,MACET,2026-09-28 10:59:39+00,21,f,f
2026-09-28 11:00:00+00,MR-01,Koridor MERR,simulator,13,51,0.2549,0.7451,124,MACET,2026-09-28 10:59:39+00,21,f,f
2026-09-28 11:00:00+00,MR-02,Koridor MERR,simulator,12,42,0.2857,0.7143,129,MACET,2026-09-28 10:59:39+00,21,f,f
2026-09-28 11:00:00+00,MR-03,Koridor MERR,simulator,14,44,0.3182,0.6818,105,MACET,2026-09-28 10:59:39+00,21,f,f
2026-09-28 11:10:00+00,AY-01,Koridor A. Yani,simulator,16,45,0.3556,0.6444,87,MACET,2026-09-28 11:09:09.665+00,50,f,f
2026-09-28 11:10:00+00,AY-02,Koridor A. Yani,simulator,18,54,0.3333,0.6667,80,MACET,2026-09-28 11:09:09.665+00,50,f,f
2026-09-28 11:10:00+00,AY-03,Koridor A. Yani,simulator,17,48,0.3542,0.6458,82,MACET,2026-09-28 11:09:09.665+00,50,f,f
2026-09-28 11:10:00+00,DR-01,Koridor Darmo - Tunjungan,simulator,20,60,0.3333,0.6667,72,MACET,2026-09-28 11:09:09.665+00,50,f,f
2026-09-28 11:10:00+00,DR-02,Koridor Darmo - Tunjungan,simulator,18,51,0.3529,0.6471,78,MACET,2026-09-28 11:09:09.665+00,50,f,f
2026-09-28 11:10:00+00,DR-03,Koridor Darmo - Tunjungan,simulator,14,47,0.2979,0.7021,108,MACET,2026-09-28 11:09:09.665+00,50,f,f
2026-09-28 11:10:00+00,MR-01,Koridor MERR,simulator,17,51,0.3333,0.6667,85,MACET,2026-09-28 11:09:09.665+00,50,f,f
2026-09-28 11:10:00+00,MR-02,Koridor MERR,simulator,13,42,0.3095,0.6905,115,MACET,2026-09-28 11:09:09.665+00,50,f,f
2026-09-28 11:10:00+00,MR-03,Koridor MERR,simulator,17,44,0.3864,0.6136,78,MACET,2026-09-28 11:09:09.665+00,50,f,f
2026-09-28 11:20:00+00,AY-01,Koridor A. Yani,simulator,16,45,0.3556,0.6444,87,MACET,2026-09-28 11:09:09.665+00,650,t,f
2026-09-28 11:20:00+00,AY-02,Koridor A. Yani,simulator,18,54,0.3333,0.6667,80,MACET,2026-09-28 11:09:09.665+00,650,t,f
2026-09-28 11:20:00+00,AY-03,Koridor A. Yani,simulator,17,48,0.3542,0.6458,82,MACET,2026-09-28 11:09:09.665+00,650,t,f
2026-09-28 11:20:00+00,DR-01,Koridor Darmo - Tunjungan,simulator,20,60,0.3333,0.6667,72,MACET,2026-09-28 11:09:09.665+00,650,t,f
2026-09-28 11:20:00+00,DR-02,Koridor Darmo - Tunjungan,simulator,18,51,0.3529,0.6471,78,MACET,2026-09-28 11:09:09.665+00,650,t,f
2026-09-28 11:20:00+00,DR-03,Koridor Darmo - Tunjungan,simulator,14,47,0.2979,0.7021,108,MACET,2026-09-28 11:09:09.665+00,650,t,f
2026-09-28 11:20:00+00,MR-01,Koridor MERR,simulator,17,51,0.3333,0.6667,85,MACET,2026-09-28 11:09:09.665+00,650,t,f
2026-09-28 11:20:00+00,MR-02,Koridor MERR,simulator,13,42,0.3095,0.6905,115,MACET,2026-09-28 11:09:09.665+00,650,t,f
2026-09-28 11:20:00+00,MR-03,Koridor MERR,simulator,17,44,0.3864,0.6136,78,MACET,2026-09-28 11:09:09.665+00,650,t,f
2026-09-28 11:30:00+00,AY-01,Koridor A. Yani,simulator,17,45,0.3778,0.6222,79,MACET,2026-09-28 11:25:35.243+00,265,f,f
2026-09-28 11:30:00+00,AY-02,Koridor A. Yani,simulator,20,54,0.3704,0.6296,68,MACET,2026-09-28 11:25:35.243+00,265,f,f
2026-09-28 11:30:00+00,AY-03,Koridor A. Yani,simulator,21,48,0.4375,0.5625,58,MACET,2026-09-28 11:25:35.243+00,265,f,f
2026-09-28 11:30:00+00,DR-01,Koridor Darmo - Tunjungan,simulator,22,60,0.3667,0.6333,62,MACET,2026-09-28 11:25:35.243+00,265,f,f
2026-09-28 11:30:00+00,DR-02,Koridor Darmo - Tunjungan,simulator,17,51,0.3333,0.6667,85,MACET,2026-09-28 11:25:35.243+00,265,f,f
2026-09-28 11:30:00+00,DR-03,Koridor Darmo - Tunjungan,simulator,17,47,0.3617,0.6383,81,MACET,2026-09-28 11:25:35.243+00,265,f,f
2026-09-28 11:30:00+00,MR-01,Koridor MERR,simulator,18,51,0.3529,0.6471,78,MACET,2026-09-28 11:25:35.243+00,265,f,f
2026-09-28 11:30:00+00,MR-02,Koridor MERR,simulator,18,42,0.4286,0.5714,69,MACET,2026-09-28 11:25:35.243+00,265,f,f
2026-09-28 11:30:00+00,MR-03,Koridor MERR,simulator,18,44,0.4091,0.5909,71,MACET,2026-09-28 11:25:35.243+00,265,f,f
2026-09-28 11:40:00+00,AY-01,Koridor A. Yani,simulator,17,45,0.3778,0.6222,79,MACET,2026-09-28 11:25:35.243+00,865,t,f
2026-09-28 11:40:00+00,AY-02,Koridor A. Yani,simulator,20,54,0.3704,0.6296,68,MACET,2026-09-28 11:25:35.243+00,865,t,f
2026-09-28 11:40:00+00,AY-03,Koridor A. Yani,simulator,21,48,0.4375,0.5625,58,MACET,2026-09-28 11:25:35.243+00,865,t,f
2026-09-28 11:40:00+00,DR-01,Koridor Darmo - Tunjungan,simulator,22,60,0.3667,0.6333,62,MACET,2026-09-28 11:25:35.243+00,865,t,f
2026-09-28 11:40:00+00,DR-02,Koridor Darmo - Tunjungan,simulator,17,51,0.3333,0.6667,85,MACET,2026-09-28 11:25:35.243+00,865,t,f
2026-09-28 11:40:00+00,DR-03,Koridor Darmo - Tunjungan,simulator,17,47,0.3617,0.6383,81,MACET,2026-09-28 11:25:35.243+00,865,t,f
2026-09-28 11:40:00+00,MR-01,Koridor MERR,simulator,18,51,0.3529,0.6471,78,MACET,2026-09-28 11:25:35.243+00,865,t,f
2026-09-28 11:40:00+00,MR-02,Koridor MERR,simulator,18,42,0.4286,0.5714,69,MACET,2026-09-28 11:25:35.243+00,865,t,f
2026-09-28 11:40:00+00,MR-03,Koridor MERR,simulator,18,44,0.4091,0.5909,71,MACET,2026-09-28 11:25:35.243+00,865,t,f
2026-09-28 11:50:00+00,AY-01,Koridor A. Yani,simulator,23,45,0.5111,0.4889,46,PADAT,2026-09-28 11:42:22.214+00,458,f,f
2026-09-28 11:50:00+00,AY-02,Koridor A. Yani,simulator,26,54,0.4815,0.5185,43,MACET,2026-09-28 11:42:22.214+00,458,f,f
2026-09-28 11:50:00+00,AY-03,Koridor A. Yani,simulator,22,48,0.4583,0.5417,53,MACET,2026-09-28 11:42:22.214+00,458,f,f
2026-09-28 11:50:00+00,DR-01,Koridor Darmo - Tunjungan,simulator,25,60,0.4167,0.5833,50,MACET,2026-09-28 11:42:22.214+00,458,f,f
2026-09-28 11:50:00+00,DR-02,Koridor Darmo - Tunjungan,simulator,20,51,0.3922,0.6078,66,MACET,2026-09-28 11:42:22.214+00,458,f,f
2026-09-28 11:50:00+00,DR-03,Koridor Darmo - Tunjungan,simulator,21,47,0.4468,0.5532,57,MACET,2026-09-28 11:42:22.214+00,458,f,f
2026-09-28 11:50:00+00,MR-01,Koridor MERR,simulator,24,51,0.4706,0.5294,48,MACET,2026-09-28 11:42:22.214+00,458,f,f
2026-09-28 11:50:00+00,MR-02,Koridor MERR,simulator,20,42,0.4762,0.5238,57,MACET,2026-09-28 11:42:22.214+00,458,f,f
2026-09-28 11:50:00+00,MR-03,Koridor MERR,simulator,19,44,0.4318,0.5682,65,MACET,2026-09-28 11:42:22.214+00,458,f,f
2026-09-28 12:00:00+00,AY-01,Koridor A. Yani,simulator,24,45,0.5333,0.4667,42,PADAT,2026-09-28 11:58:17.945+00,102,f,f
2026-09-28 12:00:00+00,AY-02,Koridor A. Yani,simulator,32,54,0.5926,0.4074,28,PADAT,2026-09-28 11:58:17.945+00,102,f,f
2026-09-28 12:00:00+00,AY-03,Koridor A. Yani,simulator,29,48,0.6042,0.3958,29,PADAT,2026-09-28 11:58:17.945+00,102,f,f
2026-09-28 12:00:00+00,DR-01,Koridor Darmo - Tunjungan,simulator,33,60,0.55,0.45,29,PADAT,2026-09-28 11:58:17.945+00,102,f,f
2026-09-28 12:00:00+00,DR-02,Koridor Darmo - Tunjungan,simulator,26,51,0.5098,0.4902,41,PADAT,2026-09-28 11:58:17.945+00,102,f,f
2026-09-28 12:00:00+00,DR-03,Koridor Darmo - Tunjungan,simulator,25,47,0.5319,0.4681,40,PADAT,2026-09-28 11:58:17.945+00,102,f,f
2026-09-28 12:00:00+00,MR-01,Koridor MERR,simulator,30,51,0.5882,0.4118,30,PADAT,2026-09-28 11:58:17.945+00,102,f,f
2026-09-28 12:00:00+00,MR-02,Koridor MERR,simulator,20,42,0.4762,0.5238,57,MACET,2026-09-28 11:58:17.945+00,102,f,f
2026-09-28 12:00:00+00,MR-03,Koridor MERR,simulator,21,44,0.4773,0.5227,54,MACET,2026-09-28 11:58:17.945+00,102,f,f
2026-09-28 12:10:00+00,AY-01,Koridor A. Yani,simulator,24,45,0.5333,0.4667,42,PADAT,2026-09-28 11:58:17.945+00,702,t,f
2026-09-28 12:10:00+00,AY-02,Koridor A. Yani,simulator,32,54,0.5926,0.4074,28,PADAT,2026-09-28 11:58:17.945+00,702,t,f
2026-09-28 12:10:00+00,AY-03,Koridor A. Yani,simulator,29,48,0.6042,0.3958,29,PADAT,2026-09-28 11:58:17.945+00,702,t,f
2026-09-28 12:10:00+00,DR-01,Koridor Darmo - Tunjungan,simulator,33,60,0.55,0.45,29,PADAT,2026-09-28 11:58:17.945+00,702,t,f
2026-09-28 12:10:00+00,DR-02,Koridor Darmo - Tunjungan,simulator,26,51,0.5098,0.4902,41,PADAT,2026-09-28 11:58:17.945+00,702,t,f
2026-09-28 12:10:00+00,DR-03,Koridor Darmo - Tunjungan,simulator,25,47,0.5319,0.4681,40,PADAT,2026-09-28 11:58:17.945+00,702,t,f
2026-09-28 12:10:00+00,MR-01,Koridor MERR,simulator,30,51,0.5882,0.4118,30,PADAT,2026-09-28 11:58:17.945+00,702,t,f
2026-09-28 12:10:00+00,MR-02,Koridor MERR,simulator,20,42,0.4762,0.5238,57,MACET,2026-09-28 11:58:17.945+00,702,t,f
2026-09-28 12:10:00+00,MR-03,Koridor MERR,simulator,21,44,0.4773,0.5227,54,MACET,2026-09-28 11:58:17.945+00,702,t,f
2026-09-28 12:20:00+00,AY-01,Koridor A. Yani,simulator,30,45,0.6667,0.3333,24,PADAT,2026-09-28 12:19:55.236+00,5,f,f
2026-09-28 12:20:00+00,AY-02,Koridor A. Yani,simulator,33,54,0.6111,0.3889,25,PADAT,2026-09-28 12:19:55.236+00,5,f,f
2026-09-28 12:20:00+00,AY-03,Koridor A. Yani,simulator,35,48,0.7292,0.2708,17,PADAT,2026-09-28 12:19:55.236+00,5,f,f
2026-09-28 12:20:00+00,DR-01,Koridor Darmo - Tunjungan,simulator,35,60,0.5833,0.4167,26,PADAT,2026-09-28 12:19:55.236+00,5,f,f
2026-09-28 12:20:00+00,DR-02,Koridor Darmo - Tunjungan,simulator,37,51,0.7255,0.2745,16,PADAT,2026-09-28 12:19:55.236+00,5,f,f
2026-09-28 12:20:00+00,DR-03,Koridor Darmo - Tunjungan,simulator,33,47,0.7021,0.2979,19,PADAT,2026-09-28 12:19:55.236+00,5,f,f
2026-09-28 12:20:00+00,MR-01,Koridor MERR,simulator,30,51,0.5882,0.4118,30,PADAT,2026-09-28 12:19:55.236+00,5,f,f
2026-09-28 12:20:00+00,MR-02,Koridor MERR,simulator,25,42,0.5952,0.4048,35,PADAT,2026-09-28 12:19:55.236+00,5,f,f
2026-09-28 12:20:00+00,MR-03,Koridor MERR,simulator,26,44,0.5909,0.4091,34,PADAT,2026-09-28 12:19:55.236+00,5,f,f
2026-09-28 12:30:00+00,AY-01,Koridor A. Yani,simulator,34,45,0.7556,0.2444,16,PADAT,2026-09-28 12:29:55.291+00,5,f,f
2026-09-28 12:30:00+00,AY-02,Koridor A. Yani,simulator,37,54,0.6852,0.3148,18,PADAT,2026-09-28 12:29:55.291+00,5,f,f
2026-09-28 12:30:00+00,AY-03,Koridor A. Yani,simulator,34,48,0.7083,0.2917,19,PADAT,2026-09-28 12:29:55.291+00,5,f,f
2026-09-28 12:30:00+00,DR-01,Koridor Darmo - Tunjungan,simulator,45,60,0.75,0.25,12,PADAT,2026-09-28 12:29:55.291+00,5,f,f
2026-09-28 12:30:00+00,DR-02,Koridor Darmo - Tunjungan,simulator,37,51,0.7255,0.2745,16,PADAT,2026-09-28 12:29:55.291+00,5,f,f
2026-09-28 12:30:00+00,DR-03,Koridor Darmo - Tunjungan,simulator,33,47,0.7021,0.2979,19,PADAT,2026-09-28 12:29:55.291+00,5,f,f
2026-09-28 12:30:00+00,MR-01,Koridor MERR,simulator,34,51,0.6667,0.3333,22,PADAT,2026-09-28 12:29:55.291+00,5,f,f
2026-09-28 12:30:00+00,MR-02,Koridor MERR,simulator,32,42,0.7619,0.2381,17,PADAT,2026-09-28 12:29:55.291+00,5,f,f
2026-09-28 12:30:00+00,MR-03,Koridor MERR,simulator,32,44,0.7273,0.2727,19,PADAT,2026-09-28 12:29:55.291+00,5,f,f
2026-09-28 12:40:00+00,AY-01,Koridor A. Yani,simulator,35,45,0.7778,0.2222,14,PADAT,2026-09-28 12:39:55.24+00,5,f,f
2026-09-28 12:40:00+00,AY-02,Koridor A. Yani,simulator,35,54,0.6481,0.3519,22,PADAT,2026-09-28 12:39:55.24+00,5,f,f
2026-09-28 12:40:00+00,AY-03,Koridor A. Yani,simulator,36,48,0.75,0.25,15,PADAT,2026-09-28 12:39:55.24+00,5,f,f
2026-09-28 12:40:00+00,DR-01,Koridor Darmo - Tunjungan,simulator,45,60,0.75,0.25,12,PADAT,2026-09-28 12:39:55.24+00,5,f,f
2026-09-28 12:40:00+00,DR-02,Koridor Darmo - Tunjungan,simulator,41,51,0.8039,0.1961,11,LANCAR,2026-09-28 12:39:55.24+00,5,f,f
2026-09-28 12:40:00+00,DR-03,Koridor Darmo - Tunjungan,simulator,32,47,0.6809,0.3191,22,PADAT,2026-09-28 12:39:55.24+00,5,f,f
2026-09-28 12:40:00+00,MR-01,Koridor MERR,simulator,39,51,0.7647,0.2353,13,PADAT,2026-09-28 12:39:55.24+00,5,f,f
2026-09-28 12:40:00+00,MR-02,Koridor MERR,simulator,30,42,0.7143,0.2857,21,PADAT,2026-09-28 12:39:55.24+00,5,f,f
2026-09-28 12:40:00+00,MR-03,Koridor MERR,simulator,32,44,0.7273,0.2727,19,PADAT,2026-09-28 12:39:55.24+00,5,f,f
2026-09-28 12:50:00+00,AY-01,Koridor A. Yani,simulator,32,45,0.7111,0.2889,20,PADAT,2026-09-28 12:49:55.244+00,5,f,f
2026-09-28 12:50:00+00,AY-02,Koridor A. Yani,simulator,41,54,0.7593,0.2407,13,PADAT,2026-09-28 12:49:55.244+00,5,f,f
2026-09-28 12:50:00+00,AY-03,Koridor A. Yani,simulator,33,48,0.6875,0.3125,20,PADAT,2026-09-28 12:49:55.244+00,5,f,f
2026-09-28 12:50:00+00,DR-01,Koridor Darmo - Tunjungan,simulator,49,60,0.8167,0.1833,8,LANCAR,2026-09-28 12:49:55.244+00,5,f,f
2026-09-28 12:50:00+00,DR-02,Koridor Darmo - Tunjungan,simulator,41,51,0.8039,0.1961,11,LANCAR,2026-09-28 12:49:55.244+00,5,f,f
2026-09-28 12:50:00+00,DR-03,Koridor Darmo - Tunjungan,simulator,37,47,0.7872,0.2128,12,PADAT,2026-09-28 12:49:55.244+00,5,f,f
2026-09-28 12:50:00+00,MR-01,Koridor MERR,simulator,38,51,0.7451,0.2549,15,PADAT,2026-09-28 12:49:55.244+00,5,f,f
2026-09-28 12:50:00+00,MR-02,Koridor MERR,simulator,33,42,0.7857,0.2143,14,PADAT,2026-09-28 12:49:55.244+00,5,f,f
2026-09-28 12:50:00+00,MR-03,Koridor MERR,simulator,30,44,0.6818,0.3182,23,PADAT,2026-09-28 12:49:55.244+00,5,f,f
2026-09-28 13:00:00+00,AY-01,Koridor A. Yani,simulator,36,45,0.8,0.2,12,LANCAR,2026-09-28 12:59:55.338+00,5,f,f
2026-09-28 13:00:00+00,AY-02,Koridor A. Yani,simulator,39,54,0.7222,0.2778,15,PADAT,2026-09-28 12:59:55.338+00,5,f,f
2026-09-28 13:00:00+00,AY-03,Koridor A. Yani,simulator,38,48,0.7917,0.2083,12,PADAT,2026-09-28 12:59:55.338+00,5,f,f
2026-09-28 13:00:00+00,DR-01,Koridor Darmo - Tunjungan,simulator,50,60,0.8333,0.1667,7,LANCAR,2026-09-28 12:59:55.338+00,5,f,f
2026-09-28 13:00:00+00,DR-02,Koridor Darmo - Tunjungan,simulator,44,51,0.8627,0.1373,7,LANCAR,2026-09-28 12:59:55.338+00,5,f,f
2026-09-28 13:00:00+00,DR-03,Koridor Darmo - Tunjungan,simulator,36,47,0.766,0.234,14,PADAT,2026-09-28 12:59:55.338+00,5,f,f
2026-09-28 13:00:00+00,MR-01,Koridor MERR,simulator,38,51,0.7451,0.2549,15,PADAT,2026-09-28 12:59:55.338+00,5,f,f
2026-09-28 13:00:00+00,MR-02,Koridor MERR,simulator,34,42,0.8095,0.1905,13,LANCAR,2026-09-28 12:59:55.338+00,5,f,f
2026-09-28 13:00:00+00,MR-03,Koridor MERR,simulator,35,44,0.7955,0.2045,13,PADAT,2026-09-28 12:59:55.338+00,5,f,f
2026-09-28 13:10:00+00,AY-01,Koridor A. Yani,simulator,34,45,0.7556,0.2444,16,PADAT,2026-09-28 13:09:55.539+00,4,f,f
2026-09-28 13:10:00+00,AY-02,Koridor A. Yani,simulator,40,54,0.7407,0.2593,14,PADAT,2026-09-28 13:09:55.539+00,4,f,f
2026-09-28 13:10:00+00,AY-03,Koridor A. Yani,simulator,41,48,0.8542,0.1458,8,LANCAR,2026-09-28 13:09:55.539+00,4,f,f
2026-09-28 13:10:00+00,DR-01,Koridor Darmo - Tunjungan,simulator,54,60,0.9,0.1,4,LANCAR,2026-09-28 13:09:55.539+00,4,f,f
2026-09-28 13:10:00+00,DR-02,Koridor Darmo - Tunjungan,simulator,44,51,0.8627,0.1373,7,LANCAR,2026-09-28 13:09:55.539+00,4,f,f
2026-09-28 13:10:00+00,DR-03,Koridor Darmo - Tunjungan,simulator,40,47,0.8511,0.1489,8,LANCAR,2026-09-28 13:09:55.539+00,4,f,f
2026-09-28 13:10:00+00,MR-01,Koridor MERR,simulator,38,51,0.7451,0.2549,15,PADAT,2026-09-28 13:09:55.539+00,4,f,f
2026-09-28 13:10:00+00,MR-02,Koridor MERR,simulator,36,42,0.8571,0.1429,9,LANCAR,2026-09-28 13:09:55.539+00,4,f,f
2026-09-28 13:10:00+00,MR-03,Koridor MERR,simulator,38,44,0.8636,0.1364,8,LANCAR,2026-09-28 13:09:55.539+00,4,f,f
2026-09-28 13:20:00+00,AY-01,Koridor A. Yani,simulator,35,45,0.7778,0.2222,14,PADAT,2026-09-28 13:19:55.638+00,4,f,f
2026-09-28 13:20:00+00,AY-02,Koridor A. Yani,simulator,47,54,0.8704,0.1296,6,LANCAR,2026-09-28 13:19:55.638+00,4,f,f
2026-09-28 13:20:00+00,AY-03,Koridor A. Yani,simulator,43,48,0.8958,0.1042,5,LANCAR,2026-09-28 13:19:55.638+00,4,f,f
2026-09-28 13:20:00+00,DR-01,Koridor Darmo - Tunjungan,simulator,50,60,0.8333,0.1667,7,LANCAR,2026-09-28 13:19:55.638+00,4,f,f
2026-09-28 13:20:00+00,DR-02,Koridor Darmo - Tunjungan,simulator,43,51,0.8431,0.1569,8,LANCAR,2026-09-28 13:19:55.638+00,4,f,f
2026-09-28 13:20:00+00,DR-03,Koridor Darmo - Tunjungan,simulator,39,47,0.8298,0.1702,9,LANCAR,2026-09-28 13:19:55.638+00,4,f,f
2026-09-28 13:20:00+00,MR-01,Koridor MERR,simulator,42,51,0.8235,0.1765,9,LANCAR,2026-09-28 13:19:55.638+00,4,f,f
2026-09-28 13:20:00+00,MR-02,Koridor MERR,simulator,37,42,0.881,0.119,7,LANCAR,2026-09-28 13:19:55.638+00,4,f,f
2026-09-28 13:20:00+00,MR-03,Koridor MERR,simulator,40,44,0.9091,0.0909,5,LANCAR,2026-09-28 13:19:55.638+00,4,f,f
2026-09-28 13:30:00+00,AY-01,Koridor A. Yani,simulator,37,45,0.8222,0.1778,10,LANCAR,2026-09-28 13:29:55.868+00,4,f,f
2026-09-28 13:30:00+00,AY-02,Koridor A. Yani,simulator,50,54,0.9259,0.0741,3,LANCAR,2026-09-28 13:29:55.868+00,4,f,f
2026-09-28 13:30:00+00,AY-03,Koridor A. Yani,simulator,38,48,0.7917,0.2083,12,PADAT,2026-09-28 13:29:55.868+00,4,f,f
2026-09-28 13:30:00+00,DR-01,Koridor Darmo - Tunjungan,simulator,54,60,0.9,0.1,4,LANCAR,2026-09-28 13:29:55.868+00,4,f,f
2026-09-28 13:30:00+00,DR-02,Koridor Darmo - Tunjungan,simulator,43,51,0.8431,0.1569,8,LANCAR,2026-09-28 13:29:55.868+00,4,f,f
2026-09-28 13:30:00+00,DR-03,Koridor Darmo - Tunjungan,simulator,43,47,0.9149,0.0851,4,LANCAR,2026-09-28 13:29:55.868+00,4,f,f
2026-09-28 13:30:00+00,MR-01,Koridor MERR,simulator,41,51,0.8039,0.1961,11,LANCAR,2026-09-28 13:29:55.868+00,4,f,f
2026-09-28 13:30:00+00,MR-02,Koridor MERR,simulator,34,42,0.8095,0.1905,13,LANCAR,2026-09-28 13:29:55.868+00,4,f,f
2026-09-28 13:30:00+00,MR-03,Koridor MERR,simulator,38,44,0.8636,0.1364,8,LANCAR,2026-09-28 13:29:55.868+00,4,f,f
2026-09-28 13:40:00+00,AY-01,Koridor A. Yani,simulator,39,45,0.8667,0.1333,7,LANCAR,2026-09-28 13:39:55.982+00,4,f,f
2026-09-28 13:40:00+00,AY-02,Koridor A. Yani,simulator,51,54,0.9444,0.0556,2,LANCAR,2026-09-28 13:39:55.982+00,4,f,f
2026-09-28 13:40:00+00,AY-03,Koridor A. Yani,simulator,38,48,0.7917,0.2083,12,PADAT,2026-09-28 13:39:55.982+00,4,f,f
2026-09-28 13:40:00+00,DR-01,Koridor Darmo - Tunjungan,simulator,48,60,0.8,0.2,9,LANCAR,2026-09-28 13:39:55.982+00,4,f,f
2026-09-28 13:40:00+00,DR-02,Koridor Darmo - Tunjungan,simulator,44,51,0.8627,0.1373,7,LANCAR,2026-09-28 13:39:55.982+00,4,f,f
2026-09-28 13:40:00+00,DR-03,Koridor Darmo - Tunjungan,simulator,38,47,0.8085,0.1915,11,LANCAR,2026-09-28 13:39:55.982+00,4,f,f
2026-09-28 13:40:00+00,MR-01,Koridor MERR,simulator,40,51,0.7843,0.2157,12,PADAT,2026-09-28 13:39:55.982+00,4,f,f
2026-09-28 13:40:00+00,MR-02,Koridor MERR,simulator,35,42,0.8333,0.1667,11,LANCAR,2026-09-28 13:39:55.982+00,4,f,f
2026-09-28 13:40:00+00,MR-03,Koridor MERR,simulator,39,44,0.8864,0.1136,6,LANCAR,2026-09-28 13:39:55.982+00,4,f,f
2026-09-28 13:50:00+00,AY-01,Koridor A. Yani,simulator,41,45,0.9111,0.0889,5,LANCAR,2026-09-28 13:49:56.072+00,4,f,f
2026-09-28 13:50:00+00,AY-02,Koridor A. Yani,simulator,45,54,0.8333,0.1667,8,LANCAR,2026-09-28 13:49:56.072+00,4,f,f
2026-09-28 13:50:00+00,AY-03,Koridor A. Yani,simulator,43,48,0.8958,0.1042,5,LANCAR,2026-09-28 13:49:56.072+00,4,f,f
2026-09-28 13:50:00+00,DR-01,Koridor Darmo - Tunjungan,simulator,57,60,0.95,0.05,2,LANCAR,2026-09-28 13:49:56.072+00,4,f,f
2026-09-28 13:50:00+00,DR-02,Koridor Darmo - Tunjungan,simulator,41,51,0.8039,0.1961,11,LANCAR,2026-09-28 13:49:56.072+00,4,f,f
2026-09-28 13:50:00+00,DR-03,Koridor Darmo - Tunjungan,simulator,44,47,0.9362,0.0638,3,LANCAR,2026-09-28 13:49:56.072+00,4,f,f
2026-09-28 13:50:00+00,MR-01,Koridor MERR,simulator,46,51,0.902,0.098,5,LANCAR,2026-09-28 13:49:56.072+00,4,f,f
2026-09-28 13:50:00+00,MR-02,Koridor MERR,simulator,40,42,0.9524,0.0476,3,LANCAR,2026-09-28 13:49:56.072+00,4,f,f
2026-09-28 13:50:00+00,MR-03,Koridor MERR,simulator,37,44,0.8409,0.1591,9,LANCAR,2026-09-28 13:49:56.072+00,4,f,f
2026-09-28 14:00:00+00,AY-01,Koridor A. Yani,simulator,42,45,0.9333,0.0667,3,LANCAR,2026-09-28 13:59:56.228+00,4,f,f
2026-09-28 14:00:00+00,AY-02,Koridor A. Yani,simulator,52,54,0.963,0.037,2,LANCAR,2026-09-28 13:59:56.228+00,4,f,f
2026-09-28 14:00:00+00,AY-03,Koridor A. Yani,simulator,39,48,0.8125,0.1875,10,LANCAR,2026-09-28 13:59:56.228+00,4,f,f
2026-09-28 14:00:00+00,DR-01,Koridor Darmo - Tunjungan,simulator,55,60,0.9167,0.0833,3,LANCAR,2026-09-28 13:59:56.228+00,4,f,f
2026-09-28 14:00:00+00,DR-02,Koridor Darmo - Tunjungan,simulator,45,51,0.8824,0.1176,6,LANCAR,2026-09-28 13:59:56.228+00,4,f,f
2026-09-28 14:00:00+00,DR-03,Koridor Darmo - Tunjungan,simulator,42,47,0.8936,0.1064,5,LANCAR,2026-09-28 13:59:56.228+00,4,f,f
2026-09-28 14:00:00+00,MR-01,Koridor MERR,simulator,46,51,0.902,0.098,5,LANCAR,2026-09-28 13:59:56.228+00,4,f,f
2026-09-28 14:00:00+00,MR-02,Koridor MERR,simulator,37,42,0.881,0.119,7,LANCAR,2026-09-28 13:59:56.228+00,4,f,f
2026-09-28 14:00:00+00,MR-03,Koridor MERR,simulator,36,44,0.8182,0.1818,11,LANCAR,2026-09-28 13:59:56.228+00,4,f,f
2026-09-28 14:10:00+00,AY-01,Koridor A. Yani,simulator,39,45,0.8667,0.1333,7,LANCAR,2026-09-28 14:09:56.351+00,4,f,f
2026-09-28 14:10:00+00,AY-02,Koridor A. Yani,simulator,46,54,0.8519,0.1481,7,LANCAR,2026-09-28 14:09:56.351+00,4,f,f
2026-09-28 14:10:00+00,AY-03,Koridor A. Yani,simulator,45,48,0.9375,0.0625,3,LANCAR,2026-09-28 14:09:56.351+00,4,f,f
2026-09-28 14:10:00+00,DR-01,Koridor Darmo - Tunjungan,simulator,49,60,0.8167,0.1833,8,LANCAR,2026-09-28 14:09:56.351+00,4,f,f
2026-09-28 14:10:00+00,DR-02,Koridor Darmo - Tunjungan,simulator,49,51,0.9608,0.0392,2,LANCAR,2026-09-28 14:09:56.351+00,4,f,f
2026-09-28 14:10:00+00,DR-03,Koridor Darmo - Tunjungan,simulator,39,47,0.8298,0.1702,9,LANCAR,2026-09-28 14:09:56.351+00,4,f,f
2026-09-28 14:10:00+00,MR-01,Koridor MERR,simulator,42,51,0.8235,0.1765,9,LANCAR,2026-09-28 14:09:56.351+00,4,f,f
2026-09-28 14:10:00+00,MR-02,Koridor MERR,simulator,39,42,0.9286,0.0714,4,LANCAR,2026-09-28 14:09:56.351+00,4,f,f
2026-09-28 14:10:00+00,MR-03,Koridor MERR,simulator,39,44,0.8864,0.1136,6,LANCAR,2026-09-28 14:09:56.351+00,4,f,f
2026-09-28 14:20:00+00,AY-01,Koridor A. Yani,simulator,37,45,0.8222,0.1778,10,LANCAR,2026-09-28 14:19:56.435+00,4,f,f
2026-09-28 14:20:00+00,AY-02,Koridor A. Yani,simulator,52,54,0.963,0.037,2,LANCAR,2026-09-28 14:19:56.435+00,4,f,f
2026-09-28 14:20:00+00,AY-03,Koridor A. Yani,simulator,46,48,0.9583,0.0417,2,LANCAR,2026-09-28 14:19:56.435+00,4,f,f
2026-09-28 14:20:00+00,DR-01,Koridor Darmo - Tunjungan,simulator,56,60,0.9333,0.0667,3,LANCAR,2026-09-28 14:19:56.435+00,4,f,f
2026-09-28 14:20:00+00,DR-02,Koridor Darmo - Tunjungan,simulator,45,51,0.8824,0.1176,6,LANCAR,2026-09-28 14:19:56.435+00,4,f,f
2026-09-28 14:20:00+00,DR-03,Koridor Darmo - Tunjungan,simulator,45,47,0.9574,0.0426,2,LANCAR,2026-09-28 14:19:56.435+00,4,f,f
2026-09-28 14:20:00+00,MR-01,Koridor MERR,simulator,49,51,0.9608,0.0392,2,LANCAR,2026-09-28 14:19:56.435+00,4,f,f
2026-09-28 14:20:00+00,MR-02,Koridor MERR,simulator,36,42,0.8571,0.1429,9,LANCAR,2026-09-28 14:19:56.435+00,4,f,f
2026-09-28 14:20:00+00,MR-03,Koridor MERR,simulator,41,44,0.9318,0.0682,4,LANCAR,2026-09-28 14:19:56.435+00,4,f,f
2026-09-28 14:30:00+00,AY-01,Koridor A. Yani,simulator,43,45,0.9556,0.0444,2,LANCAR,2026-09-28 14:29:56.506+00,3,f,f
2026-09-28 14:30:00+00,AY-02,Koridor A. Yani,simulator,50,54,0.9259,0.0741,3,LANCAR,2026-09-28 14:29:56.506+00,3,f,f
2026-09-28 14:30:00+00,AY-03,Koridor A. Yani,simulator,39,48,0.8125,0.1875,10,LANCAR,2026-09-28 14:29:56.506+00,3,f,f
2026-09-28 14:30:00+00,DR-01,Koridor Darmo - Tunjungan,simulator,58,60,0.9667,0.0333,1,LANCAR,2026-09-28 14:29:56.506+00,3,f,f
2026-09-28 14:30:00+00,DR-02,Koridor Darmo - Tunjungan,simulator,42,51,0.8235,0.1765,9,LANCAR,2026-09-28 14:29:56.506+00,3,f,f
2026-09-28 14:30:00+00,DR-03,Koridor Darmo - Tunjungan,simulator,44,47,0.9362,0.0638,3,LANCAR,2026-09-28 14:29:56.506+00,3,f,f
2026-09-28 14:30:00+00,MR-01,Koridor MERR,simulator,43,51,0.8431,0.1569,8,LANCAR,2026-09-28 14:29:56.506+00,3,f,f
2026-09-28 14:30:00+00,MR-02,Koridor MERR,simulator,40,42,0.9524,0.0476,3,LANCAR,2026-09-28 14:29:56.506+00,3,f,f
2026-09-28 14:30:00+00,MR-03,Koridor MERR,simulator,37,44,0.8409,0.1591,9,LANCAR,2026-09-28 14:29:56.506+00,3,f,f
2026-09-28 14:40:00+00,AY-01,Koridor A. Yani,simulator,38,45,0.8444,0.1556,9,LANCAR,2026-09-28 14:39:56.626+00,3,f,f
2026-09-28 14:40:00+00,AY-02,Koridor A. Yani,simulator,52,54,0.963,0.037,2,LANCAR,2026-09-28 14:39:56.626+00,3,f,f
2026-09-28 14:40:00+00,AY-03,Koridor A. Yani,simulator,40,48,0.8333,0.1667,9,LANCAR,2026-09-28 14:39:56.626+00,3,f,f
2026-09-28 14:40:00+00,DR-01,Koridor Darmo - Tunjungan,simulator,57,60,0.95,0.05,2,LANCAR,2026-09-28 14:39:56.626+00,3,f,f
2026-09-28 14:40:00+00,DR-02,Koridor Darmo - Tunjungan,simulator,47,51,0.9216,0.0784,4,LANCAR,2026-09-28 14:39:56.626+00,3,f,f
2026-09-28 14:40:00+00,DR-03,Koridor Darmo - Tunjungan,simulator,46,47,0.9787,0.0213,1,LANCAR,2026-09-28 14:39:56.626+00,3,f,f
2026-09-28 14:40:00+00,MR-01,Koridor MERR,simulator,45,51,0.8824,0.1176,6,LANCAR,2026-09-28 14:39:56.626+00,3,f,f
2026-09-28 14:40:00+00,MR-02,Koridor MERR,simulator,38,42,0.9048,0.0952,6,LANCAR,2026-09-28 14:39:56.626+00,3,f,f
2026-09-28 14:40:00+00,MR-03,Koridor MERR,simulator,39,44,0.8864,0.1136,6,LANCAR,2026-09-28 14:39:56.626+00,3,f,f
2026-09-28 14:50:00+00,AY-01,Koridor A. Yani,simulator,43,45,0.9556,0.0444,2,LANCAR,2026-09-28 14:49:56.735+00,3,f,f
2026-09-28 14:50:00+00,AY-02,Koridor A. Yani,simulator,47,54,0.8704,0.1296,6,LANCAR,2026-09-28 14:49:56.735+00,3,f,f
2026-09-28 14:50:00+00,AY-03,Koridor A. Yani,simulator,39,48,0.8125,0.1875,10,LANCAR,2026-09-28 14:49:56.735+00,3,f,f
2026-09-28 14:50:00+00,DR-01,Koridor Darmo - Tunjungan,simulator,55,60,0.9167,0.0833,3,LANCAR,2026-09-28 14:49:56.735+00,3,f,f
2026-09-28 14:50:00+00,DR-02,Koridor Darmo - Tunjungan,simulator,48,51,0.9412,0.0588,3,LANCAR,2026-09-28 14:49:56.735+00,3,f,f
2026-09-28 14:50:00+00,DR-03,Koridor Darmo - Tunjungan,simulator,39,47,0.8298,0.1702,9,LANCAR,2026-09-28 14:49:56.735+00,3,f,f
2026-09-28 14:50:00+00,MR-01,Koridor MERR,simulator,42,51,0.8235,0.1765,9,LANCAR,2026-09-28 14:49:56.735+00,3,f,f
2026-09-28 14:50:00+00,MR-02,Koridor MERR,simulator,38,42,0.9048,0.0952,6,LANCAR,2026-09-28 14:49:56.735+00,3,f,f
2026-09-28 14:50:00+00,MR-03,Koridor MERR,simulator,41,44,0.9318,0.0682,4,LANCAR,2026-09-28 14:49:56.735+00,3,f,f
2026-09-28 15:00:00+00,AY-01,Koridor A. Yani,simulator,42,45,0.9333,0.0667,3,LANCAR,2026-09-28 14:55:56.774+00,243,f,f
2026-09-28 15:00:00+00,AY-02,Koridor A. Yani,simulator,51,54,0.9444,0.0556,2,LANCAR,2026-09-28 14:55:56.774+00,243,f,f
2026-09-28 15:00:00+00,AY-03,Koridor A. Yani,simulator,40,48,0.8333,0.1667,9,LANCAR,2026-09-28 14:55:56.774+00,243,f,f
2026-09-28 15:00:00+00,DR-01,Koridor Darmo - Tunjungan,simulator,53,60,0.8833,0.1167,5,LANCAR,2026-09-28 14:55:56.774+00,243,f,f
2026-09-28 15:00:00+00,DR-02,Koridor Darmo - Tunjungan,simulator,43,51,0.8431,0.1569,8,LANCAR,2026-09-28 14:55:56.774+00,243,f,f
2026-09-28 15:00:00+00,DR-03,Koridor Darmo - Tunjungan,simulator,43,47,0.9149,0.0851,4,LANCAR,2026-09-28 14:55:56.774+00,243,f,f
2026-09-28 15:00:00+00,MR-01,Koridor MERR,simulator,49,51,0.9608,0.0392,2,LANCAR,2026-09-28 14:55:56.774+00,243,f,f
2026-09-28 15:00:00+00,MR-02,Koridor MERR,simulator,38,42,0.9048,0.0952,6,LANCAR,2026-09-28 14:55:56.774+00,243,f,f
2026-09-28 15:00:00+00,MR-03,Koridor MERR,simulator,40,44,0.9091,0.0909,5,LANCAR,2026-09-28 14:55:56.774+00,243,f,f
2026-09-28 15:10:00+00,AY-01,Koridor A. Yani,simulator,42,45,0.9333,0.0667,3,LANCAR,2026-09-28 14:55:56.774+00,843,t,f
2026-09-28 15:10:00+00,AY-02,Koridor A. Yani,simulator,51,54,0.9444,0.0556,2,LANCAR,2026-09-28 14:55:56.774+00,843,t,f
2026-09-28 15:10:00+00,AY-03,Koridor A. Yani,simulator,40,48,0.8333,0.1667,9,LANCAR,2026-09-28 14:55:56.774+00,843,t,f
2026-09-28 15:10:00+00,DR-01,Koridor Darmo - Tunjungan,simulator,53,60,0.8833,0.1167,5,LANCAR,2026-09-28 14:55:56.774+00,843,t,f
2026-09-28 15:10:00+00,DR-02,Koridor Darmo - Tunjungan,simulator,43,51,0.8431,0.1569,8,LANCAR,2026-09-28 14:55:56.774+00,843,t,f
2026-09-28 15:10:00+00,DR-03,Koridor Darmo - Tunjungan,simulator,43,47,0.9149,0.0851,4,LANCAR,2026-09-28 14:55:56.774+00,843,t,f
2026-09-28 15:10:00+00,MR-01,Koridor MERR,simulator,49,51,0.9608,0.0392,2,LANCAR,2026-09-28 14:55:56.774+00,843,t,f
2026-09-28 15:10:00+00,MR-02,Koridor MERR,simulator,38,42,0.9048,0.0952,6,LANCAR,2026-09-28 14:55:56.774+00,843,t,f
2026-09-28 15:10:00+00,MR-03,Koridor MERR,simulator,40,44,0.9091,0.0909,5,LANCAR,2026-09-28 14:55:56.774+00,843,t,f
2026-09-28 15:20:00+00,AY-01,Koridor A. Yani,simulator,42,45,0.9333,0.0667,3,LANCAR,2026-09-28 14:55:56.774+00,1443,t,f
2026-09-28 15:20:00+00,AY-02,Koridor A. Yani,simulator,51,54,0.9444,0.0556,2,LANCAR,2026-09-28 14:55:56.774+00,1443,t,f
2026-09-28 15:20:00+00,AY-03,Koridor A. Yani,simulator,40,48,0.8333,0.1667,9,LANCAR,2026-09-28 14:55:56.774+00,1443,t,f
2026-09-28 15:20:00+00,DR-01,Koridor Darmo - Tunjungan,simulator,53,60,0.8833,0.1167,5,LANCAR,2026-09-28 14:55:56.774+00,1443,t,f
2026-09-28 15:20:00+00,DR-02,Koridor Darmo - Tunjungan,simulator,43,51,0.8431,0.1569,8,LANCAR,2026-09-28 14:55:56.774+00,1443,t,f
2026-09-28 15:20:00+00,DR-03,Koridor Darmo - Tunjungan,simulator,43,47,0.9149,0.0851,4,LANCAR,2026-09-28 14:55:56.774+00,1443,t,f
2026-09-28 15:20:00+00,MR-01,Koridor MERR,simulator,49,51,0.9608,0.0392,2,LANCAR,2026-09-28 14:55:56.774+00,1443,t,f
2026-09-28 15:20:00+00,MR-02,Koridor MERR,simulator,38,42,0.9048,0.0952,6,LANCAR,2026-09-28 14:55:56.774+00,1443,t,f
2026-09-28 15:20:00+00,MR-03,Koridor MERR,simulator,40,44,0.9091,0.0909,5,LANCAR,2026-09-28 14:55:56.774+00,1443,t,f
2026-09-28 15:30:00+00,AY-01,Koridor A. Yani,,,,,,,,,,,t
2026-09-28 15:30:00+00,AY-02,Koridor A. Yani,,,,,,,,,,,t
2026-09-28 15:30:00+00,AY-03,Koridor A. Yani,,,,,,,,,,,t
2026-09-28 15:30:00+00,DR-01,Koridor Darmo - Tunjungan,,,,,,,,,,,t
2026-09-28 15:30:00+00,DR-02,Koridor Darmo - Tunjungan,,,,,,,,,,,t
2026-09-28 15:30:00+00,DR-03,Koridor Darmo - Tunjungan,,,,,,,,,,,t
2026-09-28 15:30:00+00,MR-01,Koridor MERR,,,,,,,,,,,t
2026-09-28 15:30:00+00,MR-02,Koridor MERR,,,,,,,,,,,t
2026-09-28 15:30:00+00,MR-03,Koridor MERR,,,,,,,,,,,t
2026-09-28 15:40:00+00,AY-01,Koridor A. Yani,,,,,,,,,,,t
2026-09-28 15:40:00+00,AY-02,Koridor A. Yani,,,,,,,,,,,t
2026-09-28 15:40:00+00,AY-03,Koridor A. Yani,,,,,,,,,,,t
2026-09-28 15:40:00+00,DR-01,Koridor Darmo - Tunjungan,,,,,,,,,,,t
2026-09-28 15:40:00+00,DR-02,Koridor Darmo - Tunjungan,,,,,,,,,,,t
2026-09-28 15:40:00+00,DR-03,Koridor Darmo - Tunjungan,,,,,,,,,,,t
2026-09-28 15:40:00+00,MR-01,Koridor MERR,,,,,,,,,,,t
2026-09-28 15:40:00+00,MR-02,Koridor MERR,,,,,,,,,,,t
2026-09-28 15:40:00+00,MR-03,Koridor MERR,,,,,,,,,,,t
2026-09-28 15:50:00+00,AY-01,Koridor A. Yani,,,,,,,,,,,t
2026-09-28 15:50:00+00,AY-02,Koridor A. Yani,,,,,,,,,,,t
2026-09-28 15:50:00+00,AY-03,Koridor A. Yani,,,,,,,,,,,t
2026-09-28 15:50:00+00,DR-01,Koridor Darmo - Tunjungan,,,,,,,,,,,t
2026-09-28 15:50:00+00,DR-02,Koridor Darmo - Tunjungan,,,,,,,,,,,t
2026-09-28 15:50:00+00,DR-03,Koridor Darmo - Tunjungan,,,,,,,,,,,t
2026-09-28 15:50:00+00,MR-01,Koridor MERR,,,,,,,,,,,t
2026-09-28 15:50:00+00,MR-02,Koridor MERR,,,,,,,,,,,t
2026-09-28 15:50:00+00,MR-03,Koridor MERR,,,,,,,,,,,t
2026-09-28 16:00:00+00,AY-01,Koridor A. Yani,,,,,,,,,,,t
2026-09-28 16:00:00+00,AY-02,Koridor A. Yani,,,,,,,,,,,t
2026-09-28 16:00:00+00,AY-03,Koridor A. Yani,,,,,,,,,,,t
2026-09-28 16:00:00+00,DR-01,Koridor Darmo - Tunjungan,,,,,,,,,,,t
2026-09-28 16:00:00+00,DR-02,Koridor Darmo - Tunjungan,,,,,,,,,,,t
2026-09-28 16:00:00+00,DR-03,Koridor Darmo - Tunjungan,,,,,,,,,,,t
2026-09-28 16:00:00+00,MR-01,Koridor MERR,,,,,,,,,,,t
2026-09-28 16:00:00+00,MR-02,Koridor MERR,,,,,,,,,,,t
2026-09-28 16:00:00+00,MR-03,Koridor MERR,,,,,,,,,,,t
2026-09-28 16:10:00+00,AY-01,Koridor A. Yani,,,,,,,,,,,t
2026-09-28 16:10:00+00,AY-02,Koridor A. Yani,,,,,,,,,,,t
2026-09-28 16:10:00+00,AY-03,Koridor A. Yani,,,,,,,,,,,t
2026-09-28 16:10:00+00,DR-01,Koridor Darmo - Tunjungan,,,,,,,,,,,t
2026-09-28 16:10:00+00,DR-02,Koridor Darmo - Tunjungan,,,,,,,,,,,t
2026-09-28 16:10:00+00,DR-03,Koridor Darmo - Tunjungan,,,,,,,,,,,t
2026-09-28 16:10:00+00,MR-01,Koridor MERR,,,,,,,,,,,t
2026-09-28 16:10:00+00,MR-02,Koridor MERR,,,,,,,,,,,t
2026-09-28 16:10:00+00,MR-03,Koridor MERR,,,,,,,,,,,t
2026-09-28 16:20:00+00,AY-01,Koridor A. Yani,,,,,,,,,,,t
2026-09-28 16:20:00+00,AY-02,Koridor A. Yani,,,,,,,,,,,t
2026-09-28 16:20:00+00,AY-03,Koridor A. Yani,,,,,,,,,,,t
2026-09-28 16:20:00+00,DR-01,Koridor Darmo - Tunjungan,,,,,,,,,,,t
2026-09-28 16:20:00+00,DR-02,Koridor Darmo - Tunjungan,,,,,,,,,,,t
2026-09-28 16:20:00+00,DR-03,Koridor Darmo - Tunjungan,,,,,,,,,,,t
2026-09-28 16:20:00+00,MR-01,Koridor MERR,,,,,,,,,,,t
2026-09-28 16:20:00+00,MR-02,Koridor MERR,,,,,,,,,,,t
2026-09-28 16:20:00+00,MR-03,Koridor MERR,,,,,,,,,,,t
2026-09-28 16:30:00+00,AY-01,Koridor A. Yani,,,,,,,,,,,t
2026-09-28 16:30:00+00,AY-02,Koridor A. Yani,,,,,,,,,,,t
2026-09-28 16:30:00+00,AY-03,Koridor A. Yani,,,,,,,,,,,t
2026-09-28 16:30:00+00,DR-01,Koridor Darmo - Tunjungan,,,,,,,,,,,t
2026-09-28 16:30:00+00,DR-02,Koridor Darmo - Tunjungan,,,,,,,,,,,t
2026-09-28 16:30:00+00,DR-03,Koridor Darmo - Tunjungan,,,,,,,,,,,t
2026-09-28 16:30:00+00,MR-01,Koridor MERR,,,,,,,,,,,t
2026-09-28 16:30:00+00,MR-02,Koridor MERR,,,,,,,,,,,t
2026-09-28 16:30:00+00,MR-03,Koridor MERR,,,,,,,,,,,t
2026-09-28 16:40:00+00,AY-01,Koridor A. Yani,,,,,,,,,,,t
2026-09-28 16:40:00+00,AY-02,Koridor A. Yani,,,,,,,,,,,t
2026-09-28 16:40:00+00,AY-03,Koridor A. Yani,,,,,,,,,,,t
2026-09-28 16:40:00+00,DR-01,Koridor Darmo - Tunjungan,,,,,,,,,,,t
2026-09-28 16:40:00+00,DR-02,Koridor Darmo - Tunjungan,,,,,,,,,,,t
2026-09-28 16:40:00+00,DR-03,Koridor Darmo - Tunjungan,,,,,,,,,,,t
2026-09-28 16:40:00+00,MR-01,Koridor MERR,,,,,,,,,,,t
2026-09-28 16:40:00+00,MR-02,Koridor MERR,,,,,,,,,,,t
2026-09-28 16:40:00+00,MR-03,Koridor MERR,,,,,,,,,,,t
2026-09-28 16:50:00+00,AY-01,Koridor A. Yani,,,,,,,,,,,t
2026-09-28 16:50:00+00,AY-02,Koridor A. Yani,,,,,,,,,,,t
2026-09-28 16:50:00+00,AY-03,Koridor A. Yani,,,,,,,,,,,t
2026-09-28 16:50:00+00,DR-01,Koridor Darmo - Tunjungan,,,,,,,,,,,t
2026-09-28 16:50:00+00,DR-02,Koridor Darmo - Tunjungan,,,,,,,,,,,t
2026-09-28 16:50:00+00,DR-03,Koridor Darmo - Tunjungan,,,,,,,,,,,t
2026-09-28 16:50:00+00,MR-01,Koridor MERR,,,,,,,,,,,t
2026-09-28 16:50:00+00,MR-02,Koridor MERR,,,,,,,,,,,t
2026-09-28 16:50:00+00,MR-03,Koridor MERR,,,,,,,,,,,t
2026-09-28 17:00:00+00,AY-01,Koridor A. Yani,,,,,,,,,,,t
2026-09-28 17:00:00+00,AY-02,Koridor A. Yani,,,,,,,,,,,t
2026-09-28 17:00:00+00,AY-03,Koridor A. Yani,,,,,,,,,,,t
2026-09-28 17:00:00+00,DR-01,Koridor Darmo - Tunjungan,,,,,,,,,,,t
2026-09-28 17:00:00+00,DR-02,Koridor Darmo - Tunjungan,,,,,,,,,,,t
2026-09-28 17:00:00+00,DR-03,Koridor Darmo - Tunjungan,,,,,,,,,,,t
2026-09-28 17:00:00+00,MR-01,Koridor MERR,,,,,,,,,,,t
2026-09-28 17:00:00+00,MR-02,Koridor MERR,,,,,,,,,,,t
2026-09-28 17:00:00+00,MR-03,Koridor MERR,,,,,,,,,,,t
2026-09-28 17:10:00+00,AY-01,Koridor A. Yani,,,,,,,,,,,t
2026-09-28 17:10:00+00,AY-02,Koridor A. Yani,,,,,,,,,,,t
2026-09-28 17:10:00+00,AY-03,Koridor A. Yani,,,,,,,,,,,t
2026-09-28 17:10:00+00,DR-01,Koridor Darmo - Tunjungan,,,,,,,,,,,t
2026-09-28 17:10:00+00,DR-02,Koridor Darmo - Tunjungan,,,,,,,,,,,t
2026-09-28 17:10:00+00,DR-03,Koridor Darmo - Tunjungan,,,,,,,,,,,t
2026-09-28 17:10:00+00,MR-01,Koridor MERR,,,,,,,,,,,t
2026-09-28 17:10:00+00,MR-02,Koridor MERR,,,,,,,,,,,t
2026-09-28 17:10:00+00,MR-03,Koridor MERR,,,,,,,,,,,t
2026-09-28 17:20:00+00,AY-01,Koridor A. Yani,,,,,,,,,,,t
2026-09-28 17:20:00+00,AY-02,Koridor A. Yani,,,,,,,,,,,t
2026-09-28 17:20:00+00,AY-03,Koridor A. Yani,,,,,,,,,,,t
2026-09-28 17:20:00+00,DR-01,Koridor Darmo - Tunjungan,,,,,,,,,,,t
2026-09-28 17:20:00+00,DR-02,Koridor Darmo - Tunjungan,,,,,,,,,,,t
2026-09-28 17:20:00+00,DR-03,Koridor Darmo - Tunjungan,,,,,,,,,,,t
2026-09-28 17:20:00+00,MR-01,Koridor MERR,,,,,,,,,,,t
2026-09-28 17:20:00+00,MR-02,Koridor MERR,,,,,,,,,,,t
2026-09-28 17:20:00+00,MR-03,Koridor MERR,,,,,,,,,,,t
2026-09-28 17:30:00+00,AY-01,Koridor A. Yani,,,,,,,,,,,t
2026-09-28 17:30:00+00,AY-02,Koridor A. Yani,,,,,,,,,,,t
2026-09-28 17:30:00+00,AY-03,Koridor A. Yani,,,,,,,,,,,t
2026-09-28 17:30:00+00,DR-01,Koridor Darmo - Tunjungan,,,,,,,,,,,t
2026-09-28 17:30:00+00,DR-02,Koridor Darmo - Tunjungan,,,,,,,,,,,t
2026-09-28 17:30:00+00,DR-03,Koridor Darmo - Tunjungan,,,,,,,,,,,t
2026-09-28 17:30:00+00,MR-01,Koridor MERR,,,,,,,,,,,t
2026-09-28 17:30:00+00,MR-02,Koridor MERR,,,,,,,,,,,t
2026-09-28 17:30:00+00,MR-03,Koridor MERR,,,,,,,,,,,t
2026-09-28 17:40:00+00,AY-01,Koridor A. Yani,,,,,,,,,,,t
2026-09-28 17:40:00+00,AY-02,Koridor A. Yani,,,,,,,,,,,t
2026-09-28 17:40:00+00,AY-03,Koridor A. Yani,,,,,,,,,,,t
2026-09-28 17:40:00+00,DR-01,Koridor Darmo - Tunjungan,,,,,,,,,,,t
2026-09-28 17:40:00+00,DR-02,Koridor Darmo - Tunjungan,,,,,,,,,,,t
2026-09-28 17:40:00+00,DR-03,Koridor Darmo - Tunjungan,,,,,,,,,,,t
2026-09-28 17:40:00+00,MR-01,Koridor MERR,,,,,,,,,,,t
2026-09-28 17:40:00+00,MR-02,Koridor MERR,,,,,,,,,,,t
2026-09-28 17:40:00+00,MR-03,Koridor MERR,,,,,,,,,,,t
2026-09-28 17:50:00+00,AY-01,Koridor A. Yani,,,,,,,,,,,t
2026-09-28 17:50:00+00,AY-02,Koridor A. Yani,,,,,,,,,,,t
2026-09-28 17:50:00+00,AY-03,Koridor A. Yani,,,,,,,,,,,t
2026-09-28 17:50:00+00,DR-01,Koridor Darmo - Tunjungan,,,,,,,,,,,t
2026-09-28 17:50:00+00,DR-02,Koridor Darmo - Tunjungan,,,,,,,,,,,t
2026-09-28 17:50:00+00,DR-03,Koridor Darmo - Tunjungan,,,,,,,,,,,t
2026-09-28 17:50:00+00,MR-01,Koridor MERR,,,,,,,,,,,t
2026-09-28 17:50:00+00,MR-02,Koridor MERR,,,,,,,,,,,t
2026-09-28 17:50:00+00,MR-03,Koridor MERR,,,,,,,,,,,t
2026-09-28 18:00:00+00,AY-01,Koridor A. Yani,,,,,,,,,,,t
2026-09-28 18:00:00+00,AY-02,Koridor A. Yani,,,,,,,,,,,t
2026-09-28 18:00:00+00,AY-03,Koridor A. Yani,,,,,,,,,,,t
2026-09-28 18:00:00+00,DR-01,Koridor Darmo - Tunjungan,,,,,,,,,,,t
2026-09-28 18:00:00+00,DR-02,Koridor Darmo - Tunjungan,,,,,,,,,,,t
2026-09-28 18:00:00+00,DR-03,Koridor Darmo - Tunjungan,,,,,,,,,,,t
2026-09-28 18:00:00+00,MR-01,Koridor MERR,,,,,,,,,,,t
2026-09-28 18:00:00+00,MR-02,Koridor MERR,,,,,,,,,,,t
2026-09-28 18:00:00+00,MR-03,Koridor MERR,,,,,,,,,,,t
2026-09-28 18:10:00+00,AY-01,Koridor A. Yani,,,,,,,,,,,t
2026-09-28 18:10:00+00,AY-02,Koridor A. Yani,,,,,,,,,,,t
2026-09-28 18:10:00+00,AY-03,Koridor A. Yani,,,,,,,,,,,t
2026-09-28 18:10:00+00,DR-01,Koridor Darmo - Tunjungan,,,,,,,,,,,t
2026-09-28 18:10:00+00,DR-02,Koridor Darmo - Tunjungan,,,,,,,,,,,t
2026-09-28 18:10:00+00,DR-03,Koridor Darmo - Tunjungan,,,,,,,,,,,t
2026-09-28 18:10:00+00,MR-01,Koridor MERR,,,,,,,,,,,t
2026-09-28 18:10:00+00,MR-02,Koridor MERR,,,,,,,,,,,t
2026-09-28 18:10:00+00,MR-03,Koridor MERR,,,,,,,,,,,t
2026-09-28 18:20:00+00,AY-01,Koridor A. Yani,,,,,,,,,,,t
2026-09-28 18:20:00+00,AY-02,Koridor A. Yani,,,,,,,,,,,t
2026-09-28 18:20:00+00,AY-03,Koridor A. Yani,,,,,,,,,,,t
2026-09-28 18:20:00+00,DR-01,Koridor Darmo - Tunjungan,,,,,,,,,,,t
2026-09-28 18:20:00+00,DR-02,Koridor Darmo - Tunjungan,,,,,,,,,,,t
2026-09-28 18:20:00+00,DR-03,Koridor Darmo - Tunjungan,,,,,,,,,,,t
2026-09-28 18:20:00+00,MR-01,Koridor MERR,,,,,,,,,,,t
2026-09-28 18:20:00+00,MR-02,Koridor MERR,,,,,,,,,,,t
2026-09-28 18:20:00+00,MR-03,Koridor MERR,,,,,,,,,,,t
2026-09-28 18:30:00+00,AY-01,Koridor A. Yani,,,,,,,,,,,t
2026-09-28 18:30:00+00,AY-02,Koridor A. Yani,,,,,,,,,,,t
2026-09-28 18:30:00+00,AY-03,Koridor A. Yani,,,,,,,,,,,t
2026-09-28 18:30:00+00,DR-01,Koridor Darmo - Tunjungan,,,,,,,,,,,t
2026-09-28 18:30:00+00,DR-02,Koridor Darmo - Tunjungan,,,,,,,,,,,t
2026-09-28 18:30:00+00,DR-03,Koridor Darmo - Tunjungan,,,,,,,,,,,t
2026-09-28 18:30:00+00,MR-01,Koridor MERR,,,,,,,,,,,t
2026-09-28 18:30:00+00,MR-02,Koridor MERR,,,,,,,,,,,t
2026-09-28 18:30:00+00,MR-03,Koridor MERR,,,,,,,,,,,t
2026-09-28 18:40:00+00,AY-01,Koridor A. Yani,,,,,,,,,,,t
2026-09-28 18:40:00+00,AY-02,Koridor A. Yani,,,,,,,,,,,t
2026-09-28 18:40:00+00,AY-03,Koridor A. Yani,,,,,,,,,,,t
2026-09-28 18:40:00+00,DR-01,Koridor Darmo - Tunjungan,,,,,,,,,,,t
2026-09-28 18:40:00+00,DR-02,Koridor Darmo - Tunjungan,,,,,,,,,,,t
2026-09-28 18:40:00+00,DR-03,Koridor Darmo - Tunjungan,,,,,,,,,,,t
2026-09-28 18:40:00+00,MR-01,Koridor MERR,,,,,,,,,,,t
2026-09-28 18:40:00+00,MR-02,Koridor MERR,,,,,,,,,,,t
2026-09-28 18:40:00+00,MR-03,Koridor MERR,,,,,,,,,,,t
2026-09-28 18:50:00+00,AY-01,Koridor A. Yani,,,,,,,,,,,t
2026-09-28 18:50:00+00,AY-02,Koridor A. Yani,,,,,,,,,,,t
2026-09-28 18:50:00+00,AY-03,Koridor A. Yani,,,,,,,,,,,t
2026-09-28 18:50:00+00,DR-01,Koridor Darmo - Tunjungan,,,,,,,,,,,t
2026-09-28 18:50:00+00,DR-02,Koridor Darmo - Tunjungan,,,,,,,,,,,t
2026-09-28 18:50:00+00,DR-03,Koridor Darmo - Tunjungan,,,,,,,,,,,t
2026-09-28 18:50:00+00,MR-01,Koridor MERR,,,,,,,,,,,t
2026-09-28 18:50:00+00,MR-02,Koridor MERR,,,,,,,,,,,t
2026-09-28 18:50:00+00,MR-03,Koridor MERR,,,,,,,,,,,t
2026-09-28 19:00:00+00,AY-01,Koridor A. Yani,,,,,,,,,,,t
2026-09-28 19:00:00+00,AY-02,Koridor A. Yani,,,,,,,,,,,t
2026-09-28 19:00:00+00,AY-03,Koridor A. Yani,,,,,,,,,,,t
2026-09-28 19:00:00+00,DR-01,Koridor Darmo - Tunjungan,,,,,,,,,,,t
2026-09-28 19:00:00+00,DR-02,Koridor Darmo - Tunjungan,,,,,,,,,,,t
2026-09-28 19:00:00+00,DR-03,Koridor Darmo - Tunjungan,,,,,,,,,,,t
2026-09-28 19:00:00+00,MR-01,Koridor MERR,,,,,,,,,,,t
2026-09-28 19:00:00+00,MR-02,Koridor MERR,,,,,,,,,,,t
2026-09-28 19:00:00+00,MR-03,Koridor MERR,,,,,,,,,,,t
2026-09-28 19:10:00+00,AY-01,Koridor A. Yani,,,,,,,,,,,t
2026-09-28 19:10:00+00,AY-02,Koridor A. Yani,,,,,,,,,,,t
2026-09-28 19:10:00+00,AY-03,Koridor A. Yani,,,,,,,,,,,t
2026-09-28 19:10:00+00,DR-01,Koridor Darmo - Tunjungan,,,,,,,,,,,t
2026-09-28 19:10:00+00,DR-02,Koridor Darmo - Tunjungan,,,,,,,,,,,t
2026-09-28 19:10:00+00,DR-03,Koridor Darmo - Tunjungan,,,,,,,,,,,t
2026-09-28 19:10:00+00,MR-01,Koridor MERR,,,,,,,,,,,t
2026-09-28 19:10:00+00,MR-02,Koridor MERR,,,,,,,,,,,t
2026-09-28 19:10:00+00,MR-03,Koridor MERR,,,,,,,,,,,t
2026-09-28 19:20:00+00,AY-01,Koridor A. Yani,,,,,,,,,,,t
2026-09-28 19:20:00+00,AY-02,Koridor A. Yani,,,,,,,,,,,t
2026-09-28 19:20:00+00,AY-03,Koridor A. Yani,,,,,,,,,,,t
2026-09-28 19:20:00+00,DR-01,Koridor Darmo - Tunjungan,,,,,,,,,,,t
2026-09-28 19:20:00+00,DR-02,Koridor Darmo - Tunjungan,,,,,,,,,,,t
2026-09-28 19:20:00+00,DR-03,Koridor Darmo - Tunjungan,,,,,,,,,,,t
2026-09-28 19:20:00+00,MR-01,Koridor MERR,,,,,,,,,,,t
2026-09-28 19:20:00+00,MR-02,Koridor MERR,,,,,,,,,,,t
2026-09-28 19:20:00+00,MR-03,Koridor MERR,,,,,,,,,,,t
2026-09-28 19:30:00+00,AY-01,Koridor A. Yani,,,,,,,,,,,t
2026-09-28 19:30:00+00,AY-02,Koridor A. Yani,,,,,,,,,,,t
2026-09-28 19:30:00+00,AY-03,Koridor A. Yani,,,,,,,,,,,t
2026-09-28 19:30:00+00,DR-01,Koridor Darmo - Tunjungan,,,,,,,,,,,t
2026-09-28 19:30:00+00,DR-02,Koridor Darmo - Tunjungan,,,,,,,,,,,t
2026-09-28 19:30:00+00,DR-03,Koridor Darmo - Tunjungan,,,,,,,,,,,t
2026-09-28 19:30:00+00,MR-01,Koridor MERR,,,,,,,,,,,t
2026-09-28 19:30:00+00,MR-02,Koridor MERR,,,,,,,,,,,t
2026-09-28 19:30:00+00,MR-03,Koridor MERR,,,,,,,,,,,t
2026-09-28 19:40:00+00,AY-01,Koridor A. Yani,,,,,,,,,,,t
2026-09-28 19:40:00+00,AY-02,Koridor A. Yani,,,,,,,,,,,t
2026-09-28 19:40:00+00,AY-03,Koridor A. Yani,,,,,,,,,,,t
2026-09-28 19:40:00+00,DR-01,Koridor Darmo - Tunjungan,,,,,,,,,,,t
2026-09-28 19:40:00+00,DR-02,Koridor Darmo - Tunjungan,,,,,,,,,,,t
2026-09-28 19:40:00+00,DR-03,Koridor Darmo - Tunjungan,,,,,,,,,,,t
2026-09-28 19:40:00+00,MR-01,Koridor MERR,,,,,,,,,,,t
2026-09-28 19:40:00+00,MR-02,Koridor MERR,,,,,,,,,,,t
2026-09-28 19:40:00+00,MR-03,Koridor MERR,,,,,,,,,,,t
2026-09-28 19:50:00+00,AY-01,Koridor A. Yani,,,,,,,,,,,t
2026-09-28 19:50:00+00,AY-02,Koridor A. Yani,,,,,,,,,,,t
2026-09-28 19:50:00+00,AY-03,Koridor A. Yani,,,,,,,,,,,t
2026-09-28 19:50:00+00,DR-01,Koridor Darmo - Tunjungan,,,,,,,,,,,t
2026-09-28 19:50:00+00,DR-02,Koridor Darmo - Tunjungan,,,,,,,,,,,t
2026-09-28 19:50:00+00,DR-03,Koridor Darmo - Tunjungan,,,,,,,,,,,t
2026-09-28 19:50:00+00,MR-01,Koridor MERR,,,,,,,,,,,t
2026-09-28 19:50:00+00,MR-02,Koridor MERR,,,,,,,,,,,t
2026-09-28 19:50:00+00,MR-03,Koridor MERR,,,,,,,,,,,t
2026-09-28 20:00:00+00,AY-01,Koridor A. Yani,,,,,,,,,,,t
2026-09-28 20:00:00+00,AY-02,Koridor A. Yani,,,,,,,,,,,t
2026-09-28 20:00:00+00,AY-03,Koridor A. Yani,,,,,,,,,,,t
2026-09-28 20:00:00+00,DR-01,Koridor Darmo - Tunjungan,,,,,,,,,,,t
2026-09-28 20:00:00+00,DR-02,Koridor Darmo - Tunjungan,,,,,,,,,,,t
2026-09-28 20:00:00+00,DR-03,Koridor Darmo - Tunjungan,,,,,,,,,,,t
2026-09-28 20:00:00+00,MR-01,Koridor MERR,,,,,,,,,,,t
2026-09-28 20:00:00+00,MR-02,Koridor MERR,,,,,,,,,,,t
2026-09-28 20:00:00+00,MR-03,Koridor MERR,,,,,,,,,,,t
2026-09-28 20:10:00+00,AY-01,Koridor A. Yani,,,,,,,,,,,t
2026-09-28 20:10:00+00,AY-02,Koridor A. Yani,,,,,,,,,,,t
2026-09-28 20:10:00+00,AY-03,Koridor A. Yani,,,,,,,,,,,t
2026-09-28 20:10:00+00,DR-01,Koridor Darmo - Tunjungan,,,,,,,,,,,t
2026-09-28 20:10:00+00,DR-02,Koridor Darmo - Tunjungan,,,,,,,,,,,t
2026-09-28 20:10:00+00,DR-03,Koridor Darmo - Tunjungan,,,,,,,,,,,t
2026-09-28 20:10:00+00,MR-01,Koridor MERR,,,,,,,,,,,t
2026-09-28 20:10:00+00,MR-02,Koridor MERR,,,,,,,,,,,t
2026-09-28 20:10:00+00,MR-03,Koridor MERR,,,,,,,,,,,t
2026-09-28 20:20:00+00,AY-01,Koridor A. Yani,,,,,,,,,,,t
2026-09-28 20:20:00+00,AY-02,Koridor A. Yani,,,,,,,,,,,t
2026-09-28 20:20:00+00,AY-03,Koridor A. Yani,,,,,,,,,,,t
2026-09-28 20:20:00+00,DR-01,Koridor Darmo - Tunjungan,,,,,,,,,,,t
2026-09-28 20:20:00+00,DR-02,Koridor Darmo - Tunjungan,,,,,,,,,,,t
2026-09-28 20:20:00+00,DR-03,Koridor Darmo - Tunjungan,,,,,,,,,,,t
2026-09-28 20:20:00+00,MR-01,Koridor MERR,,,,,,,,,,,t
2026-09-28 20:20:00+00,MR-02,Koridor MERR,,,,,,,,,,,t
2026-09-28 20:20:00+00,MR-03,Koridor MERR,,,,,,,,,,,t
2026-09-28 20:30:00+00,AY-01,Koridor A. Yani,,,,,,,,,,,t
2026-09-28 20:30:00+00,AY-02,Koridor A. Yani,,,,,,,,,,,t
2026-09-28 20:30:00+00,AY-03,Koridor A. Yani,,,,,,,,,,,t
2026-09-28 20:30:00+00,DR-01,Koridor Darmo - Tunjungan,,,,,,,,,,,t
2026-09-28 20:30:00+00,DR-02,Koridor Darmo - Tunjungan,,,,,,,,,,,t
2026-09-28 20:30:00+00,DR-03,Koridor Darmo - Tunjungan,,,,,,,,,,,t
2026-09-28 20:30:00+00,MR-01,Koridor MERR,,,,,,,,,,,t
2026-09-28 20:30:00+00,MR-02,Koridor MERR,,,,,,,,,,,t
2026-09-28 20:30:00+00,MR-03,Koridor MERR,,,,,,,,,,,t
2026-09-28 20:40:00+00,AY-01,Koridor A. Yani,,,,,,,,,,,t
2026-09-28 20:40:00+00,AY-02,Koridor A. Yani,,,,,,,,,,,t
2026-09-28 20:40:00+00,AY-03,Koridor A. Yani,,,,,,,,,,,t
2026-09-28 20:40:00+00,DR-01,Koridor Darmo - Tunjungan,,,,,,,,,,,t
2026-09-28 20:40:00+00,DR-02,Koridor Darmo - Tunjungan,,,,,,,,,,,t
2026-09-28 20:40:00+00,DR-03,Koridor Darmo - Tunjungan,,,,,,,,,,,t
2026-09-28 20:40:00+00,MR-01,Koridor MERR,,,,,,,,,,,t
2026-09-28 20:40:00+00,MR-02,Koridor MERR,,,,,,,,,,,t
2026-09-28 20:40:00+00,MR-03,Koridor MERR,,,,,,,,,,,t
2026-09-28 20:50:00+00,AY-01,Koridor A. Yani,,,,,,,,,,,t
2026-09-28 20:50:00+00,AY-02,Koridor A. Yani,,,,,,,,,,,t
2026-09-28 20:50:00+00,AY-03,Koridor A. Yani,,,,,,,,,,,t
2026-09-28 20:50:00+00,DR-01,Koridor Darmo - Tunjungan,,,,,,,,,,,t
2026-09-28 20:50:00+00,DR-02,Koridor Darmo - Tunjungan,,,,,,,,,,,t
2026-09-28 20:50:00+00,DR-03,Koridor Darmo - Tunjungan,,,,,,,,,,,t
2026-09-28 20:50:00+00,MR-01,Koridor MERR,,,,,,,,,,,t
2026-09-28 20:50:00+00,MR-02,Koridor MERR,,,,,,,,,,,t
2026-09-28 20:50:00+00,MR-03,Koridor MERR,,,,,,,,,,,t
2026-09-28 21:00:00+00,AY-01,Koridor A. Yani,,,,,,,,,,,t
2026-09-28 21:00:00+00,AY-02,Koridor A. Yani,,,,,,,,,,,t
2026-09-28 21:00:00+00,AY-03,Koridor A. Yani,,,,,,,,,,,t
2026-09-28 21:00:00+00,DR-01,Koridor Darmo - Tunjungan,,,,,,,,,,,t
2026-09-28 21:00:00+00,DR-02,Koridor Darmo - Tunjungan,,,,,,,,,,,t
2026-09-28 21:00:00+00,DR-03,Koridor Darmo - Tunjungan,,,,,,,,,,,t
2026-09-28 21:00:00+00,MR-01,Koridor MERR,,,,,,,,,,,t
2026-09-28 21:00:00+00,MR-02,Koridor MERR,,,,,,,,,,,t
2026-09-28 21:00:00+00,MR-03,Koridor MERR,,,,,,,,,,,t
2026-09-28 21:10:00+00,AY-01,Koridor A. Yani,,,,,,,,,,,t
2026-09-28 21:10:00+00,AY-02,Koridor A. Yani,,,,,,,,,,,t
2026-09-28 21:10:00+00,AY-03,Koridor A. Yani,,,,,,,,,,,t
2026-09-28 21:10:00+00,DR-01,Koridor Darmo - Tunjungan,,,,,,,,,,,t
2026-09-28 21:10:00+00,DR-02,Koridor Darmo - Tunjungan,,,,,,,,,,,t
2026-09-28 21:10:00+00,DR-03,Koridor Darmo - Tunjungan,,,,,,,,,,,t
2026-09-28 21:10:00+00,MR-01,Koridor MERR,,,,,,,,,,,t
2026-09-28 21:10:00+00,MR-02,Koridor MERR,,,,,,,,,,,t
2026-09-28 21:10:00+00,MR-03,Koridor MERR,,,,,,,,,,,t
2026-09-28 21:20:00+00,AY-01,Koridor A. Yani,,,,,,,,,,,t
2026-09-28 21:20:00+00,AY-02,Koridor A. Yani,,,,,,,,,,,t
2026-09-28 21:20:00+00,AY-03,Koridor A. Yani,,,,,,,,,,,t
2026-09-28 21:20:00+00,DR-01,Koridor Darmo - Tunjungan,,,,,,,,,,,t
2026-09-28 21:20:00+00,DR-02,Koridor Darmo - Tunjungan,,,,,,,,,,,t
2026-09-28 21:20:00+00,DR-03,Koridor Darmo - Tunjungan,,,,,,,,,,,t
2026-09-28 21:20:00+00,MR-01,Koridor MERR,,,,,,,,,,,t
2026-09-28 21:20:00+00,MR-02,Koridor MERR,,,,,,,,,,,t
2026-09-28 21:20:00+00,MR-03,Koridor MERR,,,,,,,,,,,t
2026-09-28 21:30:00+00,AY-01,Koridor A. Yani,,,,,,,,,,,t
2026-09-28 21:30:00+00,AY-02,Koridor A. Yani,,,,,,,,,,,t
2026-09-28 21:30:00+00,AY-03,Koridor A. Yani,,,,,,,,,,,t
2026-09-28 21:30:00+00,DR-01,Koridor Darmo - Tunjungan,,,,,,,,,,,t
2026-09-28 21:30:00+00,DR-02,Koridor Darmo - Tunjungan,,,,,,,,,,,t
2026-09-28 21:30:00+00,DR-03,Koridor Darmo - Tunjungan,,,,,,,,,,,t
2026-09-28 21:30:00+00,MR-01,Koridor MERR,,,,,,,,,,,t
2026-09-28 21:30:00+00,MR-02,Koridor MERR,,,,,,,,,,,t
2026-09-28 21:30:00+00,MR-03,Koridor MERR,,,,,,,,,,,t
2026-09-28 21:40:00+00,AY-01,Koridor A. Yani,,,,,,,,,,,t
2026-09-28 21:40:00+00,AY-02,Koridor A. Yani,,,,,,,,,,,t
2026-09-28 21:40:00+00,AY-03,Koridor A. Yani,,,,,,,,,,,t
2026-09-28 21:40:00+00,DR-01,Koridor Darmo - Tunjungan,,,,,,,,,,,t
2026-09-28 21:40:00+00,DR-02,Koridor Darmo - Tunjungan,,,,,,,,,,,t
2026-09-28 21:40:00+00,DR-03,Koridor Darmo - Tunjungan,,,,,,,,,,,t
2026-09-28 21:40:00+00,MR-01,Koridor MERR,,,,,,,,,,,t
2026-09-28 21:40:00+00,MR-02,Koridor MERR,,,,,,,,,,,t
2026-09-28 21:40:00+00,MR-03,Koridor MERR,,,,,,,,,,,t
2026-09-28 21:50:00+00,AY-01,Koridor A. Yani,,,,,,,,,,,t
2026-09-28 21:50:00+00,AY-02,Koridor A. Yani,,,,,,,,,,,t
2026-09-28 21:50:00+00,AY-03,Koridor A. Yani,,,,,,,,,,,t
2026-09-28 21:50:00+00,DR-01,Koridor Darmo - Tunjungan,,,,,,,,,,,t
2026-09-28 21:50:00+00,DR-02,Koridor Darmo - Tunjungan,,,,,,,,,,,t
2026-09-28 21:50:00+00,DR-03,Koridor Darmo - Tunjungan,,,,,,,,,,,t
2026-09-28 21:50:00+00,MR-01,Koridor MERR,,,,,,,,,,,t
2026-09-28 21:50:00+00,MR-02,Koridor MERR,,,,,,,,,,,t
2026-09-28 21:50:00+00,MR-03,Koridor MERR,,,,,,,,,,,t
2026-09-28 22:00:00+00,AY-01,Koridor A. Yani,,,,,,,,,,,t
2026-09-28 22:00:00+00,AY-02,Koridor A. Yani,,,,,,,,,,,t
2026-09-28 22:00:00+00,AY-03,Koridor A. Yani,,,,,,,,,,,t
2026-09-28 22:00:00+00,DR-01,Koridor Darmo - Tunjungan,,,,,,,,,,,t
2026-09-28 22:00:00+00,DR-02,Koridor Darmo - Tunjungan,,,,,,,,,,,t
2026-09-28 22:00:00+00,DR-03,Koridor Darmo - Tunjungan,,,,,,,,,,,t
2026-09-28 22:00:00+00,MR-01,Koridor MERR,,,,,,,,,,,t
2026-09-28 22:00:00+00,MR-02,Koridor MERR,,,,,,,,,,,t
2026-09-28 22:00:00+00,MR-03,Koridor MERR,,,,,,,,,,,t
2026-09-28 22:10:00+00,AY-01,Koridor A. Yani,,,,,,,,,,,t
2026-09-28 22:10:00+00,AY-02,Koridor A. Yani,,,,,,,,,,,t
2026-09-28 22:10:00+00,AY-03,Koridor A. Yani,,,,,,,,,,,t
2026-09-28 22:10:00+00,DR-01,Koridor Darmo - Tunjungan,,,,,,,,,,,t
2026-09-28 22:10:00+00,DR-02,Koridor Darmo - Tunjungan,,,,,,,,,,,t
2026-09-28 22:10:00+00,DR-03,Koridor Darmo - Tunjungan,,,,,,,,,,,t
2026-09-28 22:10:00+00,MR-01,Koridor MERR,,,,,,,,,,,t
2026-09-28 22:10:00+00,MR-02,Koridor MERR,,,,,,,,,,,t
2026-09-28 22:10:00+00,MR-03,Koridor MERR,,,,,,,,,,,t
2026-09-28 22:20:00+00,AY-01,Koridor A. Yani,,,,,,,,,,,t
2026-09-28 22:20:00+00,AY-02,Koridor A. Yani,,,,,,,,,,,t
2026-09-28 22:20:00+00,AY-03,Koridor A. Yani,,,,,,,,,,,t
2026-09-28 22:20:00+00,DR-01,Koridor Darmo - Tunjungan,,,,,,,,,,,t
2026-09-28 22:20:00+00,DR-02,Koridor Darmo - Tunjungan,,,,,,,,,,,t
2026-09-28 22:20:00+00,DR-03,Koridor Darmo - Tunjungan,,,,,,,,,,,t
2026-09-28 22:20:00+00,MR-01,Koridor MERR,,,,,,,,,,,t
2026-09-28 22:20:00+00,MR-02,Koridor MERR,,,,,,,,,,,t
2026-09-28 22:20:00+00,MR-03,Koridor MERR,,,,,,,,,,,t
2026-09-28 22:30:00+00,AY-01,Koridor A. Yani,,,,,,,,,,,t
2026-09-28 22:30:00+00,AY-02,Koridor A. Yani,,,,,,,,,,,t
2026-09-28 22:30:00+00,AY-03,Koridor A. Yani,,,,,,,,,,,t
2026-09-28 22:30:00+00,DR-01,Koridor Darmo - Tunjungan,,,,,,,,,,,t
2026-09-28 22:30:00+00,DR-02,Koridor Darmo - Tunjungan,,,,,,,,,,,t
2026-09-28 22:30:00+00,DR-03,Koridor Darmo - Tunjungan,,,,,,,,,,,t
2026-09-28 22:30:00+00,MR-01,Koridor MERR,,,,,,,,,,,t
2026-09-28 22:30:00+00,MR-02,Koridor MERR,,,,,,,,,,,t
2026-09-28 22:30:00+00,MR-03,Koridor MERR,,,,,,,,,,,t
2026-09-28 22:40:00+00,AY-01,Koridor A. Yani,,,,,,,,,,,t
2026-09-28 22:40:00+00,AY-02,Koridor A. Yani,,,,,,,,,,,t
2026-09-28 22:40:00+00,AY-03,Koridor A. Yani,,,,,,,,,,,t
2026-09-28 22:40:00+00,DR-01,Koridor Darmo - Tunjungan,,,,,,,,,,,t
2026-09-28 22:40:00+00,DR-02,Koridor Darmo - Tunjungan,,,,,,,,,,,t
2026-09-28 22:40:00+00,DR-03,Koridor Darmo - Tunjungan,,,,,,,,,,,t
2026-09-28 22:40:00+00,MR-01,Koridor MERR,,,,,,,,,,,t
2026-09-28 22:40:00+00,MR-02,Koridor MERR,,,,,,,,,,,t
2026-09-28 22:40:00+00,MR-03,Koridor MERR,,,,,,,,,,,t
2026-09-28 22:50:00+00,AY-01,Koridor A. Yani,,,,,,,,,,,t
2026-09-28 22:50:00+00,AY-02,Koridor A. Yani,,,,,,,,,,,t
2026-09-28 22:50:00+00,AY-03,Koridor A. Yani,,,,,,,,,,,t
2026-09-28 22:50:00+00,DR-01,Koridor Darmo - Tunjungan,,,,,,,,,,,t
2026-09-28 22:50:00+00,DR-02,Koridor Darmo - Tunjungan,,,,,,,,,,,t
2026-09-28 22:50:00+00,DR-03,Koridor Darmo - Tunjungan,,,,,,,,,,,t
2026-09-28 22:50:00+00,MR-01,Koridor MERR,,,,,,,,,,,t
2026-09-28 22:50:00+00,MR-02,Koridor MERR,,,,,,,,,,,t
2026-09-28 22:50:00+00,MR-03,Koridor MERR,,,,,,,,,,,t
2026-09-28 23:00:00+00,AY-01,Koridor A. Yani,,,,,,,,,,,t
2026-09-28 23:00:00+00,AY-02,Koridor A. Yani,,,,,,,,,,,t
2026-09-28 23:00:00+00,AY-03,Koridor A. Yani,,,,,,,,,,,t
2026-09-28 23:00:00+00,DR-01,Koridor Darmo - Tunjungan,,,,,,,,,,,t
2026-09-28 23:00:00+00,DR-02,Koridor Darmo - Tunjungan,,,,,,,,,,,t
2026-09-28 23:00:00+00,DR-03,Koridor Darmo - Tunjungan,,,,,,,,,,,t
2026-09-28 23:00:00+00,MR-01,Koridor MERR,,,,,,,,,,,t
2026-09-28 23:00:00+00,MR-02,Koridor MERR,,,,,,,,,,,t
2026-09-28 23:00:00+00,MR-03,Koridor MERR,,,,,,,,,,,t
2026-09-28 23:10:00+00,AY-01,Koridor A. Yani,,,,,,,,,,,t
2026-09-28 23:10:00+00,AY-02,Koridor A. Yani,,,,,,,,,,,t
2026-09-28 23:10:00+00,AY-03,Koridor A. Yani,,,,,,,,,,,t
2026-09-28 23:10:00+00,DR-01,Koridor Darmo - Tunjungan,,,,,,,,,,,t
2026-09-28 23:10:00+00,DR-02,Koridor Darmo - Tunjungan,,,,,,,,,,,t
2026-09-28 23:10:00+00,DR-03,Koridor Darmo - Tunjungan,,,,,,,,,,,t
2026-09-28 23:10:00+00,MR-01,Koridor MERR,,,,,,,,,,,t
2026-09-28 23:10:00+00,MR-02,Koridor MERR,,,,,,,,,,,t
2026-09-28 23:10:00+00,MR-03,Koridor MERR,,,,,,,,,,,t
2026-09-28 23:20:00+00,AY-01,Koridor A. Yani,,,,,,,,,,,t
2026-09-28 23:20:00+00,AY-02,Koridor A. Yani,,,,,,,,,,,t
2026-09-28 23:20:00+00,AY-03,Koridor A. Yani,,,,,,,,,,,t
2026-09-28 23:20:00+00,DR-01,Koridor Darmo - Tunjungan,,,,,,,,,,,t
2026-09-28 23:20:00+00,DR-02,Koridor Darmo - Tunjungan,,,,,,,,,,,t
2026-09-28 23:20:00+00,DR-03,Koridor Darmo - Tunjungan,,,,,,,,,,,t
2026-09-28 23:20:00+00,MR-01,Koridor MERR,,,,,,,,,,,t
2026-09-28 23:20:00+00,MR-02,Koridor MERR,,,,,,,,,,,t
2026-09-28 23:20:00+00,MR-03,Koridor MERR,,,,,,,,,,,t
2026-09-28 23:30:00+00,AY-01,Koridor A. Yani,,,,,,,,,,,t
2026-09-28 23:30:00+00,AY-02,Koridor A. Yani,,,,,,,,,,,t
2026-09-28 23:30:00+00,AY-03,Koridor A. Yani,,,,,,,,,,,t
2026-09-28 23:30:00+00,DR-01,Koridor Darmo - Tunjungan,,,,,,,,,,,t
2026-09-28 23:30:00+00,DR-02,Koridor Darmo - Tunjungan,,,,,,,,,,,t
2026-09-28 23:30:00+00,DR-03,Koridor Darmo - Tunjungan,,,,,,,,,,,t
2026-09-28 23:30:00+00,MR-01,Koridor MERR,,,,,,,,,,,t
2026-09-28 23:30:00+00,MR-02,Koridor MERR,,,,,,,,,,,t
2026-09-28 23:30:00+00,MR-03,Koridor MERR,,,,,,,,,,,t
2026-09-28 23:40:00+00,AY-01,Koridor A. Yani,,,,,,,,,,,t
2026-09-28 23:40:00+00,AY-02,Koridor A. Yani,,,,,,,,,,,t
2026-09-28 23:40:00+00,AY-03,Koridor A. Yani,,,,,,,,,,,t
2026-09-28 23:40:00+00,DR-01,Koridor Darmo - Tunjungan,,,,,,,,,,,t
2026-09-28 23:40:00+00,DR-02,Koridor Darmo - Tunjungan,,,,,,,,,,,t
2026-09-28 23:40:00+00,DR-03,Koridor Darmo - Tunjungan,,,,,,,,,,,t
2026-09-28 23:40:00+00,MR-01,Koridor MERR,,,,,,,,,,,t
2026-09-28 23:40:00+00,MR-02,Koridor MERR,,,,,,,,,,,t
2026-09-28 23:40:00+00,MR-03,Koridor MERR,,,,,,,,,,,t
2026-09-28 23:50:00+00,AY-01,Koridor A. Yani,,,,,,,,,,,t
2026-09-28 23:50:00+00,AY-02,Koridor A. Yani,,,,,,,,,,,t
2026-09-28 23:50:00+00,AY-03,Koridor A. Yani,,,,,,,,,,,t
2026-09-28 23:50:00+00,DR-01,Koridor Darmo - Tunjungan,,,,,,,,,,,t
2026-09-28 23:50:00+00,DR-02,Koridor Darmo - Tunjungan,,,,,,,,,,,t
2026-09-28 23:50:00+00,DR-03,Koridor Darmo - Tunjungan,,,,,,,,,,,t
2026-09-28 23:50:00+00,MR-01,Koridor MERR,,,,,,,,,,,t
2026-09-28 23:50:00+00,MR-02,Koridor MERR,,,,,,,,,,,t
2026-09-28 23:50:00+00,MR-03,Koridor MERR,,,,,,,,,,,t
2026-09-29 00:00:00+00,AY-01,Koridor A. Yani,,,,,,,,,,,t
2026-09-29 00:00:00+00,AY-02,Koridor A. Yani,,,,,,,,,,,t
2026-09-29 00:00:00+00,AY-03,Koridor A. Yani,,,,,,,,,,,t
2026-09-29 00:00:00+00,DR-01,Koridor Darmo - Tunjungan,,,,,,,,,,,t
2026-09-29 00:00:00+00,DR-02,Koridor Darmo - Tunjungan,,,,,,,,,,,t
2026-09-29 00:00:00+00,DR-03,Koridor Darmo - Tunjungan,,,,,,,,,,,t
2026-09-29 00:00:00+00,MR-01,Koridor MERR,,,,,,,,,,,t
2026-09-29 00:00:00+00,MR-02,Koridor MERR,,,,,,,,,,,t
2026-09-29 00:00:00+00,MR-03,Koridor MERR,,,,,,,,,,,t
2026-09-29 00:10:00+00,AY-01,Koridor A. Yani,,,,,,,,,,,t
2026-09-29 00:10:00+00,AY-02,Koridor A. Yani,,,,,,,,,,,t
2026-09-29 00:10:00+00,AY-03,Koridor A. Yani,,,,,,,,,,,t
2026-09-29 00:10:00+00,DR-01,Koridor Darmo - Tunjungan,,,,,,,,,,,t
2026-09-29 00:10:00+00,DR-02,Koridor Darmo - Tunjungan,,,,,,,,,,,t
2026-09-29 00:10:00+00,DR-03,Koridor Darmo - Tunjungan,,,,,,,,,,,t
2026-09-29 00:10:00+00,MR-01,Koridor MERR,,,,,,,,,,,t
2026-09-29 00:10:00+00,MR-02,Koridor MERR,,,,,,,,,,,t
2026-09-29 00:10:00+00,MR-03,Koridor MERR,,,,,,,,,,,t
2026-09-29 00:20:00+00,AY-01,Koridor A. Yani,,,,,,,,,,,t
2026-09-29 00:20:00+00,AY-02,Koridor A. Yani,,,,,,,,,,,t
2026-09-29 00:20:00+00,AY-03,Koridor A. Yani,,,,,,,,,,,t
2026-09-29 00:20:00+00,DR-01,Koridor Darmo - Tunjungan,,,,,,,,,,,t
2026-09-29 00:20:00+00,DR-02,Koridor Darmo - Tunjungan,,,,,,,,,,,t
2026-09-29 00:20:00+00,DR-03,Koridor Darmo - Tunjungan,,,,,,,,,,,t
2026-09-29 00:20:00+00,MR-01,Koridor MERR,,,,,,,,,,,t
2026-09-29 00:20:00+00,MR-02,Koridor MERR,,,,,,,,,,,t
2026-09-29 00:20:00+00,MR-03,Koridor MERR,,,,,,,,,,,t
2026-09-29 00:30:00+00,AY-01,Koridor A. Yani,,,,,,,,,,,t
2026-09-29 00:30:00+00,AY-02,Koridor A. Yani,,,,,,,,,,,t
2026-09-29 00:30:00+00,AY-03,Koridor A. Yani,,,,,,,,,,,t
2026-09-29 00:30:00+00,DR-01,Koridor Darmo - Tunjungan,,,,,,,,,,,t
2026-09-29 00:30:00+00,DR-02,Koridor Darmo - Tunjungan,,,,,,,,,,,t
2026-09-29 00:30:00+00,DR-03,Koridor Darmo - Tunjungan,,,,,,,,,,,t
2026-09-29 00:30:00+00,MR-01,Koridor MERR,,,,,,,,,,,t
2026-09-29 00:30:00+00,MR-02,Koridor MERR,,,,,,,,,,,t
2026-09-29 00:30:00+00,MR-03,Koridor MERR,,,,,,,,,,,t
2026-09-29 00:40:00+00,AY-01,Koridor A. Yani,,,,,,,,,,,t
2026-09-29 00:40:00+00,AY-02,Koridor A. Yani,,,,,,,,,,,t
2026-09-29 00:40:00+00,AY-03,Koridor A. Yani,,,,,,,,,,,t
2026-09-29 00:40:00+00,DR-01,Koridor Darmo - Tunjungan,,,,,,,,,,,t
2026-09-29 00:40:00+00,DR-02,Koridor Darmo - Tunjungan,,,,,,,,,,,t
2026-09-29 00:40:00+00,DR-03,Koridor Darmo - Tunjungan,,,,,,,,,,,t
2026-09-29 00:40:00+00,MR-01,Koridor MERR,,,,,,,,,,,t
2026-09-29 00:40:00+00,MR-02,Koridor MERR,,,,,,,,,,,t
2026-09-29 00:40:00+00,MR-03,Koridor MERR,,,,,,,,,,,t
2026-09-29 00:50:00+00,AY-01,Koridor A. Yani,,,,,,,,,,,t
2026-09-29 00:50:00+00,AY-02,Koridor A. Yani,,,,,,,,,,,t
2026-09-29 00:50:00+00,AY-03,Koridor A. Yani,,,,,,,,,,,t
2026-09-29 00:50:00+00,DR-01,Koridor Darmo - Tunjungan,,,,,,,,,,,t
2026-09-29 00:50:00+00,DR-02,Koridor Darmo - Tunjungan,,,,,,,,,,,t
2026-09-29 00:50:00+00,DR-03,Koridor Darmo - Tunjungan,,,,,,,,,,,t
2026-09-29 00:50:00+00,MR-01,Koridor MERR,,,,,,,,,,,t
2026-09-29 00:50:00+00,MR-02,Koridor MERR,,,,,,,,,,,t
2026-09-29 00:50:00+00,MR-03,Koridor MERR,,,,,,,,,,,t
2026-09-29 01:00:00+00,AY-01,Koridor A. Yani,,,,,,,,,,,t
2026-09-29 01:00:00+00,AY-02,Koridor A. Yani,,,,,,,,,,,t
2026-09-29 01:00:00+00,AY-03,Koridor A. Yani,,,,,,,,,,,t
2026-09-29 01:00:00+00,DR-01,Koridor Darmo - Tunjungan,,,,,,,,,,,t
2026-09-29 01:00:00+00,DR-02,Koridor Darmo - Tunjungan,,,,,,,,,,,t
2026-09-29 01:00:00+00,DR-03,Koridor Darmo - Tunjungan,,,,,,,,,,,t
2026-09-29 01:00:00+00,MR-01,Koridor MERR,,,,,,,,,,,t
2026-09-29 01:00:00+00,MR-02,Koridor MERR,,,,,,,,,,,t
2026-09-29 01:00:00+00,MR-03,Koridor MERR,,,,,,,,,,,t
2026-09-29 01:10:00+00,AY-01,Koridor A. Yani,,,,,,,,,,,t
2026-09-29 01:10:00+00,AY-02,Koridor A. Yani,,,,,,,,,,,t
2026-09-29 01:10:00+00,AY-03,Koridor A. Yani,,,,,,,,,,,t
2026-09-29 01:10:00+00,DR-01,Koridor Darmo - Tunjungan,,,,,,,,,,,t
2026-09-29 01:10:00+00,DR-02,Koridor Darmo - Tunjungan,,,,,,,,,,,t
2026-09-29 01:10:00+00,DR-03,Koridor Darmo - Tunjungan,,,,,,,,,,,t
2026-09-29 01:10:00+00,MR-01,Koridor MERR,,,,,,,,,,,t
2026-09-29 01:10:00+00,MR-02,Koridor MERR,,,,,,,,,,,t
2026-09-29 01:10:00+00,MR-03,Koridor MERR,,,,,,,,,,,t
2026-09-29 01:20:00+00,AY-01,Koridor A. Yani,simulator,17,45,0.3778,0.6222,79,MACET,2026-09-29 01:19:43.797+00,16,f,f
2026-09-29 01:20:00+00,AY-02,Koridor A. Yani,simulator,27,54,0.5,0.5,40,PADAT,2026-09-29 01:19:43.797+00,16,f,f
2026-09-29 01:20:00+00,AY-03,Koridor A. Yani,simulator,23,48,0.4792,0.5208,49,MACET,2026-09-29 01:19:43.797+00,16,f,f
2026-09-29 01:20:00+00,DR-01,Koridor Darmo - Tunjungan,simulator,28,60,0.4667,0.5333,41,MACET,2026-09-29 01:19:43.797+00,16,f,f
2026-09-29 01:20:00+00,DR-02,Koridor Darmo - Tunjungan,simulator,23,51,0.451,0.549,52,MACET,2026-09-29 01:19:43.797+00,16,f,f
2026-09-29 01:20:00+00,DR-03,Koridor Darmo - Tunjungan,simulator,19,47,0.4043,0.5957,68,MACET,2026-09-29 01:19:43.797+00,16,f,f
2026-09-29 01:20:00+00,MR-01,Koridor MERR,simulator,23,51,0.451,0.549,52,MACET,2026-09-29 01:19:43.797+00,16,f,f
2026-09-29 01:20:00+00,MR-02,Koridor MERR,simulator,15,42,0.3571,0.6429,93,MACET,2026-09-29 01:19:43.797+00,16,f,f
2026-09-29 01:20:00+00,MR-03,Koridor MERR,simulator,19,44,0.4318,0.5682,65,MACET,2026-09-29 01:19:43.797+00,16,f,f
2026-09-29 01:30:00+00,AY-01,Koridor A. Yani,simulator,20,45,0.4444,0.5556,60,MACET,2026-09-29 01:29:43.845+00,16,f,f
2026-09-29 01:30:00+00,AY-02,Koridor A. Yani,simulator,30,54,0.5556,0.4444,32,PADAT,2026-09-29 01:29:43.845+00,16,f,f
2026-09-29 01:30:00+00,AY-03,Koridor A. Yani,simulator,20,48,0.4167,0.5833,63,MACET,2026-09-29 01:29:43.845+00,16,f,f
2026-09-29 01:30:00+00,DR-01,Koridor Darmo - Tunjungan,simulator,30,60,0.5,0.5,36,PADAT,2026-09-29 01:29:43.845+00,16,f,f
2026-09-29 01:30:00+00,DR-02,Koridor Darmo - Tunjungan,simulator,23,51,0.451,0.549,52,MACET,2026-09-29 01:29:43.845+00,16,f,f
2026-09-29 01:30:00+00,DR-03,Koridor Darmo - Tunjungan,simulator,22,47,0.4681,0.5319,52,MACET,2026-09-29 01:29:43.845+00,16,f,f
2026-09-29 01:30:00+00,MR-01,Koridor MERR,simulator,22,51,0.4314,0.5686,56,MACET,2026-09-29 01:29:43.845+00,16,f,f
2026-09-29 01:30:00+00,MR-02,Koridor MERR,simulator,20,42,0.4762,0.5238,57,MACET,2026-09-29 01:29:43.845+00,16,f,f
2026-09-29 01:30:00+00,MR-03,Koridor MERR,simulator,20,44,0.4545,0.5455,59,MACET,2026-09-29 01:29:43.845+00,16,f,f
2026-09-29 01:40:00+00,AY-01,Koridor A. Yani,simulator,24,45,0.5333,0.4667,42,PADAT,2026-09-29 01:39:44.014+00,16,f,f
2026-09-29 01:40:00+00,AY-02,Koridor A. Yani,simulator,25,54,0.463,0.537,46,MACET,2026-09-29 01:39:44.014+00,16,f,f
2026-09-29 01:40:00+00,AY-03,Koridor A. Yani,simulator,24,48,0.5,0.5,45,PADAT,2026-09-29 01:39:44.014+00,16,f,f
2026-09-29 01:40:00+00,DR-01,Koridor Darmo - Tunjungan,simulator,35,60,0.5833,0.4167,26,PADAT,2026-09-29 01:39:44.014+00,16,f,f
2026-09-29 01:40:00+00,DR-02,Koridor Darmo - Tunjungan,simulator,27,51,0.5294,0.4706,38,PADAT,2026-09-29 01:39:44.014+00,16,f,f
2026-09-29 01:40:00+00,DR-03,Koridor Darmo - Tunjungan,simulator,24,47,0.5106,0.4894,44,PADAT,2026-09-29 01:39:44.014+00,16,f,f
2026-09-29 01:40:00+00,MR-01,Koridor MERR,simulator,29,51,0.5686,0.4314,32,PADAT,2026-09-29 01:39:44.014+00,16,f,f
2026-09-29 01:40:00+00,MR-02,Koridor MERR,simulator,21,42,0.5,0.5,52,PADAT,2026-09-29 01:39:44.014+00,16,f,f
2026-09-29 01:40:00+00,MR-03,Koridor MERR,simulator,26,44,0.5909,0.4091,34,PADAT,2026-09-29 01:39:44.014+00,16,f,f
2026-09-29 01:50:00+00,AY-01,Koridor A. Yani,simulator,23,45,0.5111,0.4889,46,PADAT,2026-09-29 01:49:44.074+00,16,f,f
2026-09-29 01:50:00+00,AY-02,Koridor A. Yani,simulator,32,54,0.5926,0.4074,28,PADAT,2026-09-29 01:49:44.074+00,16,f,f
2026-09-29 01:50:00+00,AY-03,Koridor A. Yani,simulator,28,48,0.5833,0.4167,32,PADAT,2026-09-29 01:49:44.074+00,16,f,f
2026-09-29 01:50:00+00,DR-01,Koridor Darmo - Tunjungan,simulator,30,60,0.5,0.5,36,PADAT,2026-09-29 01:49:44.074+00,16,f,f
2026-09-29 01:50:00+00,DR-02,Koridor Darmo - Tunjungan,simulator,31,51,0.6078,0.3922,28,PADAT,2026-09-29 01:49:44.074+00,16,f,f
2026-09-29 01:50:00+00,DR-03,Koridor Darmo - Tunjungan,simulator,26,47,0.5532,0.4468,37,PADAT,2026-09-29 01:49:44.074+00,16,f,f
2026-09-29 01:50:00+00,MR-01,Koridor MERR,simulator,29,51,0.5686,0.4314,32,PADAT,2026-09-29 01:49:44.074+00,16,f,f
2026-09-29 01:50:00+00,MR-02,Koridor MERR,simulator,26,42,0.619,0.381,32,PADAT,2026-09-29 01:49:44.074+00,16,f,f
2026-09-29 01:50:00+00,MR-03,Koridor MERR,simulator,29,44,0.6591,0.3409,25,PADAT,2026-09-29 01:49:44.074+00,16,f,f
2026-09-29 02:00:00+00,AY-01,Koridor A. Yani,simulator,27,45,0.6,0.4,32,PADAT,2026-09-29 01:59:44.046+00,16,f,f
2026-09-29 02:00:00+00,AY-02,Koridor A. Yani,simulator,35,54,0.6481,0.3519,22,PADAT,2026-09-29 01:59:44.046+00,16,f,f
2026-09-29 02:00:00+00,AY-03,Koridor A. Yani,simulator,33,48,0.6875,0.3125,20,PADAT,2026-09-29 01:59:44.046+00,16,f,f
2026-09-29 02:00:00+00,DR-01,Koridor Darmo - Tunjungan,simulator,32,60,0.5333,0.4667,32,PADAT,2026-09-29 01:59:44.046+00,16,f,f
2026-09-29 02:00:00+00,DR-02,Koridor Darmo - Tunjungan,simulator,31,51,0.6078,0.3922,28,PADAT,2026-09-29 01:59:44.046+00,16,f,f
2026-09-29 02:00:00+00,DR-03,Koridor Darmo - Tunjungan,simulator,26,47,0.5532,0.4468,37,PADAT,2026-09-29 01:59:44.046+00,16,f,f
2026-09-29 02:00:00+00,MR-01,Koridor MERR,simulator,35,51,0.6863,0.3137,20,PADAT,2026-09-29 01:59:44.046+00,16,f,f
2026-09-29 02:00:00+00,MR-02,Koridor MERR,simulator,25,42,0.5952,0.4048,35,PADAT,2026-09-29 01:59:44.046+00,16,f,f
2026-09-29 02:00:00+00,MR-03,Koridor MERR,simulator,31,44,0.7045,0.2955,21,PADAT,2026-09-29 01:59:44.046+00,16,f,f
2026-09-29 02:10:00+00,AY-01,Koridor A. Yani,simulator,30,45,0.6667,0.3333,24,PADAT,2026-09-29 02:09:44.069+00,16,f,f
2026-09-29 02:10:00+00,AY-02,Koridor A. Yani,simulator,34,54,0.6296,0.3704,24,PADAT,2026-09-29 02:09:44.069+00,16,f,f
2026-09-29 02:10:00+00,AY-03,Koridor A. Yani,simulator,36,48,0.75,0.25,15,PADAT,2026-09-29 02:09:44.069+00,16,f,f
2026-09-29 02:10:00+00,DR-01,Koridor Darmo - Tunjungan,simulator,38,60,0.6333,0.3667,21,PADAT,2026-09-29 02:09:44.069+00,16,f,f
2026-09-29 02:10:00+00,DR-02,Koridor Darmo - Tunjungan,simulator,34,51,0.6667,0.3333,22,PADAT,2026-09-29 02:09:44.069+00,16,f,f
2026-09-29 02:10:00+00,DR-03,Koridor Darmo - Tunjungan,simulator,30,47,0.6383,0.3617,26,PADAT,2026-09-29 02:09:44.069+00,16,f,f
2026-09-29 02:10:00+00,MR-01,Koridor MERR,simulator,35,51,0.6863,0.3137,20,PADAT,2026-09-29 02:09:44.069+00,16,f,f
2026-09-29 02:10:00+00,MR-02,Koridor MERR,simulator,25,42,0.5952,0.4048,35,PADAT,2026-09-29 02:09:44.069+00,16,f,f
2026-09-29 02:10:00+00,MR-03,Koridor MERR,simulator,31,44,0.7045,0.2955,21,PADAT,2026-09-29 02:09:44.069+00,16,f,f
2026-09-29 02:20:00+00,AY-01,Koridor A. Yani,simulator,29,45,0.6444,0.3556,26,PADAT,2026-09-29 02:19:44.232+00,16,f,f
2026-09-29 02:20:00+00,AY-02,Koridor A. Yani,simulator,34,54,0.6296,0.3704,24,PADAT,2026-09-29 02:19:44.232+00,16,f,f
2026-09-29 02:20:00+00,AY-03,Koridor A. Yani,simulator,30,48,0.625,0.375,27,PADAT,2026-09-29 02:19:44.232+00,16,f,f
2026-09-29 02:20:00+00,DR-01,Koridor Darmo - Tunjungan,simulator,44,60,0.7333,0.2667,13,PADAT,2026-09-29 02:19:44.232+00,16,f,f
2026-09-29 02:20:00+00,DR-02,Koridor Darmo - Tunjungan,simulator,37,51,0.7255,0.2745,16,PADAT,2026-09-29 02:19:44.232+00,16,f,f
2026-09-29 02:20:00+00,DR-03,Koridor Darmo - Tunjungan,simulator,33,47,0.7021,0.2979,19,PADAT,2026-09-29 02:19:44.232+00,16,f,f
2026-09-29 02:20:00+00,MR-01,Koridor MERR,simulator,38,51,0.7451,0.2549,15,PADAT,2026-09-29 02:19:44.232+00,16,f,f
2026-09-29 02:20:00+00,MR-02,Koridor MERR,simulator,30,42,0.7143,0.2857,21,PADAT,2026-09-29 02:19:44.232+00,16,f,f
2026-09-29 02:20:00+00,MR-03,Koridor MERR,simulator,34,44,0.7727,0.2273,15,PADAT,2026-09-29 02:19:44.232+00,16,f,f
2026-09-29 02:30:00+00,AY-01,Koridor A. Yani,simulator,37,45,0.8222,0.1778,10,LANCAR,2026-09-29 02:29:44.289+00,16,f,f
2026-09-29 02:30:00+00,AY-02,Koridor A. Yani,simulator,38,54,0.7037,0.2963,17,PADAT,2026-09-29 02:29:44.289+00,16,f,f
2026-09-29 02:30:00+00,AY-03,Koridor A. Yani,simulator,33,48,0.6875,0.3125,20,PADAT,2026-09-29 02:29:44.289+00,16,f,f
2026-09-29 02:30:00+00,DR-01,Koridor Darmo - Tunjungan,simulator,42,60,0.7,0.3,15,PADAT,2026-09-29 02:29:44.289+00,16,f,f
2026-09-29 02:30:00+00,DR-02,Koridor Darmo - Tunjungan,simulator,34,51,0.6667,0.3333,22,PADAT,2026-09-29 02:29:44.289+00,16,f,f
2026-09-29 02:30:00+00,DR-03,Koridor Darmo - Tunjungan,simulator,34,47,0.7234,0.2766,18,PADAT,2026-09-29 02:29:44.289+00,16,f,f
2026-09-29 02:30:00+00,MR-01,Koridor MERR,simulator,36,51,0.7059,0.2941,18,PADAT,2026-09-29 02:29:44.289+00,16,f,f
2026-09-29 02:30:00+00,MR-02,Koridor MERR,simulator,30,42,0.7143,0.2857,21,PADAT,2026-09-29 02:29:44.289+00,16,f,f
2026-09-29 02:30:00+00,MR-03,Koridor MERR,simulator,30,44,0.6818,0.3182,23,PADAT,2026-09-29 02:29:44.289+00,16,f,f
2026-09-29 02:40:00+00,AY-01,Koridor A. Yani,simulator,35,45,0.7778,0.2222,14,PADAT,2026-09-29 02:39:44.279+00,16,f,f
2026-09-29 02:40:00+00,AY-02,Koridor A. Yani,simulator,46,54,0.8519,0.1481,7,LANCAR,2026-09-29 02:39:44.279+00,16,f,f
2026-09-29 02:40:00+00,AY-03,Koridor A. Yani,simulator,36,48,0.75,0.25,15,PADAT,2026-09-29 02:39:44.279+00,16,f,f
2026-09-29 02:40:00+00,DR-01,Koridor Darmo - Tunjungan,simulator,45,60,0.75,0.25,12,PADAT,2026-09-29 02:39:44.279+00,16,f,f
2026-09-29 02:40:00+00,DR-02,Koridor Darmo - Tunjungan,simulator,38,51,0.7451,0.2549,15,PADAT,2026-09-29 02:39:44.279+00,16,f,f
2026-09-29 02:40:00+00,DR-03,Koridor Darmo - Tunjungan,simulator,33,47,0.7021,0.2979,19,PADAT,2026-09-29 02:39:44.279+00,16,f,f
2026-09-29 02:40:00+00,MR-01,Koridor MERR,simulator,40,51,0.7843,0.2157,12,PADAT,2026-09-29 02:39:44.279+00,16,f,f
2026-09-29 02:40:00+00,MR-02,Koridor MERR,simulator,36,42,0.8571,0.1429,9,LANCAR,2026-09-29 02:39:44.279+00,16,f,f
2026-09-29 02:40:00+00,MR-03,Koridor MERR,simulator,32,44,0.7273,0.2727,19,PADAT,2026-09-29 02:39:44.279+00,16,f,f
2026-09-29 02:50:00+00,AY-01,Koridor A. Yani,simulator,35,45,0.7778,0.2222,14,PADAT,2026-09-29 02:49:44.319+00,16,f,f
2026-09-29 02:50:00+00,AY-02,Koridor A. Yani,simulator,46,54,0.8519,0.1481,7,LANCAR,2026-09-29 02:49:44.319+00,16,f,f
2026-09-29 02:50:00+00,AY-03,Koridor A. Yani,simulator,37,48,0.7708,0.2292,13,PADAT,2026-09-29 02:49:44.319+00,16,f,f
2026-09-29 02:50:00+00,DR-01,Koridor Darmo - Tunjungan,simulator,47,60,0.7833,0.2167,10,PADAT,2026-09-29 02:49:44.319+00,16,f,f
2026-09-29 02:50:00+00,DR-02,Koridor Darmo - Tunjungan,simulator,38,51,0.7451,0.2549,15,PADAT,2026-09-29 02:49:44.319+00,16,f,f
2026-09-29 02:50:00+00,DR-03,Koridor Darmo - Tunjungan,simulator,35,47,0.7447,0.2553,16,PADAT,2026-09-29 02:49:44.319+00,16,f,f
2026-09-29 02:50:00+00,MR-01,Koridor MERR,simulator,44,51,0.8627,0.1373,7,LANCAR,2026-09-29 02:49:44.319+00,16,f,f
2026-09-29 02:50:00+00,MR-02,Koridor MERR,simulator,31,42,0.7381,0.2619,19,PADAT,2026-09-29 02:49:44.319+00,16,f,f
2026-09-29 02:50:00+00,MR-03,Koridor MERR,simulator,35,44,0.7955,0.2045,13,PADAT,2026-09-29 02:49:44.319+00,16,f,f
2026-09-29 03:00:00+00,AY-01,Koridor A. Yani,simulator,37,45,0.8222,0.1778,10,LANCAR,2026-09-29 02:54:14.447+00,346,f,f
2026-09-29 03:00:00+00,AY-02,Koridor A. Yani,simulator,44,54,0.8148,0.1852,9,LANCAR,2026-09-29 02:54:14.447+00,346,f,f
2026-09-29 03:00:00+00,AY-03,Koridor A. Yani,simulator,41,48,0.8542,0.1458,8,LANCAR,2026-09-29 02:54:14.447+00,346,f,f
2026-09-29 03:00:00+00,DR-01,Koridor Darmo - Tunjungan,simulator,47,60,0.7833,0.2167,10,PADAT,2026-09-29 02:54:14.447+00,346,f,f
2026-09-29 03:00:00+00,DR-02,Koridor Darmo - Tunjungan,simulator,42,51,0.8235,0.1765,9,LANCAR,2026-09-29 02:54:14.447+00,346,f,f
2026-09-29 03:00:00+00,DR-03,Koridor Darmo - Tunjungan,simulator,36,47,0.766,0.234,14,PADAT,2026-09-29 02:54:14.447+00,346,f,f
2026-09-29 03:00:00+00,MR-01,Koridor MERR,simulator,41,51,0.8039,0.1961,11,LANCAR,2026-09-29 02:54:14.447+00,346,f,f
2026-09-29 03:00:00+00,MR-02,Koridor MERR,simulator,36,42,0.8571,0.1429,9,LANCAR,2026-09-29 02:54:14.447+00,346,f,f
2026-09-29 03:00:00+00,MR-03,Koridor MERR,simulator,38,44,0.8636,0.1364,8,LANCAR,2026-09-29 02:54:14.447+00,346,f,f
2026-09-29 03:10:00+00,AY-01,Koridor A. Yani,simulator,37,45,0.8222,0.1778,10,LANCAR,2026-09-29 02:54:14.447+00,946,t,f
2026-09-29 03:10:00+00,AY-02,Koridor A. Yani,simulator,44,54,0.8148,0.1852,9,LANCAR,2026-09-29 02:54:14.447+00,946,t,f
2026-09-29 03:10:00+00,AY-03,Koridor A. Yani,simulator,41,48,0.8542,0.1458,8,LANCAR,2026-09-29 02:54:14.447+00,946,t,f
2026-09-29 03:10:00+00,DR-01,Koridor Darmo - Tunjungan,simulator,47,60,0.7833,0.2167,10,PADAT,2026-09-29 02:54:14.447+00,946,t,f
2026-09-29 03:10:00+00,DR-02,Koridor Darmo - Tunjungan,simulator,42,51,0.8235,0.1765,9,LANCAR,2026-09-29 02:54:14.447+00,946,t,f
2026-09-29 03:10:00+00,DR-03,Koridor Darmo - Tunjungan,simulator,36,47,0.766,0.234,14,PADAT,2026-09-29 02:54:14.447+00,946,t,f
2026-09-29 03:10:00+00,MR-01,Koridor MERR,simulator,41,51,0.8039,0.1961,11,LANCAR,2026-09-29 02:54:14.447+00,946,t,f
2026-09-29 03:10:00+00,MR-02,Koridor MERR,simulator,36,42,0.8571,0.1429,9,LANCAR,2026-09-29 02:54:14.447+00,946,t,f
2026-09-29 03:10:00+00,MR-03,Koridor MERR,simulator,38,44,0.8636,0.1364,8,LANCAR,2026-09-29 02:54:14.447+00,946,t,f
2026-09-29 03:20:00+00,AY-01,Koridor A. Yani,simulator,42,45,0.9333,0.0667,3,LANCAR,2026-09-29 03:19:51.079+00,9,f,f
2026-09-29 03:20:00+00,AY-02,Koridor A. Yani,simulator,45,54,0.8333,0.1667,8,LANCAR,2026-09-29 03:19:51.079+00,9,f,f
2026-09-29 03:20:00+00,AY-03,Koridor A. Yani,simulator,41,48,0.8542,0.1458,8,LANCAR,2026-09-29 03:19:51.079+00,9,f,f
2026-09-29 03:20:00+00,DR-01,Koridor Darmo - Tunjungan,simulator,52,60,0.8667,0.1333,6,LANCAR,2026-09-29 03:19:51.079+00,9,f,f
2026-09-29 03:20:00+00,DR-02,Koridor Darmo - Tunjungan,simulator,43,51,0.8431,0.1569,8,LANCAR,2026-09-29 03:19:51.079+00,9,f,f
2026-09-29 03:20:00+00,DR-03,Koridor Darmo - Tunjungan,simulator,42,47,0.8936,0.1064,5,LANCAR,2026-09-29 03:19:51.079+00,9,f,f
2026-09-29 03:20:00+00,MR-01,Koridor MERR,simulator,44,51,0.8627,0.1373,7,LANCAR,2026-09-29 03:19:51.079+00,9,f,f
2026-09-29 03:20:00+00,MR-02,Koridor MERR,simulator,34,42,0.8095,0.1905,13,LANCAR,2026-09-29 03:19:51.079+00,9,f,f
2026-09-29 03:20:00+00,MR-03,Koridor MERR,simulator,41,44,0.9318,0.0682,4,LANCAR,2026-09-29 03:19:51.079+00,9,f,f
2026-09-29 03:30:00+00,AY-01,Koridor A. Yani,simulator,42,45,0.9333,0.0667,3,LANCAR,2026-09-29 03:29:51.127+00,9,f,f
2026-09-29 03:30:00+00,AY-02,Koridor A. Yani,simulator,45,54,0.8333,0.1667,8,LANCAR,2026-09-29 03:29:51.127+00,9,f,f
2026-09-29 03:30:00+00,AY-03,Koridor A. Yani,simulator,43,48,0.8958,0.1042,5,LANCAR,2026-09-29 03:29:51.127+00,9,f,f
2026-09-29 03:30:00+00,DR-01,Koridor Darmo - Tunjungan,simulator,52,60,0.8667,0.1333,6,LANCAR,2026-09-29 03:29:51.127+00,9,f,f
2026-09-29 03:30:00+00,DR-02,Koridor Darmo - Tunjungan,simulator,41,51,0.8039,0.1961,11,LANCAR,2026-09-29 03:29:51.127+00,9,f,f
2026-09-29 03:30:00+00,DR-03,Koridor Darmo - Tunjungan,simulator,43,47,0.9149,0.0851,4,LANCAR,2026-09-29 03:29:51.127+00,9,f,f
2026-09-29 03:30:00+00,MR-01,Koridor MERR,simulator,40,51,0.7843,0.2157,12,PADAT,2026-09-29 03:29:51.127+00,9,f,f
2026-09-29 03:30:00+00,MR-02,Koridor MERR,simulator,36,42,0.8571,0.1429,9,LANCAR,2026-09-29 03:29:51.127+00,9,f,f
2026-09-29 03:30:00+00,MR-03,Koridor MERR,simulator,40,44,0.9091,0.0909,5,LANCAR,2026-09-29 03:29:51.127+00,9,f,f
2026-09-29 03:40:00+00,AY-01,Koridor A. Yani,simulator,42,45,0.9333,0.0667,3,LANCAR,2026-09-29 03:39:51.256+00,9,f,f
2026-09-29 03:40:00+00,AY-02,Koridor A. Yani,simulator,48,54,0.8889,0.1111,5,LANCAR,2026-09-29 03:39:51.256+00,9,f,f
2026-09-29 03:40:00+00,AY-03,Koridor A. Yani,simulator,41,48,0.8542,0.1458,8,LANCAR,2026-09-29 03:39:51.256+00,9,f,f
2026-09-29 03:40:00+00,DR-01,Koridor Darmo - Tunjungan,simulator,55,60,0.9167,0.0833,3,LANCAR,2026-09-29 03:39:51.256+00,9,f,f
2026-09-29 03:40:00+00,DR-02,Koridor Darmo - Tunjungan,simulator,41,51,0.8039,0.1961,11,LANCAR,2026-09-29 03:39:51.256+00,9,f,f
2026-09-29 03:40:00+00,DR-03,Koridor Darmo - Tunjungan,simulator,38,47,0.8085,0.1915,11,LANCAR,2026-09-29 03:39:51.256+00,9,f,f
2026-09-29 03:40:00+00,MR-01,Koridor MERR,simulator,41,51,0.8039,0.1961,11,LANCAR,2026-09-29 03:39:51.256+00,9,f,f
2026-09-29 03:40:00+00,MR-02,Koridor MERR,simulator,34,42,0.8095,0.1905,13,LANCAR,2026-09-29 03:39:51.256+00,9,f,f
2026-09-29 03:40:00+00,MR-03,Koridor MERR,simulator,39,44,0.8864,0.1136,6,LANCAR,2026-09-29 03:39:51.256+00,9,f,f
2026-09-29 03:50:00+00,AY-01,Koridor A. Yani,simulator,43,45,0.9556,0.0444,2,LANCAR,2026-09-29 03:49:51.331+00,9,f,f
2026-09-29 03:50:00+00,AY-02,Koridor A. Yani,simulator,47,54,0.8704,0.1296,6,LANCAR,2026-09-29 03:49:51.331+00,9,f,f
2026-09-29 03:50:00+00,AY-03,Koridor A. Yani,simulator,41,48,0.8542,0.1458,8,LANCAR,2026-09-29 03:49:51.331+00,9,f,f
2026-09-29 03:50:00+00,DR-01,Koridor Darmo - Tunjungan,simulator,54,60,0.9,0.1,4,LANCAR,2026-09-29 03:49:51.331+00,9,f,f
2026-09-29 03:50:00+00,DR-02,Koridor Darmo - Tunjungan,simulator,43,51,0.8431,0.1569,8,LANCAR,2026-09-29 03:49:51.331+00,9,f,f
2026-09-29 03:50:00+00,DR-03,Koridor Darmo - Tunjungan,simulator,44,47,0.9362,0.0638,3,LANCAR,2026-09-29 03:49:51.331+00,9,f,f
2026-09-29 03:50:00+00,MR-01,Koridor MERR,simulator,48,51,0.9412,0.0588,3,LANCAR,2026-09-29 03:49:51.331+00,9,f,f
2026-09-29 03:50:00+00,MR-02,Koridor MERR,simulator,40,42,0.9524,0.0476,3,LANCAR,2026-09-29 03:49:51.331+00,9,f,f
2026-09-29 03:50:00+00,MR-03,Koridor MERR,simulator,42,44,0.9545,0.0455,2,LANCAR,2026-09-29 03:49:51.331+00,9,f,f
2026-09-29 04:00:00+00,AY-01,Koridor A. Yani,simulator,43,45,0.9556,0.0444,2,LANCAR,2026-09-29 03:59:51.253+00,9,f,f
2026-09-29 04:00:00+00,AY-02,Koridor A. Yani,simulator,51,54,0.9444,0.0556,2,LANCAR,2026-09-29 03:59:51.253+00,9,f,f
2026-09-29 04:00:00+00,AY-03,Koridor A. Yani,simulator,39,48,0.8125,0.1875,10,LANCAR,2026-09-29 03:59:51.253+00,9,f,f
2026-09-29 04:00:00+00,DR-01,Koridor Darmo - Tunjungan,simulator,52,60,0.8667,0.1333,6,LANCAR,2026-09-29 03:59:51.253+00,9,f,f
2026-09-29 04:00:00+00,DR-02,Koridor Darmo - Tunjungan,simulator,49,51,0.9608,0.0392,2,LANCAR,2026-09-29 03:59:51.253+00,9,f,f
2026-09-29 04:00:00+00,DR-03,Koridor Darmo - Tunjungan,simulator,46,47,0.9787,0.0213,1,LANCAR,2026-09-29 03:59:51.253+00,9,f,f
2026-09-29 04:00:00+00,MR-01,Koridor MERR,simulator,46,51,0.902,0.098,5,LANCAR,2026-09-29 03:59:51.253+00,9,f,f
2026-09-29 04:00:00+00,MR-02,Koridor MERR,simulator,35,42,0.8333,0.1667,11,LANCAR,2026-09-29 03:59:51.253+00,9,f,f
2026-09-29 04:00:00+00,MR-03,Koridor MERR,simulator,36,44,0.8182,0.1818,11,LANCAR,2026-09-29 03:59:51.253+00,9,f,f
2026-09-29 04:10:00+00,AY-01,Koridor A. Yani,simulator,38,45,0.8444,0.1556,9,LANCAR,2026-09-29 04:09:51.326+00,9,f,f
2026-09-29 04:10:00+00,AY-02,Koridor A. Yani,simulator,46,54,0.8519,0.1481,7,LANCAR,2026-09-29 04:09:51.326+00,9,f,f
2026-09-29 04:10:00+00,AY-03,Koridor A. Yani,simulator,40,48,0.8333,0.1667,9,LANCAR,2026-09-29 04:09:51.326+00,9,f,f
2026-09-29 04:10:00+00,DR-01,Koridor Darmo - Tunjungan,simulator,56,60,0.9333,0.0667,3,LANCAR,2026-09-29 04:09:51.326+00,9,f,f
2026-09-29 04:10:00+00,DR-02,Koridor Darmo - Tunjungan,simulator,44,51,0.8627,0.1373,7,LANCAR,2026-09-29 04:09:51.326+00,9,f,f
2026-09-29 04:10:00+00,DR-03,Koridor Darmo - Tunjungan,simulator,46,47,0.9787,0.0213,1,LANCAR,2026-09-29 04:09:51.326+00,9,f,f
2026-09-29 04:10:00+00,MR-01,Koridor MERR,simulator,43,51,0.8431,0.1569,8,LANCAR,2026-09-29 04:09:51.326+00,9,f,f
2026-09-29 04:10:00+00,MR-02,Koridor MERR,simulator,40,42,0.9524,0.0476,3,LANCAR,2026-09-29 04:09:51.326+00,9,f,f
2026-09-29 04:10:00+00,MR-03,Koridor MERR,simulator,38,44,0.8636,0.1364,8,LANCAR,2026-09-29 04:09:51.326+00,9,f,f
2026-09-29 04:20:00+00,AY-01,Koridor A. Yani,simulator,42,45,0.9333,0.0667,3,LANCAR,2026-09-29 04:19:51.269+00,9,f,f
2026-09-29 04:20:00+00,AY-02,Koridor A. Yani,simulator,45,54,0.8333,0.1667,8,LANCAR,2026-09-29 04:19:51.269+00,9,f,f
2026-09-29 04:20:00+00,AY-03,Koridor A. Yani,simulator,42,48,0.875,0.125,6,LANCAR,2026-09-29 04:19:51.269+00,9,f,f
2026-09-29 04:20:00+00,DR-01,Koridor Darmo - Tunjungan,simulator,53,60,0.8833,0.1167,5,LANCAR,2026-09-29 04:19:51.269+00,9,f,f
2026-09-29 04:20:00+00,DR-02,Koridor Darmo - Tunjungan,simulator,46,51,0.902,0.098,5,LANCAR,2026-09-29 04:19:51.269+00,9,f,f
2026-09-29 04:20:00+00,DR-03,Koridor Darmo - Tunjungan,simulator,42,47,0.8936,0.1064,5,LANCAR,2026-09-29 04:19:51.269+00,9,f,f
2026-09-29 04:20:00+00,MR-01,Koridor MERR,simulator,46,51,0.902,0.098,5,LANCAR,2026-09-29 04:19:51.269+00,9,f,f
2026-09-29 04:20:00+00,MR-02,Koridor MERR,simulator,39,42,0.9286,0.0714,4,LANCAR,2026-09-29 04:19:51.269+00,9,f,f
2026-09-29 04:20:00+00,MR-03,Koridor MERR,simulator,37,44,0.8409,0.1591,9,LANCAR,2026-09-29 04:19:51.269+00,9,f,f
2026-09-29 04:30:00+00,AY-01,Koridor A. Yani,simulator,43,45,0.9556,0.0444,2,LANCAR,2026-09-29 04:29:51.312+00,9,f,f
2026-09-29 04:30:00+00,AY-02,Koridor A. Yani,simulator,48,54,0.8889,0.1111,5,LANCAR,2026-09-29 04:29:51.312+00,9,f,f
2026-09-29 04:30:00+00,AY-03,Koridor A. Yani,simulator,41,48,0.8542,0.1458,8,LANCAR,2026-09-29 04:29:51.312+00,9,f,f
2026-09-29 04:30:00+00,DR-01,Koridor Darmo - Tunjungan,simulator,55,60,0.9167,0.0833,3,LANCAR,2026-09-29 04:29:51.312+00,9,f,f
2026-09-29 04:30:00+00,DR-02,Koridor Darmo - Tunjungan,simulator,42,51,0.8235,0.1765,9,LANCAR,2026-09-29 04:29:51.312+00,9,f,f
2026-09-29 04:30:00+00,DR-03,Koridor Darmo - Tunjungan,simulator,42,47,0.8936,0.1064,5,LANCAR,2026-09-29 04:29:51.312+00,9,f,f
2026-09-29 04:30:00+00,MR-01,Koridor MERR,simulator,47,51,0.9216,0.0784,4,LANCAR,2026-09-29 04:29:51.312+00,9,f,f
2026-09-29 04:30:00+00,MR-02,Koridor MERR,simulator,40,42,0.9524,0.0476,3,LANCAR,2026-09-29 04:29:51.312+00,9,f,f
2026-09-29 04:30:00+00,MR-03,Koridor MERR,simulator,40,44,0.9091,0.0909,5,LANCAR,2026-09-29 04:29:51.312+00,9,f,f
2026-09-29 04:40:00+00,AY-01,Koridor A. Yani,simulator,43,45,0.9556,0.0444,2,LANCAR,2026-09-29 04:39:51.357+00,9,f,f
2026-09-29 04:40:00+00,AY-02,Koridor A. Yani,simulator,52,54,0.963,0.037,2,LANCAR,2026-09-29 04:39:51.357+00,9,f,f
2026-09-29 04:40:00+00,AY-03,Koridor A. Yani,simulator,41,48,0.8542,0.1458,8,LANCAR,2026-09-29 04:39:51.357+00,9,f,f
2026-09-29 04:40:00+00,DR-01,Koridor Darmo - Tunjungan,simulator,50,60,0.8333,0.1667,7,LANCAR,2026-09-29 04:39:51.357+00,9,f,f
2026-09-29 04:40:00+00,DR-02,Koridor Darmo - Tunjungan,simulator,42,51,0.8235,0.1765,9,LANCAR,2026-09-29 04:39:51.357+00,9,f,f
2026-09-29 04:40:00+00,DR-03,Koridor Darmo - Tunjungan,simulator,39,47,0.8298,0.1702,9,LANCAR,2026-09-29 04:39:51.357+00,9,f,f
2026-09-29 04:40:00+00,MR-01,Koridor MERR,simulator,46,51,0.902,0.098,5,LANCAR,2026-09-29 04:39:51.357+00,9,f,f
2026-09-29 04:40:00+00,MR-02,Koridor MERR,simulator,40,42,0.9524,0.0476,3,LANCAR,2026-09-29 04:39:51.357+00,9,f,f
2026-09-29 04:40:00+00,MR-03,Koridor MERR,simulator,36,44,0.8182,0.1818,11,LANCAR,2026-09-29 04:39:51.357+00,9,f,f
2026-09-29 04:50:00+00,AY-01,Koridor A. Yani,simulator,39,45,0.8667,0.1333,7,LANCAR,2026-09-29 04:49:51.375+00,9,f,f
2026-09-29 04:50:00+00,AY-02,Koridor A. Yani,simulator,45,54,0.8333,0.1667,8,LANCAR,2026-09-29 04:49:51.375+00,9,f,f
2026-09-29 04:50:00+00,AY-03,Koridor A. Yani,simulator,40,48,0.8333,0.1667,9,LANCAR,2026-09-29 04:49:51.375+00,9,f,f
2026-09-29 04:50:00+00,DR-01,Koridor Darmo - Tunjungan,simulator,54,60,0.9,0.1,4,LANCAR,2026-09-29 04:49:51.375+00,9,f,f
2026-09-29 04:50:00+00,DR-02,Koridor Darmo - Tunjungan,simulator,45,51,0.8824,0.1176,6,LANCAR,2026-09-29 04:49:51.375+00,9,f,f
2026-09-29 04:50:00+00,DR-03,Koridor Darmo - Tunjungan,simulator,45,47,0.9574,0.0426,2,LANCAR,2026-09-29 04:49:51.375+00,9,f,f
2026-09-29 04:50:00+00,MR-01,Koridor MERR,simulator,48,51,0.9412,0.0588,3,LANCAR,2026-09-29 04:49:51.375+00,9,f,f
2026-09-29 04:50:00+00,MR-02,Koridor MERR,simulator,38,42,0.9048,0.0952,6,LANCAR,2026-09-29 04:49:51.375+00,9,f,f
2026-09-29 04:50:00+00,MR-03,Koridor MERR,simulator,40,44,0.9091,0.0909,5,LANCAR,2026-09-29 04:49:51.375+00,9,f,f
2026-09-29 05:00:00+00,AY-01,Koridor A. Yani,simulator,38,45,0.8444,0.1556,9,LANCAR,2026-09-29 04:59:51.427+00,9,f,f
2026-09-29 05:00:00+00,AY-02,Koridor A. Yani,simulator,49,54,0.9074,0.0926,4,LANCAR,2026-09-29 04:59:51.427+00,9,f,f
2026-09-29 05:00:00+00,AY-03,Koridor A. Yani,simulator,45,48,0.9375,0.0625,3,LANCAR,2026-09-29 04:59:51.427+00,9,f,f
2026-09-29 05:00:00+00,DR-01,Koridor Darmo - Tunjungan,simulator,58,60,0.9667,0.0333,1,LANCAR,2026-09-29 04:59:51.427+00,9,f,f
2026-09-29 05:00:00+00,DR-02,Koridor Darmo - Tunjungan,simulator,43,51,0.8431,0.1569,8,LANCAR,2026-09-29 04:59:51.427+00,9,f,f
2026-09-29 05:00:00+00,DR-03,Koridor Darmo - Tunjungan,simulator,45,47,0.9574,0.0426,2,LANCAR,2026-09-29 04:59:51.427+00,9,f,f
2026-09-29 05:00:00+00,MR-01,Koridor MERR,simulator,49,51,0.9608,0.0392,2,LANCAR,2026-09-29 04:59:51.427+00,9,f,f
2026-09-29 05:00:00+00,MR-02,Koridor MERR,simulator,40,42,0.9524,0.0476,3,LANCAR,2026-09-29 04:59:51.427+00,9,f,f
2026-09-29 05:00:00+00,MR-03,Koridor MERR,simulator,42,44,0.9545,0.0455,2,LANCAR,2026-09-29 04:59:51.427+00,9,f,f
2026-09-29 05:10:00+00,AY-01,Koridor A. Yani,simulator,41,45,0.9111,0.0889,5,LANCAR,2026-09-29 05:09:51.446+00,9,f,f
2026-09-29 05:10:00+00,AY-02,Koridor A. Yani,simulator,49,54,0.9074,0.0926,4,LANCAR,2026-09-29 05:09:51.446+00,9,f,f
2026-09-29 05:10:00+00,AY-03,Koridor A. Yani,simulator,46,48,0.9583,0.0417,2,LANCAR,2026-09-29 05:09:51.446+00,9,f,f
2026-09-29 05:10:00+00,DR-01,Koridor Darmo - Tunjungan,simulator,50,60,0.8333,0.1667,7,LANCAR,2026-09-29 05:09:51.446+00,9,f,f
2026-09-29 05:10:00+00,DR-02,Koridor Darmo - Tunjungan,simulator,44,51,0.8627,0.1373,7,LANCAR,2026-09-29 05:09:51.446+00,9,f,f
2026-09-29 05:10:00+00,DR-03,Koridor Darmo - Tunjungan,simulator,42,47,0.8936,0.1064,5,LANCAR,2026-09-29 05:09:51.446+00,9,f,f
2026-09-29 05:10:00+00,MR-01,Koridor MERR,simulator,42,51,0.8235,0.1765,9,LANCAR,2026-09-29 05:09:51.446+00,9,f,f
2026-09-29 05:10:00+00,MR-02,Koridor MERR,simulator,41,42,0.9762,0.0238,2,LANCAR,2026-09-29 05:09:51.446+00,9,f,f
2026-09-29 05:10:00+00,MR-03,Koridor MERR,simulator,40,44,0.9091,0.0909,5,LANCAR,2026-09-29 05:09:51.446+00,9,f,f
2026-09-29 05:20:00+00,AY-01,Koridor A. Yani,simulator,39,45,0.8667,0.1333,7,LANCAR,2026-09-29 05:18:15.448+00,105,f,f
2026-09-29 05:20:00+00,AY-02,Koridor A. Yani,simulator,45,54,0.8333,0.1667,8,LANCAR,2026-09-29 05:18:15.448+00,105,f,f
2026-09-29 05:20:00+00,AY-03,Koridor A. Yani,simulator,44,48,0.9167,0.0833,4,LANCAR,2026-09-29 05:18:15.448+00,105,f,f
2026-09-29 05:20:00+00,DR-01,Koridor Darmo - Tunjungan,simulator,57,60,0.95,0.05,2,LANCAR,2026-09-29 05:18:15.448+00,105,f,f
2026-09-29 05:20:00+00,DR-02,Koridor Darmo - Tunjungan,simulator,44,51,0.8627,0.1373,7,LANCAR,2026-09-29 05:18:15.448+00,105,f,f
2026-09-29 05:20:00+00,DR-03,Koridor Darmo - Tunjungan,simulator,44,47,0.9362,0.0638,3,LANCAR,2026-09-29 05:18:15.448+00,105,f,f
2026-09-29 05:20:00+00,MR-01,Koridor MERR,simulator,47,51,0.9216,0.0784,4,LANCAR,2026-09-29 05:18:15.448+00,105,f,f
2026-09-29 05:20:00+00,MR-02,Koridor MERR,simulator,40,42,0.9524,0.0476,3,LANCAR,2026-09-29 05:18:15.448+00,105,f,f
2026-09-29 05:20:00+00,MR-03,Koridor MERR,simulator,43,44,0.9773,0.0227,1,LANCAR,2026-09-29 05:18:15.448+00,105,f,f
2026-09-29 05:30:00+00,AY-01,Koridor A. Yani,simulator,39,45,0.8667,0.1333,7,LANCAR,2026-09-29 05:18:15.448+00,705,t,f
2026-09-29 05:30:00+00,AY-02,Koridor A. Yani,simulator,45,54,0.8333,0.1667,8,LANCAR,2026-09-29 05:18:15.448+00,705,t,f
2026-09-29 05:30:00+00,AY-03,Koridor A. Yani,simulator,44,48,0.9167,0.0833,4,LANCAR,2026-09-29 05:18:15.448+00,705,t,f
2026-09-29 05:30:00+00,DR-01,Koridor Darmo - Tunjungan,simulator,57,60,0.95,0.05,2,LANCAR,2026-09-29 05:18:15.448+00,705,t,f
2026-09-29 05:30:00+00,DR-02,Koridor Darmo - Tunjungan,simulator,44,51,0.8627,0.1373,7,LANCAR,2026-09-29 05:18:15.448+00,705,t,f
2026-09-29 05:30:00+00,DR-03,Koridor Darmo - Tunjungan,simulator,44,47,0.9362,0.0638,3,LANCAR,2026-09-29 05:18:15.448+00,705,t,f
2026-09-29 05:30:00+00,MR-01,Koridor MERR,simulator,47,51,0.9216,0.0784,4,LANCAR,2026-09-29 05:18:15.448+00,705,t,f
2026-09-29 05:30:00+00,MR-02,Koridor MERR,simulator,40,42,0.9524,0.0476,3,LANCAR,2026-09-29 05:18:15.448+00,705,t,f
2026-09-29 05:30:00+00,MR-03,Koridor MERR,simulator,43,44,0.9773,0.0227,1,LANCAR,2026-09-29 05:18:15.448+00,705,t,f
2026-09-29 05:40:00+00,AY-01,Koridor A. Yani,simulator,43,45,0.9556,0.0444,2,LANCAR,2026-09-29 05:34:35.171+00,325,f,f
2026-09-29 05:40:00+00,AY-02,Koridor A. Yani,simulator,46,54,0.8519,0.1481,7,LANCAR,2026-09-29 05:34:35.171+00,325,f,f
2026-09-29 05:40:00+00,AY-03,Koridor A. Yani,simulator,42,48,0.875,0.125,6,LANCAR,2026-09-29 05:34:35.171+00,325,f,f
2026-09-29 05:40:00+00,DR-01,Koridor Darmo - Tunjungan,simulator,58,60,0.9667,0.0333,1,LANCAR,2026-09-29 05:34:35.171+00,325,f,f
2026-09-29 05:40:00+00,DR-02,Koridor Darmo - Tunjungan,simulator,48,51,0.9412,0.0588,3,LANCAR,2026-09-29 05:34:35.171+00,325,f,f
2026-09-29 05:40:00+00,DR-03,Koridor Darmo - Tunjungan,simulator,45,47,0.9574,0.0426,2,LANCAR,2026-09-29 05:34:35.171+00,325,f,f
2026-09-29 05:40:00+00,MR-01,Koridor MERR,simulator,44,51,0.8627,0.1373,7,LANCAR,2026-09-29 05:34:35.171+00,325,f,f
2026-09-29 05:40:00+00,MR-02,Koridor MERR,simulator,36,42,0.8571,0.1429,9,LANCAR,2026-09-29 05:34:35.171+00,325,f,f
2026-09-29 05:40:00+00,MR-03,Koridor MERR,simulator,42,44,0.9545,0.0455,2,LANCAR,2026-09-29 05:34:35.171+00,325,f,f
2026-09-29 05:50:00+00,AY-01,Koridor A. Yani,simulator,43,45,0.9556,0.0444,2,LANCAR,2026-09-29 05:34:35.171+00,925,t,f
2026-09-29 05:50:00+00,AY-02,Koridor A. Yani,simulator,46,54,0.8519,0.1481,7,LANCAR,2026-09-29 05:34:35.171+00,925,t,f
2026-09-29 05:50:00+00,AY-03,Koridor A. Yani,simulator,42,48,0.875,0.125,6,LANCAR,2026-09-29 05:34:35.171+00,925,t,f
2026-09-29 05:50:00+00,DR-01,Koridor Darmo - Tunjungan,simulator,58,60,0.9667,0.0333,1,LANCAR,2026-09-29 05:34:35.171+00,925,t,f
2026-09-29 05:50:00+00,DR-02,Koridor Darmo - Tunjungan,simulator,48,51,0.9412,0.0588,3,LANCAR,2026-09-29 05:34:35.171+00,925,t,f
2026-09-29 05:50:00+00,DR-03,Koridor Darmo - Tunjungan,simulator,45,47,0.9574,0.0426,2,LANCAR,2026-09-29 05:34:35.171+00,925,t,f
2026-09-29 05:50:00+00,MR-01,Koridor MERR,simulator,44,51,0.8627,0.1373,7,LANCAR,2026-09-29 05:34:35.171+00,925,t,f
2026-09-29 05:50:00+00,MR-02,Koridor MERR,simulator,36,42,0.8571,0.1429,9,LANCAR,2026-09-29 05:34:35.171+00,925,t,f
2026-09-29 05:50:00+00,MR-03,Koridor MERR,simulator,42,44,0.9545,0.0455,2,LANCAR,2026-09-29 05:34:35.171+00,925,t,f
2026-09-29 06:00:00+00,AY-01,Koridor A. Yani,simulator,38,45,0.8444,0.1556,9,LANCAR,2026-09-29 05:54:39.527+00,320,f,f
2026-09-29 06:00:00+00,AY-02,Koridor A. Yani,simulator,52,54,0.963,0.037,2,LANCAR,2026-09-29 05:54:39.527+00,320,f,f
2026-09-29 06:00:00+00,AY-03,Koridor A. Yani,simulator,46,48,0.9583,0.0417,2,LANCAR,2026-09-29 05:54:39.527+00,320,f,f
2026-09-29 06:00:00+00,DR-01,Koridor Darmo - Tunjungan,simulator,55,60,0.9167,0.0833,3,LANCAR,2026-09-29 05:54:39.527+00,320,f,f
2026-09-29 06:00:00+00,DR-02,Koridor Darmo - Tunjungan,simulator,45,51,0.8824,0.1176,6,LANCAR,2026-09-29 05:54:39.527+00,320,f,f
2026-09-29 06:00:00+00,DR-03,Koridor Darmo - Tunjungan,simulator,39,47,0.8298,0.1702,9,LANCAR,2026-09-29 05:54:39.527+00,320,f,f
2026-09-29 06:00:00+00,MR-01,Koridor MERR,simulator,46,51,0.902,0.098,5,LANCAR,2026-09-29 05:54:39.527+00,320,f,f
2026-09-29 06:00:00+00,MR-02,Koridor MERR,simulator,37,42,0.881,0.119,7,LANCAR,2026-09-29 05:54:39.527+00,320,f,f
2026-09-29 06:00:00+00,MR-03,Koridor MERR,simulator,39,44,0.8864,0.1136,6,LANCAR,2026-09-29 05:54:39.527+00,320,f,f
2026-09-29 06:10:00+00,AY-01,Koridor A. Yani,simulator,38,45,0.8444,0.1556,9,LANCAR,2026-09-29 05:54:39.527+00,920,t,f
2026-09-29 06:10:00+00,AY-02,Koridor A. Yani,simulator,52,54,0.963,0.037,2,LANCAR,2026-09-29 05:54:39.527+00,920,t,f
2026-09-29 06:10:00+00,AY-03,Koridor A. Yani,simulator,46,48,0.9583,0.0417,2,LANCAR,2026-09-29 05:54:39.527+00,920,t,f
2026-09-29 06:10:00+00,DR-01,Koridor Darmo - Tunjungan,simulator,55,60,0.9167,0.0833,3,LANCAR,2026-09-29 05:54:39.527+00,920,t,f
2026-09-29 06:10:00+00,DR-02,Koridor Darmo - Tunjungan,simulator,45,51,0.8824,0.1176,6,LANCAR,2026-09-29 05:54:39.527+00,920,t,f
2026-09-29 06:10:00+00,DR-03,Koridor Darmo - Tunjungan,simulator,39,47,0.8298,0.1702,9,LANCAR,2026-09-29 05:54:39.527+00,920,t,f
2026-09-29 06:10:00+00,MR-01,Koridor MERR,simulator,46,51,0.902,0.098,5,LANCAR,2026-09-29 05:54:39.527+00,920,t,f
2026-09-29 06:10:00+00,MR-02,Koridor MERR,simulator,37,42,0.881,0.119,7,LANCAR,2026-09-29 05:54:39.527+00,920,t,f
2026-09-29 06:10:00+00,MR-03,Koridor MERR,simulator,39,44,0.8864,0.1136,6,LANCAR,2026-09-29 05:54:39.527+00,920,t,f
2026-09-29 06:20:00+00,AY-01,Koridor A. Yani,simulator,38,45,0.8444,0.1556,9,LANCAR,2026-09-29 06:19:36.265+00,24,f,f
2026-09-29 06:20:00+00,AY-02,Koridor A. Yani,simulator,49,54,0.9074,0.0926,4,LANCAR,2026-09-29 06:19:36.265+00,24,f,f
2026-09-29 06:20:00+00,AY-03,Koridor A. Yani,simulator,45,48,0.9375,0.0625,3,LANCAR,2026-09-29 06:19:36.265+00,24,f,f
2026-09-29 06:20:00+00,DR-01,Koridor Darmo - Tunjungan,simulator,49,60,0.8167,0.1833,8,LANCAR,2026-09-29 06:19:36.265+00,24,f,f
2026-09-29 06:20:00+00,DR-02,Koridor Darmo - Tunjungan,simulator,46,51,0.902,0.098,5,LANCAR,2026-09-29 06:19:36.265+00,24,f,f
2026-09-29 06:20:00+00,DR-03,Koridor Darmo - Tunjungan,simulator,45,47,0.9574,0.0426,2,LANCAR,2026-09-29 06:19:36.265+00,24,f,f
2026-09-29 06:20:00+00,MR-01,Koridor MERR,simulator,49,51,0.9608,0.0392,2,LANCAR,2026-09-29 06:19:36.265+00,24,f,f
2026-09-29 06:20:00+00,MR-02,Koridor MERR,simulator,37,42,0.881,0.119,7,LANCAR,2026-09-29 06:19:36.265+00,24,f,f
2026-09-29 06:20:00+00,MR-03,Koridor MERR,simulator,43,44,0.9773,0.0227,1,LANCAR,2026-09-29 06:19:36.265+00,24,f,f
2026-09-29 06:30:00+00,AY-01,Koridor A. Yani,simulator,41,45,0.9111,0.0889,5,LANCAR,2026-09-29 06:29:36.297+00,24,f,f
2026-09-29 06:30:00+00,AY-02,Koridor A. Yani,simulator,49,54,0.9074,0.0926,4,LANCAR,2026-09-29 06:29:36.297+00,24,f,f
2026-09-29 06:30:00+00,AY-03,Koridor A. Yani,simulator,46,48,0.9583,0.0417,2,LANCAR,2026-09-29 06:29:36.297+00,24,f,f
2026-09-29 06:30:00+00,DR-01,Koridor Darmo - Tunjungan,simulator,59,60,0.9833,0.0167,1,LANCAR,2026-09-29 06:29:36.297+00,24,f,f
2026-09-29 06:30:00+00,DR-02,Koridor Darmo - Tunjungan,simulator,50,51,0.9804,0.0196,1,LANCAR,2026-09-29 06:29:36.297+00,24,f,f
2026-09-29 06:30:00+00,DR-03,Koridor Darmo - Tunjungan,simulator,45,47,0.9574,0.0426,2,LANCAR,2026-09-29 06:29:36.297+00,24,f,f
2026-09-29 06:30:00+00,MR-01,Koridor MERR,simulator,49,51,0.9608,0.0392,2,LANCAR,2026-09-29 06:29:36.297+00,24,f,f
2026-09-29 06:30:00+00,MR-02,Koridor MERR,simulator,36,42,0.8571,0.1429,9,LANCAR,2026-09-29 06:29:36.297+00,24,f,f
2026-09-29 06:30:00+00,MR-03,Koridor MERR,simulator,38,44,0.8636,0.1364,8,LANCAR,2026-09-29 06:29:36.297+00,24,f,f
2026-09-29 06:40:00+00,AY-01,Koridor A. Yani,simulator,43,45,0.9556,0.0444,2,LANCAR,2026-09-29 06:32:06.33+00,474,f,f
2026-09-29 06:40:00+00,AY-02,Koridor A. Yani,simulator,48,54,0.8889,0.1111,5,LANCAR,2026-09-29 06:32:06.33+00,474,f,f
2026-09-29 06:40:00+00,AY-03,Koridor A. Yani,simulator,41,48,0.8542,0.1458,8,LANCAR,2026-09-29 06:32:06.33+00,474,f,f
2026-09-29 06:40:00+00,DR-01,Koridor Darmo - Tunjungan,simulator,56,60,0.9333,0.0667,3,LANCAR,2026-09-29 06:32:06.33+00,474,f,f
2026-09-29 06:40:00+00,DR-02,Koridor Darmo - Tunjungan,simulator,49,51,0.9608,0.0392,2,LANCAR,2026-09-29 06:32:06.33+00,474,f,f
2026-09-29 06:40:00+00,DR-03,Koridor Darmo - Tunjungan,simulator,45,47,0.9574,0.0426,2,LANCAR,2026-09-29 06:32:06.33+00,474,f,f
2026-09-29 06:40:00+00,MR-01,Koridor MERR,simulator,47,51,0.9216,0.0784,4,LANCAR,2026-09-29 06:32:06.33+00,474,f,f
2026-09-29 06:40:00+00,MR-02,Koridor MERR,simulator,34,42,0.8095,0.1905,13,LANCAR,2026-09-29 06:32:06.33+00,474,f,f
2026-09-29 06:40:00+00,MR-03,Koridor MERR,simulator,42,44,0.9545,0.0455,2,LANCAR,2026-09-29 06:32:06.33+00,474,f,f
2026-09-29 06:50:00+00,AY-01,Koridor A. Yani,simulator,43,45,0.9556,0.0444,2,LANCAR,2026-09-29 06:32:06.33+00,1074,t,f
2026-09-29 06:50:00+00,AY-02,Koridor A. Yani,simulator,48,54,0.8889,0.1111,5,LANCAR,2026-09-29 06:32:06.33+00,1074,t,f
2026-09-29 06:50:00+00,AY-03,Koridor A. Yani,simulator,41,48,0.8542,0.1458,8,LANCAR,2026-09-29 06:32:06.33+00,1074,t,f
2026-09-29 06:50:00+00,DR-01,Koridor Darmo - Tunjungan,simulator,56,60,0.9333,0.0667,3,LANCAR,2026-09-29 06:32:06.33+00,1074,t,f
2026-09-29 06:50:00+00,DR-02,Koridor Darmo - Tunjungan,simulator,49,51,0.9608,0.0392,2,LANCAR,2026-09-29 06:32:06.33+00,1074,t,f
2026-09-29 06:50:00+00,DR-03,Koridor Darmo - Tunjungan,simulator,45,47,0.9574,0.0426,2,LANCAR,2026-09-29 06:32:06.33+00,1074,t,f
2026-09-29 06:50:00+00,MR-01,Koridor MERR,simulator,47,51,0.9216,0.0784,4,LANCAR,2026-09-29 06:32:06.33+00,1074,t,f
2026-09-29 06:50:00+00,MR-02,Koridor MERR,simulator,34,42,0.8095,0.1905,13,LANCAR,2026-09-29 06:32:06.33+00,1074,t,f
2026-09-29 06:50:00+00,MR-03,Koridor MERR,simulator,42,44,0.9545,0.0455,2,LANCAR,2026-09-29 06:32:06.33+00,1074,t,f
2026-09-29 07:00:00+00,AY-01,Koridor A. Yani,simulator,43,45,0.9556,0.0444,2,LANCAR,2026-09-29 06:50:16.337+00,584,f,f
2026-09-29 07:00:00+00,AY-02,Koridor A. Yani,simulator,48,54,0.8889,0.1111,5,LANCAR,2026-09-29 06:50:16.337+00,584,f,f
2026-09-29 07:00:00+00,AY-03,Koridor A. Yani,simulator,40,48,0.8333,0.1667,9,LANCAR,2026-09-29 06:50:16.337+00,584,f,f
2026-09-29 07:00:00+00,DR-01,Koridor Darmo - Tunjungan,simulator,55,60,0.9167,0.0833,3,LANCAR,2026-09-29 06:50:16.337+00,584,f,f
2026-09-29 07:00:00+00,DR-02,Koridor Darmo - Tunjungan,simulator,42,51,0.8235,0.1765,9,LANCAR,2026-09-29 06:50:16.337+00,584,f,f
2026-09-29 07:00:00+00,DR-03,Koridor Darmo - Tunjungan,simulator,40,47,0.8511,0.1489,8,LANCAR,2026-09-29 06:50:16.337+00,584,f,f
2026-09-29 07:00:00+00,MR-01,Koridor MERR,simulator,43,51,0.8431,0.1569,8,LANCAR,2026-09-29 06:50:16.337+00,584,f,f
2026-09-29 07:00:00+00,MR-02,Koridor MERR,simulator,40,42,0.9524,0.0476,3,LANCAR,2026-09-29 06:50:16.337+00,584,f,f
2026-09-29 07:00:00+00,MR-03,Koridor MERR,simulator,37,44,0.8409,0.1591,9,LANCAR,2026-09-29 06:50:16.337+00,584,f,f
2026-09-29 07:10:00+00,AY-01,Koridor A. Yani,simulator,42,45,0.9333,0.0667,3,LANCAR,2026-09-29 07:07:01.047+00,179,f,f
2026-09-29 07:10:00+00,AY-02,Koridor A. Yani,simulator,49,54,0.9074,0.0926,4,LANCAR,2026-09-29 07:07:01.047+00,179,f,f
2026-09-29 07:10:00+00,AY-03,Koridor A. Yani,simulator,46,48,0.9583,0.0417,2,LANCAR,2026-09-29 07:07:01.047+00,179,f,f
2026-09-29 07:10:00+00,DR-01,Koridor Darmo - Tunjungan,simulator,55,60,0.9167,0.0833,3,LANCAR,2026-09-29 07:07:01.047+00,179,f,f
2026-09-29 07:10:00+00,DR-02,Koridor Darmo - Tunjungan,simulator,49,51,0.9608,0.0392,2,LANCAR,2026-09-29 07:07:01.047+00,179,f,f
2026-09-29 07:10:00+00,DR-03,Koridor Darmo - Tunjungan,simulator,41,47,0.8723,0.1277,7,LANCAR,2026-09-29 07:07:01.047+00,179,f,f
2026-09-29 07:10:00+00,MR-01,Koridor MERR,simulator,46,51,0.902,0.098,5,LANCAR,2026-09-29 07:07:01.047+00,179,f,f
2026-09-29 07:10:00+00,MR-02,Koridor MERR,simulator,36,42,0.8571,0.1429,9,LANCAR,2026-09-29 07:07:01.047+00,179,f,f
2026-09-29 07:10:00+00,MR-03,Koridor MERR,simulator,39,44,0.8864,0.1136,6,LANCAR,2026-09-29 07:07:01.047+00,179,f,f
2026-09-29 07:20:00+00,AY-01,Koridor A. Yani,simulator,42,45,0.9333,0.0667,3,LANCAR,2026-09-29 07:07:01.047+00,779,t,f
2026-09-29 07:20:00+00,AY-02,Koridor A. Yani,simulator,49,54,0.9074,0.0926,4,LANCAR,2026-09-29 07:07:01.047+00,779,t,f
2026-09-29 07:20:00+00,AY-03,Koridor A. Yani,simulator,46,48,0.9583,0.0417,2,LANCAR,2026-09-29 07:07:01.047+00,779,t,f
2026-09-29 07:20:00+00,DR-01,Koridor Darmo - Tunjungan,simulator,55,60,0.9167,0.0833,3,LANCAR,2026-09-29 07:07:01.047+00,779,t,f
2026-09-29 07:20:00+00,DR-02,Koridor Darmo - Tunjungan,simulator,49,51,0.9608,0.0392,2,LANCAR,2026-09-29 07:07:01.047+00,779,t,f
2026-09-29 07:20:00+00,DR-03,Koridor Darmo - Tunjungan,simulator,41,47,0.8723,0.1277,7,LANCAR,2026-09-29 07:07:01.047+00,779,t,f
2026-09-29 07:20:00+00,MR-01,Koridor MERR,simulator,46,51,0.902,0.098,5,LANCAR,2026-09-29 07:07:01.047+00,779,t,f
2026-09-29 07:20:00+00,MR-02,Koridor MERR,simulator,36,42,0.8571,0.1429,9,LANCAR,2026-09-29 07:07:01.047+00,779,t,f
2026-09-29 07:20:00+00,MR-03,Koridor MERR,simulator,39,44,0.8864,0.1136,6,LANCAR,2026-09-29 07:07:01.047+00,779,t,f
2026-09-29 07:30:00+00,AY-01,Koridor A. Yani,simulator,41,45,0.9111,0.0889,5,LANCAR,2026-09-29 07:28:17.104+00,103,f,f
2026-09-29 07:30:00+00,AY-02,Koridor A. Yani,simulator,48,54,0.8889,0.1111,5,LANCAR,2026-09-29 07:28:17.104+00,103,f,f
2026-09-29 07:30:00+00,AY-03,Koridor A. Yani,simulator,45,48,0.9375,0.0625,3,LANCAR,2026-09-29 07:28:17.104+00,103,f,f
2026-09-29 07:30:00+00,DR-01,Koridor Darmo - Tunjungan,simulator,55,60,0.9167,0.0833,3,LANCAR,2026-09-29 07:28:17.104+00,103,f,f
2026-09-29 07:30:00+00,DR-02,Koridor Darmo - Tunjungan,simulator,49,51,0.9608,0.0392,2,LANCAR,2026-09-29 07:28:17.104+00,103,f,f
2026-09-29 07:30:00+00,DR-03,Koridor Darmo - Tunjungan,simulator,38,47,0.8085,0.1915,11,LANCAR,2026-09-29 07:28:17.104+00,103,f,f
2026-09-29 07:30:00+00,MR-01,Koridor MERR,simulator,47,51,0.9216,0.0784,4,LANCAR,2026-09-29 07:28:17.104+00,103,f,f
2026-09-29 07:30:00+00,MR-02,Koridor MERR,simulator,41,42,0.9762,0.0238,2,LANCAR,2026-09-29 07:28:17.104+00,103,f,f
2026-09-29 07:30:00+00,MR-03,Koridor MERR,simulator,38,44,0.8636,0.1364,8,LANCAR,2026-09-29 07:28:17.104+00,103,f,f
2026-09-29 07:40:00+00,AY-01,Koridor A. Yani,simulator,41,45,0.9111,0.0889,5,LANCAR,2026-09-29 07:28:17.104+00,703,t,f
2026-09-29 07:40:00+00,AY-02,Koridor A. Yani,simulator,48,54,0.8889,0.1111,5,LANCAR,2026-09-29 07:28:17.104+00,703,t,f
2026-09-29 07:40:00+00,AY-03,Koridor A. Yani,simulator,45,48,0.9375,0.0625,3,LANCAR,2026-09-29 07:28:17.104+00,703,t,f
2026-09-29 07:40:00+00,DR-01,Koridor Darmo - Tunjungan,simulator,55,60,0.9167,0.0833,3,LANCAR,2026-09-29 07:28:17.104+00,703,t,f
2026-09-29 07:40:00+00,DR-02,Koridor Darmo - Tunjungan,simulator,49,51,0.9608,0.0392,2,LANCAR,2026-09-29 07:28:17.104+00,703,t,f
2026-09-29 07:40:00+00,DR-03,Koridor Darmo - Tunjungan,simulator,38,47,0.8085,0.1915,11,LANCAR,2026-09-29 07:28:17.104+00,703,t,f
2026-09-29 07:40:00+00,MR-01,Koridor MERR,simulator,47,51,0.9216,0.0784,4,LANCAR,2026-09-29 07:28:17.104+00,703,t,f
2026-09-29 07:40:00+00,MR-02,Koridor MERR,simulator,41,42,0.9762,0.0238,2,LANCAR,2026-09-29 07:28:17.104+00,703,t,f
2026-09-29 07:40:00+00,MR-03,Koridor MERR,simulator,38,44,0.8636,0.1364,8,LANCAR,2026-09-29 07:28:17.104+00,703,t,f
2026-09-29 07:50:00+00,AY-01,Koridor A. Yani,simulator,39,45,0.8667,0.1333,7,LANCAR,2026-09-29 07:45:42.889+00,257,f,f
2026-09-29 07:50:00+00,AY-02,Koridor A. Yani,simulator,51,54,0.9444,0.0556,2,LANCAR,2026-09-29 07:45:42.889+00,257,f,f
2026-09-29 07:50:00+00,AY-03,Koridor A. Yani,simulator,45,48,0.9375,0.0625,3,LANCAR,2026-09-29 07:45:42.889+00,257,f,f
2026-09-29 07:50:00+00,DR-01,Koridor Darmo - Tunjungan,simulator,55,60,0.9167,0.0833,3,LANCAR,2026-09-29 07:45:42.889+00,257,f,f
2026-09-29 07:50:00+00,DR-02,Koridor Darmo - Tunjungan,simulator,45,51,0.8824,0.1176,6,LANCAR,2026-09-29 07:45:42.889+00,257,f,f
2026-09-29 07:50:00+00,DR-03,Koridor Darmo - Tunjungan,simulator,38,47,0.8085,0.1915,11,LANCAR,2026-09-29 07:45:42.889+00,257,f,f
2026-09-29 07:50:00+00,MR-01,Koridor MERR,simulator,45,51,0.8824,0.1176,6,LANCAR,2026-09-29 07:45:42.889+00,257,f,f
2026-09-29 07:50:00+00,MR-02,Koridor MERR,simulator,36,42,0.8571,0.1429,9,LANCAR,2026-09-29 07:45:42.889+00,257,f,f
2026-09-29 07:50:00+00,MR-03,Koridor MERR,simulator,37,44,0.8409,0.1591,9,LANCAR,2026-09-29 07:45:42.889+00,257,f,f
2026-09-29 08:00:00+00,AY-01,Koridor A. Yani,simulator,39,45,0.8667,0.1333,7,LANCAR,2026-09-29 07:45:42.889+00,857,t,f
2026-09-29 08:00:00+00,AY-02,Koridor A. Yani,simulator,51,54,0.9444,0.0556,2,LANCAR,2026-09-29 07:45:42.889+00,857,t,f
2026-09-29 08:00:00+00,AY-03,Koridor A. Yani,simulator,45,48,0.9375,0.0625,3,LANCAR,2026-09-29 07:45:42.889+00,857,t,f
2026-09-29 08:00:00+00,DR-01,Koridor Darmo - Tunjungan,simulator,55,60,0.9167,0.0833,3,LANCAR,2026-09-29 07:45:42.889+00,857,t,f
2026-09-29 08:00:00+00,DR-02,Koridor Darmo - Tunjungan,simulator,45,51,0.8824,0.1176,6,LANCAR,2026-09-29 07:45:42.889+00,857,t,f
2026-09-29 08:00:00+00,DR-03,Koridor Darmo - Tunjungan,simulator,38,47,0.8085,0.1915,11,LANCAR,2026-09-29 07:45:42.889+00,857,t,f
2026-09-29 08:00:00+00,MR-01,Koridor MERR,simulator,45,51,0.8824,0.1176,6,LANCAR,2026-09-29 07:45:42.889+00,857,t,f
2026-09-29 08:00:00+00,MR-02,Koridor MERR,simulator,36,42,0.8571,0.1429,9,LANCAR,2026-09-29 07:45:42.889+00,857,t,f
2026-09-29 08:00:00+00,MR-03,Koridor MERR,simulator,37,44,0.8409,0.1591,9,LANCAR,2026-09-29 07:45:42.889+00,857,t,f
2026-09-29 08:10:00+00,AY-01,Koridor A. Yani,simulator,39,45,0.8667,0.1333,7,LANCAR,2026-09-29 08:01:35.977+00,504,f,f
2026-09-29 08:10:00+00,AY-02,Koridor A. Yani,simulator,49,54,0.9074,0.0926,4,LANCAR,2026-09-29 08:01:35.977+00,504,f,f
2026-09-29 08:10:00+00,AY-03,Koridor A. Yani,simulator,38,48,0.7917,0.2083,12,PADAT,2026-09-29 08:01:35.977+00,504,f,f
2026-09-29 08:10:00+00,DR-01,Koridor Darmo - Tunjungan,simulator,52,60,0.8667,0.1333,6,LANCAR,2026-09-29 08:01:35.977+00,504,f,f
2026-09-29 08:10:00+00,DR-02,Koridor Darmo - Tunjungan,simulator,44,51,0.8627,0.1373,7,LANCAR,2026-09-29 08:01:35.977+00,504,f,f
2026-09-29 08:10:00+00,DR-03,Koridor Darmo - Tunjungan,simulator,39,47,0.8298,0.1702,9,LANCAR,2026-09-29 08:01:35.977+00,504,f,f
2026-09-29 08:10:00+00,MR-01,Koridor MERR,simulator,41,51,0.8039,0.1961,11,LANCAR,2026-09-29 08:01:35.977+00,504,f,f
2026-09-29 08:10:00+00,MR-02,Koridor MERR,simulator,39,42,0.9286,0.0714,4,LANCAR,2026-09-29 08:01:35.977+00,504,f,f
2026-09-29 08:10:00+00,MR-03,Koridor MERR,simulator,40,44,0.9091,0.0909,5,LANCAR,2026-09-29 08:01:35.977+00,504,f,f
2026-09-29 08:20:00+00,AY-01,Koridor A. Yani,simulator,36,45,0.8,0.2,12,LANCAR,2026-09-29 08:17:56.566+00,123,f,f
2026-09-29 08:20:00+00,AY-02,Koridor A. Yani,simulator,45,54,0.8333,0.1667,8,LANCAR,2026-09-29 08:17:56.566+00,123,f,f
2026-09-29 08:20:00+00,AY-03,Koridor A. Yani,simulator,39,48,0.8125,0.1875,10,LANCAR,2026-09-29 08:17:56.566+00,123,f,f
2026-09-29 08:20:00+00,DR-01,Koridor Darmo - Tunjungan,simulator,48,60,0.8,0.2,9,LANCAR,2026-09-29 08:17:56.566+00,123,f,f
2026-09-29 08:20:00+00,DR-02,Koridor Darmo - Tunjungan,simulator,46,51,0.902,0.098,5,LANCAR,2026-09-29 08:17:56.566+00,123,f,f
2026-09-29 08:20:00+00,DR-03,Koridor Darmo - Tunjungan,simulator,36,47,0.766,0.234,14,PADAT,2026-09-29 08:17:56.566+00,123,f,f
2026-09-29 08:20:00+00,MR-01,Koridor MERR,simulator,44,51,0.8627,0.1373,7,LANCAR,2026-09-29 08:17:56.566+00,123,f,f
2026-09-29 08:20:00+00,MR-02,Koridor MERR,simulator,34,42,0.8095,0.1905,13,LANCAR,2026-09-29 08:17:56.566+00,123,f,f
2026-09-29 08:20:00+00,MR-03,Koridor MERR,simulator,39,44,0.8864,0.1136,6,LANCAR,2026-09-29 08:17:56.566+00,123,f,f
2026-09-29 08:30:00+00,AY-01,Koridor A. Yani,simulator,34,45,0.7556,0.2444,16,PADAT,2026-09-29 08:20:06.029+00,594,f,f
2026-09-29 08:30:00+00,AY-02,Koridor A. Yani,simulator,47,54,0.8704,0.1296,6,LANCAR,2026-09-29 08:20:06.029+00,594,f,f
2026-09-29 08:30:00+00,AY-03,Koridor A. Yani,simulator,43,48,0.8958,0.1042,5,LANCAR,2026-09-29 08:20:06.029+00,594,f,f
2026-09-29 08:30:00+00,DR-01,Koridor Darmo - Tunjungan,simulator,50,60,0.8333,0.1667,7,LANCAR,2026-09-29 08:20:06.029+00,594,f,f
2026-09-29 08:30:00+00,DR-02,Koridor Darmo - Tunjungan,simulator,43,51,0.8431,0.1569,8,LANCAR,2026-09-29 08:20:06.029+00,594,f,f
2026-09-29 08:30:00+00,DR-03,Koridor Darmo - Tunjungan,simulator,36,47,0.766,0.234,14,PADAT,2026-09-29 08:20:06.029+00,594,f,f
2026-09-29 08:30:00+00,MR-01,Koridor MERR,simulator,46,51,0.902,0.098,5,LANCAR,2026-09-29 08:20:06.029+00,594,f,f
2026-09-29 08:30:00+00,MR-02,Koridor MERR,simulator,35,42,0.8333,0.1667,11,LANCAR,2026-09-29 08:20:06.029+00,594,f,f
2026-09-29 08:30:00+00,MR-03,Koridor MERR,simulator,39,44,0.8864,0.1136,6,LANCAR,2026-09-29 08:20:06.029+00,594,f,f
2026-09-29 08:40:00+00,AY-01,Koridor A. Yani,simulator,34,45,0.7556,0.2444,16,PADAT,2026-09-29 08:34:43.185+00,317,f,f
2026-09-29 08:40:00+00,AY-02,Koridor A. Yani,simulator,44,54,0.8148,0.1852,9,LANCAR,2026-09-29 08:34:43.185+00,317,f,f
2026-09-29 08:40:00+00,AY-03,Koridor A. Yani,simulator,40,48,0.8333,0.1667,9,LANCAR,2026-09-29 08:34:43.185+00,317,f,f
2026-09-29 08:40:00+00,DR-01,Koridor Darmo - Tunjungan,simulator,50,60,0.8333,0.1667,7,LANCAR,2026-09-29 08:34:43.185+00,317,f,f
2026-09-29 08:40:00+00,DR-02,Koridor Darmo - Tunjungan,simulator,41,51,0.8039,0.1961,11,LANCAR,2026-09-29 08:34:43.185+00,317,f,f
2026-09-29 08:40:00+00,DR-03,Koridor Darmo - Tunjungan,simulator,41,47,0.8723,0.1277,7,LANCAR,2026-09-29 08:34:43.185+00,317,f,f
2026-09-29 08:40:00+00,MR-01,Koridor MERR,simulator,39,51,0.7647,0.2353,13,PADAT,2026-09-29 08:34:43.185+00,317,f,f
2026-09-29 08:40:00+00,MR-02,Koridor MERR,simulator,33,42,0.7857,0.2143,14,PADAT,2026-09-29 08:34:43.185+00,317,f,f
2026-09-29 08:40:00+00,MR-03,Koridor MERR,simulator,34,44,0.7727,0.2273,15,PADAT,2026-09-29 08:34:43.185+00,317,f,f
2026-09-29 08:50:00+00,AY-01,Koridor A. Yani,simulator,32,45,0.7111,0.2889,20,PADAT,2026-09-29 08:47:23.975+00,156,f,f
2026-09-29 08:50:00+00,AY-02,Koridor A. Yani,simulator,43,54,0.7963,0.2037,10,PADAT,2026-09-29 08:47:23.975+00,156,f,f
2026-09-29 08:50:00+00,AY-03,Koridor A. Yani,simulator,38,48,0.7917,0.2083,12,PADAT,2026-09-29 08:47:23.975+00,156,f,f
2026-09-29 08:50:00+00,DR-01,Koridor Darmo - Tunjungan,simulator,44,60,0.7333,0.2667,13,PADAT,2026-09-29 08:47:23.975+00,156,f,f
2026-09-29 08:50:00+00,DR-02,Koridor Darmo - Tunjungan,simulator,42,51,0.8235,0.1765,9,LANCAR,2026-09-29 08:47:23.975+00,156,f,f
2026-09-29 08:50:00+00,DR-03,Koridor Darmo - Tunjungan,simulator,34,47,0.7234,0.2766,18,PADAT,2026-09-29 08:47:23.975+00,156,f,f
2026-09-29 08:50:00+00,MR-01,Koridor MERR,simulator,38,51,0.7451,0.2549,15,PADAT,2026-09-29 08:47:23.975+00,156,f,f
2026-09-29 08:50:00+00,MR-02,Koridor MERR,simulator,32,42,0.7619,0.2381,17,PADAT,2026-09-29 08:47:23.975+00,156,f,f
2026-09-29 08:50:00+00,MR-03,Koridor MERR,simulator,33,44,0.75,0.25,16,PADAT,2026-09-29 08:47:23.975+00,156,f,f
2026-09-29 09:00:00+00,AY-01,Koridor A. Yani,simulator,32,45,0.7111,0.2889,20,PADAT,2026-09-29 08:47:23.975+00,756,t,f
2026-09-29 09:00:00+00,AY-02,Koridor A. Yani,simulator,43,54,0.7963,0.2037,10,PADAT,2026-09-29 08:47:23.975+00,756,t,f
2026-09-29 09:00:00+00,AY-03,Koridor A. Yani,simulator,38,48,0.7917,0.2083,12,PADAT,2026-09-29 08:47:23.975+00,756,t,f
2026-09-29 09:00:00+00,DR-01,Koridor Darmo - Tunjungan,simulator,44,60,0.7333,0.2667,13,PADAT,2026-09-29 08:47:23.975+00,756,t,f
2026-09-29 09:00:00+00,DR-02,Koridor Darmo - Tunjungan,simulator,42,51,0.8235,0.1765,9,LANCAR,2026-09-29 08:47:23.975+00,756,t,f
2026-09-29 09:00:00+00,DR-03,Koridor Darmo - Tunjungan,simulator,34,47,0.7234,0.2766,18,PADAT,2026-09-29 08:47:23.975+00,756,t,f
2026-09-29 09:00:00+00,MR-01,Koridor MERR,simulator,38,51,0.7451,0.2549,15,PADAT,2026-09-29 08:47:23.975+00,756,t,f
2026-09-29 09:00:00+00,MR-02,Koridor MERR,simulator,32,42,0.7619,0.2381,17,PADAT,2026-09-29 08:47:23.975+00,756,t,f
2026-09-29 09:00:00+00,MR-03,Koridor MERR,simulator,33,44,0.75,0.25,16,PADAT,2026-09-29 08:47:23.975+00,756,t,f
2026-09-29 09:10:00+00,AY-01,Koridor A. Yani,simulator,32,45,0.7111,0.2889,20,PADAT,2026-09-29 08:47:23.975+00,1356,t,f
2026-09-29 09:10:00+00,AY-02,Koridor A. Yani,simulator,43,54,0.7963,0.2037,10,PADAT,2026-09-29 08:47:23.975+00,1356,t,f
2026-09-29 09:10:00+00,AY-03,Koridor A. Yani,simulator,38,48,0.7917,0.2083,12,PADAT,2026-09-29 08:47:23.975+00,1356,t,f
2026-09-29 09:10:00+00,DR-01,Koridor Darmo - Tunjungan,simulator,44,60,0.7333,0.2667,13,PADAT,2026-09-29 08:47:23.975+00,1356,t,f
2026-09-29 09:10:00+00,DR-02,Koridor Darmo - Tunjungan,simulator,42,51,0.8235,0.1765,9,LANCAR,2026-09-29 08:47:23.975+00,1356,t,f
2026-09-29 09:10:00+00,DR-03,Koridor Darmo - Tunjungan,simulator,34,47,0.7234,0.2766,18,PADAT,2026-09-29 08:47:23.975+00,1356,t,f
2026-09-29 09:10:00+00,MR-01,Koridor MERR,simulator,38,51,0.7451,0.2549,15,PADAT,2026-09-29 08:47:23.975+00,1356,t,f
2026-09-29 09:10:00+00,MR-02,Koridor MERR,simulator,32,42,0.7619,0.2381,17,PADAT,2026-09-29 08:47:23.975+00,1356,t,f
2026-09-29 09:10:00+00,MR-03,Koridor MERR,simulator,33,44,0.75,0.25,16,PADAT,2026-09-29 08:47:23.975+00,1356,t,f
2026-09-29 09:20:00+00,AY-01,Koridor A. Yani,simulator,30,45,0.6667,0.3333,24,PADAT,2026-09-29 09:19:46.627+00,13,f,f
2026-09-29 09:20:00+00,AY-02,Koridor A. Yani,simulator,36,54,0.6667,0.3333,20,PADAT,2026-09-29 09:19:46.627+00,13,f,f
2026-09-29 09:20:00+00,AY-03,Koridor A. Yani,simulator,27,48,0.5625,0.4375,35,PADAT,2026-09-29 09:19:46.627+00,13,f,f
2026-09-29 09:20:00+00,DR-01,Koridor Darmo - Tunjungan,simulator,32,60,0.5333,0.4667,32,PADAT,2026-09-29 09:19:46.627+00,13,f,f
2026-09-29 09:20:00+00,DR-02,Koridor Darmo - Tunjungan,simulator,31,51,0.6078,0.3922,28,PADAT,2026-09-29 09:19:46.627+00,13,f,f
2026-09-29 09:20:00+00,DR-03,Koridor Darmo - Tunjungan,simulator,32,47,0.6809,0.3191,22,PADAT,2026-09-29 09:19:46.627+00,13,f,f
2026-09-29 09:20:00+00,MR-01,Koridor MERR,simulator,31,51,0.6078,0.3922,28,PADAT,2026-09-29 09:19:46.627+00,13,f,f
2026-09-29 09:20:00+00,MR-02,Koridor MERR,simulator,28,42,0.6667,0.3333,26,PADAT,2026-09-29 09:19:46.627+00,13,f,f
2026-09-29 09:20:00+00,MR-03,Koridor MERR,simulator,28,44,0.6364,0.3636,28,PADAT,2026-09-29 09:19:46.627+00,13,f,f
2026-09-29 09:30:00+00,AY-01,Koridor A. Yani,simulator,25,45,0.5556,0.4444,38,PADAT,2026-09-29 09:29:46.684+00,13,f,f
2026-09-29 09:30:00+00,AY-02,Koridor A. Yani,simulator,31,54,0.5741,0.4259,30,PADAT,2026-09-29 09:29:46.684+00,13,f,f
2026-09-29 09:30:00+00,AY-03,Koridor A. Yani,simulator,28,48,0.5833,0.4167,32,PADAT,2026-09-29 09:29:46.684+00,13,f,f
2026-09-29 09:30:00+00,DR-01,Koridor Darmo - Tunjungan,simulator,34,60,0.5667,0.4333,28,PADAT,2026-09-29 09:29:46.684+00,13,f,f
2026-09-29 09:30:00+00,DR-02,Koridor Darmo - Tunjungan,simulator,27,51,0.5294,0.4706,38,PADAT,2026-09-29 09:29:46.684+00,13,f,f
2026-09-29 09:30:00+00,DR-03,Koridor Darmo - Tunjungan,simulator,26,47,0.5532,0.4468,37,PADAT,2026-09-29 09:29:46.684+00,13,f,f
2026-09-29 09:30:00+00,MR-01,Koridor MERR,simulator,29,51,0.5686,0.4314,32,PADAT,2026-09-29 09:29:46.684+00,13,f,f
2026-09-29 09:30:00+00,MR-02,Koridor MERR,simulator,21,42,0.5,0.5,52,PADAT,2026-09-29 09:29:46.684+00,13,f,f
2026-09-29 09:30:00+00,MR-03,Koridor MERR,simulator,27,44,0.6136,0.3864,31,PADAT,2026-09-29 09:29:46.684+00,13,f,f
2026-09-29 09:40:00+00,AY-01,Koridor A. Yani,simulator,22,45,0.4889,0.5111,50,MACET,2026-09-29 09:39:46.771+00,13,f,f
2026-09-29 09:40:00+00,AY-02,Koridor A. Yani,simulator,30,54,0.5556,0.4444,32,PADAT,2026-09-29 09:39:46.771+00,13,f,f
2026-09-29 09:40:00+00,AY-03,Koridor A. Yani,simulator,25,48,0.5208,0.4792,41,PADAT,2026-09-29 09:39:46.771+00,13,f,f
2026-09-29 09:40:00+00,DR-01,Koridor Darmo - Tunjungan,simulator,28,60,0.4667,0.5333,41,MACET,2026-09-29 09:39:46.771+00,13,f,f
2026-09-29 09:40:00+00,DR-02,Koridor Darmo - Tunjungan,simulator,26,51,0.5098,0.4902,41,PADAT,2026-09-29 09:39:46.771+00,13,f,f
2026-09-29 09:40:00+00,DR-03,Koridor Darmo - Tunjungan,simulator,26,47,0.5532,0.4468,37,PADAT,2026-09-29 09:39:46.771+00,13,f,f
2026-09-29 09:40:00+00,MR-01,Koridor MERR,simulator,24,51,0.4706,0.5294,48,MACET,2026-09-29 09:39:46.771+00,13,f,f
2026-09-29 09:40:00+00,MR-02,Koridor MERR,simulator,19,42,0.4524,0.5476,63,MACET,2026-09-29 09:39:46.771+00,13,f,f
2026-09-29 09:40:00+00,MR-03,Koridor MERR,simulator,21,44,0.4773,0.5227,54,MACET,2026-09-29 09:39:46.771+00,13,f,f
2026-09-29 09:50:00+00,AY-01,Koridor A. Yani,simulator,20,45,0.4444,0.5556,60,MACET,2026-09-29 09:49:46.802+00,13,f,f
2026-09-29 09:50:00+00,AY-02,Koridor A. Yani,simulator,28,54,0.5185,0.4815,37,PADAT,2026-09-29 09:49:46.802+00,13,f,f
2026-09-29 09:50:00+00,AY-03,Koridor A. Yani,simulator,25,48,0.5208,0.4792,41,PADAT,2026-09-29 09:49:46.802+00,13,f,f
2026-09-29 09:50:00+00,DR-01,Koridor Darmo - Tunjungan,simulator,23,60,0.3833,0.6167,58,MACET,2026-09-29 09:49:46.802+00,13,f,f
2026-09-29 09:50:00+00,DR-02,Koridor Darmo - Tunjungan,simulator,24,51,0.4706,0.5294,48,MACET,2026-09-29 09:49:46.802+00,13,f,f
2026-09-29 09:50:00+00,DR-03,Koridor Darmo - Tunjungan,simulator,25,47,0.5319,0.4681,40,PADAT,2026-09-29 09:49:46.802+00,13,f,f
2026-09-29 09:50:00+00,MR-01,Koridor MERR,simulator,23,51,0.451,0.549,52,MACET,2026-09-29 09:49:46.802+00,13,f,f
2026-09-29 09:50:00+00,MR-02,Koridor MERR,simulator,21,42,0.5,0.5,52,PADAT,2026-09-29 09:49:46.802+00,13,f,f
2026-09-29 09:50:00+00,MR-03,Koridor MERR,simulator,19,44,0.4318,0.5682,65,MACET,2026-09-29 09:49:46.802+00,13,f,f
2026-09-29 10:00:00+00,AY-01,Koridor A. Yani,simulator,19,45,0.4222,0.5778,66,MACET,2026-09-29 09:58:58.789+00,61,f,f
2026-09-29 10:00:00+00,AY-02,Koridor A. Yani,simulator,22,54,0.4074,0.5926,58,MACET,2026-09-29 09:58:58.789+00,61,f,f
2026-09-29 10:00:00+00,AY-03,Koridor A. Yani,simulator,18,48,0.375,0.625,75,MACET,2026-09-29 09:58:58.789+00,61,f,f
2026-09-29 10:00:00+00,DR-01,Koridor Darmo - Tunjungan,simulator,21,60,0.35,0.65,67,MACET,2026-09-29 09:58:58.789+00,61,f,f
2026-09-29 10:00:00+00,DR-02,Koridor Darmo - Tunjungan,simulator,21,51,0.4118,0.5882,61,MACET,2026-09-29 09:58:58.789+00,61,f,f
2026-09-29 10:00:00+00,DR-03,Koridor Darmo - Tunjungan,simulator,17,47,0.3617,0.6383,81,MACET,2026-09-29 09:58:58.789+00,61,f,f
2026-09-29 10:00:00+00,MR-01,Koridor MERR,simulator,22,51,0.4314,0.5686,56,MACET,2026-09-29 09:58:58.789+00,61,f,f
2026-09-29 10:00:00+00,MR-02,Koridor MERR,simulator,19,42,0.4524,0.5476,63,MACET,2026-09-29 09:58:58.789+00,61,f,f
2026-09-29 10:00:00+00,MR-03,Koridor MERR,simulator,15,44,0.3409,0.6591,95,MACET,2026-09-29 09:58:58.789+00,61,f,f
2026-09-29 10:10:00+00,AY-01,Koridor A. Yani,simulator,17,45,0.3778,0.6222,79,MACET,2026-09-29 10:01:00.676+00,539,f,f
2026-09-29 10:10:00+00,AY-02,Koridor A. Yani,simulator,26,54,0.4815,0.5185,43,MACET,2026-09-29 10:01:00.676+00,539,f,f
2026-09-29 10:10:00+00,AY-03,Koridor A. Yani,simulator,16,48,0.3333,0.6667,90,MACET,2026-09-29 10:01:00.676+00,539,f,f
2026-09-29 10:10:00+00,DR-01,Koridor Darmo - Tunjungan,simulator,20,60,0.3333,0.6667,72,MACET,2026-09-29 10:01:00.676+00,539,f,f
2026-09-29 10:10:00+00,DR-02,Koridor Darmo - Tunjungan,simulator,19,51,0.3725,0.6275,72,MACET,2026-09-29 10:01:00.676+00,539,f,f
2026-09-29 10:10:00+00,DR-03,Koridor Darmo - Tunjungan,simulator,20,47,0.4255,0.5745,62,MACET,2026-09-29 10:01:00.676+00,539,f,f
2026-09-29 10:10:00+00,MR-01,Koridor MERR,simulator,24,51,0.4706,0.5294,48,MACET,2026-09-29 10:01:00.676+00,539,f,f
2026-09-29 10:10:00+00,MR-02,Koridor MERR,simulator,16,42,0.381,0.619,84,MACET,2026-09-29 10:01:00.676+00,539,f,f
2026-09-29 10:10:00+00,MR-03,Koridor MERR,simulator,20,44,0.4545,0.5455,59,MACET,2026-09-29 10:01:00.676+00,539,f,f
2026-09-29 10:20:00+00,AY-01,Koridor A. Yani,simulator,17,45,0.3778,0.6222,79,MACET,2026-09-29 10:01:00.676+00,1139,t,f
2026-09-29 10:20:00+00,AY-02,Koridor A. Yani,simulator,26,54,0.4815,0.5185,43,MACET,2026-09-29 10:01:00.676+00,1139,t,f
2026-09-29 10:20:00+00,AY-03,Koridor A. Yani,simulator,16,48,0.3333,0.6667,90,MACET,2026-09-29 10:01:00.676+00,1139,t,f
2026-09-29 10:20:00+00,DR-01,Koridor Darmo - Tunjungan,simulator,20,60,0.3333,0.6667,72,MACET,2026-09-29 10:01:00.676+00,1139,t,f
2026-09-29 10:20:00+00,DR-02,Koridor Darmo - Tunjungan,simulator,19,51,0.3725,0.6275,72,MACET,2026-09-29 10:01:00.676+00,1139,t,f
2026-09-29 10:20:00+00,DR-03,Koridor Darmo - Tunjungan,simulator,20,47,0.4255,0.5745,62,MACET,2026-09-29 10:01:00.676+00,1139,t,f
2026-09-29 10:20:00+00,MR-01,Koridor MERR,simulator,24,51,0.4706,0.5294,48,MACET,2026-09-29 10:01:00.676+00,1139,t,f
2026-09-29 10:20:00+00,MR-02,Koridor MERR,simulator,16,42,0.381,0.619,84,MACET,2026-09-29 10:01:00.676+00,1139,t,f
2026-09-29 10:20:00+00,MR-03,Koridor MERR,simulator,20,44,0.4545,0.5455,59,MACET,2026-09-29 10:01:00.676+00,1139,t,f
2026-09-29 10:30:00+00,AY-01,Koridor A. Yani,simulator,17,45,0.3778,0.6222,79,MACET,2026-09-29 10:01:00.676+00,1739,t,f
2026-09-29 10:30:00+00,AY-02,Koridor A. Yani,simulator,26,54,0.4815,0.5185,43,MACET,2026-09-29 10:01:00.676+00,1739,t,f
2026-09-29 10:30:00+00,AY-03,Koridor A. Yani,simulator,16,48,0.3333,0.6667,90,MACET,2026-09-29 10:01:00.676+00,1739,t,f
2026-09-29 10:30:00+00,DR-01,Koridor Darmo - Tunjungan,simulator,20,60,0.3333,0.6667,72,MACET,2026-09-29 10:01:00.676+00,1739,t,f
2026-09-29 10:30:00+00,DR-02,Koridor Darmo - Tunjungan,simulator,19,51,0.3725,0.6275,72,MACET,2026-09-29 10:01:00.676+00,1739,t,f
2026-09-29 10:30:00+00,DR-03,Koridor Darmo - Tunjungan,simulator,20,47,0.4255,0.5745,62,MACET,2026-09-29 10:01:00.676+00,1739,t,f
2026-09-29 10:30:00+00,MR-01,Koridor MERR,simulator,24,51,0.4706,0.5294,48,MACET,2026-09-29 10:01:00.676+00,1739,t,f
2026-09-29 10:30:00+00,MR-02,Koridor MERR,simulator,16,42,0.381,0.619,84,MACET,2026-09-29 10:01:00.676+00,1739,t,f
2026-09-29 10:30:00+00,MR-03,Koridor MERR,simulator,20,44,0.4545,0.5455,59,MACET,2026-09-29 10:01:00.676+00,1739,t,f
2026-09-29 10:40:00+00,AY-01,Koridor A. Yani,simulator,13,45,0.2889,0.7111,118,MACET,2026-09-29 10:36:47.295+00,193,f,f
2026-09-29 10:40:00+00,AY-02,Koridor A. Yani,simulator,14,54,0.2593,0.7407,114,MACET,2026-09-29 10:36:47.295+00,193,f,f
2026-09-29 10:40:00+00,AY-03,Koridor A. Yani,simulator,18,48,0.375,0.625,75,MACET,2026-09-29 10:36:47.295+00,193,f,f
2026-09-29 10:40:00+00,DR-01,Koridor Darmo - Tunjungan,simulator,16,60,0.2667,0.7333,99,MACET,2026-09-29 10:36:47.295+00,193,f,f
2026-09-29 10:40:00+00,DR-02,Koridor Darmo - Tunjungan,simulator,16,51,0.3137,0.6863,93,MACET,2026-09-29 10:36:47.295+00,193,f,f
2026-09-29 10:40:00+00,DR-03,Koridor Darmo - Tunjungan,simulator,11,47,0.234,0.766,150,MACET,2026-09-29 10:36:47.295+00,193,f,f
2026-09-29 10:40:00+00,MR-01,Koridor MERR,simulator,19,51,0.3725,0.6275,72,MACET,2026-09-29 10:36:47.295+00,193,f,f
2026-09-29 10:40:00+00,MR-02,Koridor MERR,simulator,13,42,0.3095,0.6905,115,MACET,2026-09-29 10:36:47.295+00,193,f,f
2026-09-29 10:40:00+00,MR-03,Koridor MERR,simulator,13,44,0.2955,0.7045,117,MACET,2026-09-29 10:36:47.295+00,193,f,f
2026-09-29 10:50:00+00,AY-01,Koridor A. Yani,simulator,13,45,0.2889,0.7111,118,MACET,2026-09-29 10:36:47.295+00,793,t,f
2026-09-29 10:50:00+00,AY-02,Koridor A. Yani,simulator,14,54,0.2593,0.7407,114,MACET,2026-09-29 10:36:47.295+00,793,t,f
2026-09-29 10:50:00+00,AY-03,Koridor A. Yani,simulator,18,48,0.375,0.625,75,MACET,2026-09-29 10:36:47.295+00,793,t,f
2026-09-29 10:50:00+00,DR-01,Koridor Darmo - Tunjungan,simulator,16,60,0.2667,0.7333,99,MACET,2026-09-29 10:36:47.295+00,793,t,f
2026-09-29 10:50:00+00,DR-02,Koridor Darmo - Tunjungan,simulator,16,51,0.3137,0.6863,93,MACET,2026-09-29 10:36:47.295+00,793,t,f
2026-09-29 10:50:00+00,DR-03,Koridor Darmo - Tunjungan,simulator,11,47,0.234,0.766,150,MACET,2026-09-29 10:36:47.295+00,793,t,f
2026-09-29 10:50:00+00,MR-01,Koridor MERR,simulator,19,51,0.3725,0.6275,72,MACET,2026-09-29 10:36:47.295+00,793,t,f
2026-09-29 10:50:00+00,MR-02,Koridor MERR,simulator,13,42,0.3095,0.6905,115,MACET,2026-09-29 10:36:47.295+00,793,t,f
2026-09-29 10:50:00+00,MR-03,Koridor MERR,simulator,13,44,0.2955,0.7045,117,MACET,2026-09-29 10:36:47.295+00,793,t,f
2026-09-29 11:00:00+00,AY-01,Koridor A. Yani,simulator,13,45,0.2889,0.7111,118,MACET,2026-09-29 10:36:47.295+00,1393,t,f
2026-09-29 11:00:00+00,AY-02,Koridor A. Yani,simulator,14,54,0.2593,0.7407,114,MACET,2026-09-29 10:36:47.295+00,1393,t,f
2026-09-29 11:00:00+00,AY-03,Koridor A. Yani,simulator,18,48,0.375,0.625,75,MACET,2026-09-29 10:36:47.295+00,1393,t,f
2026-09-29 11:00:00+00,DR-01,Koridor Darmo - Tunjungan,simulator,16,60,0.2667,0.7333,99,MACET,2026-09-29 10:36:47.295+00,1393,t,f
2026-09-29 11:00:00+00,DR-02,Koridor Darmo - Tunjungan,simulator,16,51,0.3137,0.6863,93,MACET,2026-09-29 10:36:47.295+00,1393,t,f
2026-09-29 11:00:00+00,DR-03,Koridor Darmo - Tunjungan,simulator,11,47,0.234,0.766,150,MACET,2026-09-29 10:36:47.295+00,1393,t,f
2026-09-29 11:00:00+00,MR-01,Koridor MERR,simulator,19,51,0.3725,0.6275,72,MACET,2026-09-29 10:36:47.295+00,1393,t,f
2026-09-29 11:00:00+00,MR-02,Koridor MERR,simulator,13,42,0.3095,0.6905,115,MACET,2026-09-29 10:36:47.295+00,1393,t,f
2026-09-29 11:00:00+00,MR-03,Koridor MERR,simulator,13,44,0.2955,0.7045,117,MACET,2026-09-29 10:36:47.295+00,1393,t,f
2026-09-29 11:10:00+00,AY-01,Koridor A. Yani,simulator,17,45,0.3778,0.6222,79,MACET,2026-09-29 11:09:57.405+00,3,f,f
2026-09-29 11:10:00+00,AY-02,Koridor A. Yani,simulator,22,54,0.4074,0.5926,58,MACET,2026-09-29 11:09:57.405+00,3,f,f
2026-09-29 11:10:00+00,AY-03,Koridor A. Yani,simulator,16,48,0.3333,0.6667,90,MACET,2026-09-29 11:09:57.405+00,3,f,f
2026-09-29 11:10:00+00,DR-01,Koridor Darmo - Tunjungan,simulator,23,60,0.3833,0.6167,58,MACET,2026-09-29 11:09:57.405+00,3,f,f
2026-09-29 11:10:00+00,DR-02,Koridor Darmo - Tunjungan,simulator,19,51,0.3725,0.6275,72,MACET,2026-09-29 11:09:57.405+00,3,f,f
2026-09-29 11:10:00+00,DR-03,Koridor Darmo - Tunjungan,simulator,15,47,0.3191,0.6809,98,MACET,2026-09-29 11:09:57.405+00,3,f,f
2026-09-29 11:10:00+00,MR-01,Koridor MERR,simulator,14,51,0.2745,0.7255,112,MACET,2026-09-29 11:09:57.405+00,3,f,f
2026-09-29 11:10:00+00,MR-02,Koridor MERR,simulator,15,42,0.3571,0.6429,93,MACET,2026-09-29 11:09:57.405+00,3,f,f
2026-09-29 11:10:00+00,MR-03,Koridor MERR,simulator,18,44,0.4091,0.5909,71,MACET,2026-09-29 11:09:57.405+00,3,f,f
2026-09-29 11:20:00+00,AY-01,Koridor A. Yani,simulator,16,45,0.3556,0.6444,87,MACET,2026-09-29 11:11:17.085+00,523,f,f
2026-09-29 11:20:00+00,AY-02,Koridor A. Yani,simulator,22,54,0.4074,0.5926,58,MACET,2026-09-29 11:11:17.085+00,523,f,f
2026-09-29 11:20:00+00,AY-03,Koridor A. Yani,simulator,15,48,0.3125,0.6875,99,MACET,2026-09-29 11:11:17.085+00,523,f,f
2026-09-29 11:20:00+00,DR-01,Koridor Darmo - Tunjungan,simulator,21,60,0.35,0.65,67,MACET,2026-09-29 11:11:17.085+00,523,f,f
2026-09-29 11:20:00+00,DR-02,Koridor Darmo - Tunjungan,simulator,15,51,0.2941,0.7059,102,MACET,2026-09-29 11:11:17.085+00,523,f,f
2026-09-29 11:20:00+00,DR-03,Koridor Darmo - Tunjungan,simulator,14,47,0.2979,0.7021,108,MACET,2026-09-29 11:11:17.085+00,523,f,f
2026-09-29 11:20:00+00,MR-01,Koridor MERR,simulator,17,51,0.3333,0.6667,85,MACET,2026-09-29 11:11:17.085+00,523,f,f
2026-09-29 11:20:00+00,MR-02,Koridor MERR,simulator,12,42,0.2857,0.7143,129,MACET,2026-09-29 11:11:17.085+00,523,f,f
2026-09-29 11:20:00+00,MR-03,Koridor MERR,simulator,12,44,0.2727,0.7273,131,MACET,2026-09-29 11:11:17.085+00,523,f,f
2026-09-29 11:30:00+00,AY-01,Koridor A. Yani,simulator,21,45,0.4667,0.5333,55,MACET,2026-09-29 11:29:55.366+00,5,f,f
2026-09-29 11:30:00+00,AY-02,Koridor A. Yani,simulator,24,54,0.4444,0.5556,50,MACET,2026-09-29 11:29:55.366+00,5,f,f
2026-09-29 11:30:00+00,AY-03,Koridor A. Yani,simulator,17,48,0.3542,0.6458,82,MACET,2026-09-29 11:29:55.366+00,5,f,f
2026-09-29 11:30:00+00,DR-01,Koridor Darmo - Tunjungan,simulator,28,60,0.4667,0.5333,41,MACET,2026-09-29 11:29:55.366+00,5,f,f
2026-09-29 11:30:00+00,DR-02,Koridor Darmo - Tunjungan,simulator,21,51,0.4118,0.5882,61,MACET,2026-09-29 11:29:55.366+00,5,f,f
2026-09-29 11:30:00+00,DR-03,Koridor Darmo - Tunjungan,simulator,22,47,0.4681,0.5319,52,MACET,2026-09-29 11:29:55.366+00,5,f,f
2026-09-29 11:30:00+00,MR-01,Koridor MERR,simulator,19,51,0.3725,0.6275,72,MACET,2026-09-29 11:29:55.366+00,5,f,f
2026-09-29 11:30:00+00,MR-02,Koridor MERR,simulator,15,42,0.3571,0.6429,93,MACET,2026-09-29 11:29:55.366+00,5,f,f
2026-09-29 11:30:00+00,MR-03,Koridor MERR,simulator,21,44,0.4773,0.5227,54,MACET,2026-09-29 11:29:55.366+00,5,f,f
2026-09-29 11:40:00+00,AY-01,Koridor A. Yani,simulator,16,45,0.3556,0.6444,87,MACET,2026-09-29 11:32:04.756+00,475,f,f
2026-09-29 11:40:00+00,AY-02,Koridor A. Yani,simulator,23,54,0.4259,0.5741,54,MACET,2026-09-29 11:32:04.756+00,475,f,f
2026-09-29 11:40:00+00,AY-03,Koridor A. Yani,simulator,18,48,0.375,0.625,75,MACET,2026-09-29 11:32:04.756+00,475,f,f
2026-09-29 11:40:00+00,DR-01,Koridor Darmo - Tunjungan,simulator,27,60,0.45,0.55,44,MACET,2026-09-29 11:32:04.756+00,475,f,f
2026-09-29 11:40:00+00,DR-02,Koridor Darmo - Tunjungan,simulator,19,51,0.3725,0.6275,72,MACET,2026-09-29 11:32:04.756+00,475,f,f
2026-09-29 11:40:00+00,DR-03,Koridor Darmo - Tunjungan,simulator,16,47,0.3404,0.6596,89,MACET,2026-09-29 11:32:04.756+00,475,f,f
2026-09-29 11:40:00+00,MR-01,Koridor MERR,simulator,19,51,0.3725,0.6275,72,MACET,2026-09-29 11:32:04.756+00,475,f,f
2026-09-29 11:40:00+00,MR-02,Koridor MERR,simulator,17,42,0.4048,0.5952,76,MACET,2026-09-29 11:32:04.756+00,475,f,f
2026-09-29 11:40:00+00,MR-03,Koridor MERR,simulator,17,44,0.3864,0.6136,78,MACET,2026-09-29 11:32:04.756+00,475,f,f
2026-09-29 11:50:00+00,AY-01,Koridor A. Yani,simulator,21,45,0.4667,0.5333,55,MACET,2026-09-29 11:49:49.825+00,10,f,f
2026-09-29 11:50:00+00,AY-02,Koridor A. Yani,simulator,26,54,0.4815,0.5185,43,MACET,2026-09-29 11:49:49.825+00,10,f,f
2026-09-29 11:50:00+00,AY-03,Koridor A. Yani,simulator,26,48,0.5417,0.4583,38,PADAT,2026-09-29 11:49:49.825+00,10,f,f
2026-09-29 11:50:00+00,DR-01,Koridor Darmo - Tunjungan,simulator,25,60,0.4167,0.5833,50,MACET,2026-09-29 11:49:49.825+00,10,f,f
2026-09-29 11:50:00+00,DR-02,Koridor Darmo - Tunjungan,simulator,25,51,0.4902,0.5098,44,MACET,2026-09-29 11:49:49.825+00,10,f,f
2026-09-29 11:50:00+00,DR-03,Koridor Darmo - Tunjungan,simulator,24,47,0.5106,0.4894,44,PADAT,2026-09-29 11:49:49.825+00,10,f,f
2026-09-29 11:50:00+00,MR-01,Koridor MERR,simulator,25,51,0.4902,0.5098,44,MACET,2026-09-29 11:49:49.825+00,10,f,f
2026-09-29 11:50:00+00,MR-02,Koridor MERR,simulator,19,42,0.4524,0.5476,63,MACET,2026-09-29 11:49:49.825+00,10,f,f
2026-09-29 11:50:00+00,MR-03,Koridor MERR,simulator,25,44,0.5682,0.4318,37,PADAT,2026-09-29 11:49:49.825+00,10,f,f
2026-09-29 12:00:00+00,AY-01,Koridor A. Yani,simulator,22,45,0.4889,0.5111,50,MACET,2026-09-29 11:59:49.891+00,10,f,f
2026-09-29 12:00:00+00,AY-02,Koridor A. Yani,simulator,26,54,0.4815,0.5185,43,MACET,2026-09-29 11:59:49.891+00,10,f,f
2026-09-29 12:00:00+00,AY-03,Koridor A. Yani,simulator,30,48,0.625,0.375,27,PADAT,2026-09-29 11:59:49.891+00,10,f,f
2026-09-29 12:00:00+00,DR-01,Koridor Darmo - Tunjungan,simulator,30,60,0.5,0.5,36,PADAT,2026-09-29 11:59:49.891+00,10,f,f
2026-09-29 12:00:00+00,DR-02,Koridor Darmo - Tunjungan,simulator,28,51,0.549,0.451,35,PADAT,2026-09-29 11:59:49.891+00,10,f,f
2026-09-29 12:00:00+00,DR-03,Koridor Darmo - Tunjungan,simulator,26,47,0.5532,0.4468,37,PADAT,2026-09-29 11:59:49.891+00,10,f,f
2026-09-29 12:00:00+00,MR-01,Koridor MERR,simulator,24,51,0.4706,0.5294,48,MACET,2026-09-29 11:59:49.891+00,10,f,f
2026-09-29 12:00:00+00,MR-02,Koridor MERR,simulator,26,42,0.619,0.381,32,PADAT,2026-09-29 11:59:49.891+00,10,f,f
2026-09-29 12:00:00+00,MR-03,Koridor MERR,simulator,26,44,0.5909,0.4091,34,PADAT,2026-09-29 11:59:49.891+00,10,f,f
2026-09-29 12:10:00+00,AY-01,Koridor A. Yani,simulator,26,45,0.5778,0.4222,35,PADAT,2026-09-29 12:09:50.063+00,10,f,f
2026-09-29 12:10:00+00,AY-02,Koridor A. Yani,simulator,33,54,0.6111,0.3889,25,PADAT,2026-09-29 12:09:50.063+00,10,f,f
2026-09-29 12:10:00+00,AY-03,Koridor A. Yani,simulator,30,48,0.625,0.375,27,PADAT,2026-09-29 12:09:50.063+00,10,f,f
2026-09-29 12:10:00+00,DR-01,Koridor Darmo - Tunjungan,simulator,31,60,0.5167,0.4833,34,PADAT,2026-09-29 12:09:50.063+00,10,f,f
2026-09-29 12:10:00+00,DR-02,Koridor Darmo - Tunjungan,simulator,28,51,0.549,0.451,35,PADAT,2026-09-29 12:09:50.063+00,10,f,f
2026-09-29 12:10:00+00,DR-03,Koridor Darmo - Tunjungan,simulator,30,47,0.6383,0.3617,26,PADAT,2026-09-29 12:09:50.063+00,10,f,f
2026-09-29 12:10:00+00,MR-01,Koridor MERR,simulator,33,51,0.6471,0.3529,23,PADAT,2026-09-29 12:09:50.063+00,10,f,f
2026-09-29 12:10:00+00,MR-02,Koridor MERR,simulator,25,42,0.5952,0.4048,35,PADAT,2026-09-29 12:09:50.063+00,10,f,f
2026-09-29 12:10:00+00,MR-03,Koridor MERR,simulator,29,44,0.6591,0.3409,25,PADAT,2026-09-29 12:09:50.063+00,10,f,f
2026-09-29 12:20:00+00,AY-01,Koridor A. Yani,simulator,28,45,0.6222,0.3778,29,PADAT,2026-09-29 12:19:50.131+00,10,f,f
2026-09-29 12:20:00+00,AY-02,Koridor A. Yani,simulator,38,54,0.7037,0.2963,17,PADAT,2026-09-29 12:19:50.131+00,10,f,f
2026-09-29 12:20:00+00,AY-03,Koridor A. Yani,simulator,29,48,0.6042,0.3958,29,PADAT,2026-09-29 12:19:50.131+00,10,f,f
2026-09-29 12:20:00+00,DR-01,Koridor Darmo - Tunjungan,simulator,37,60,0.6167,0.3833,22,PADAT,2026-09-29 12:19:50.131+00,10,f,f
2026-09-29 12:20:00+00,DR-02,Koridor Darmo - Tunjungan,simulator,31,51,0.6078,0.3922,28,PADAT,2026-09-29 12:19:50.131+00,10,f,f
2026-09-29 12:20:00+00,DR-03,Koridor Darmo - Tunjungan,simulator,27,47,0.5745,0.4255,34,PADAT,2026-09-29 12:19:50.131+00,10,f,f
2026-09-29 12:20:00+00,MR-01,Koridor MERR,simulator,36,51,0.7059,0.2941,18,PADAT,2026-09-29 12:19:50.131+00,10,f,f
2026-09-29 12:20:00+00,MR-02,Koridor MERR,simulator,24,42,0.5714,0.4286,39,PADAT,2026-09-29 12:19:50.131+00,10,f,f
2026-09-29 12:20:00+00,MR-03,Koridor MERR,simulator,27,44,0.6136,0.3864,31,PADAT,2026-09-29 12:19:50.131+00,10,f,f
2026-09-29 12:30:00+00,AY-01,Koridor A. Yani,simulator,29,45,0.6444,0.3556,26,PADAT,2026-09-29 12:29:50.284+00,10,f,f
2026-09-29 12:30:00+00,AY-02,Koridor A. Yani,simulator,33,54,0.6111,0.3889,25,PADAT,2026-09-29 12:29:50.284+00,10,f,f
2026-09-29 12:30:00+00,AY-03,Koridor A. Yani,simulator,31,48,0.6458,0.3542,25,PADAT,2026-09-29 12:29:50.284+00,10,f,f
2026-09-29 12:30:00+00,DR-01,Koridor Darmo - Tunjungan,simulator,38,60,0.6333,0.3667,21,PADAT,2026-09-29 12:29:50.284+00,10,f,f
2026-09-29 12:30:00+00,DR-02,Koridor Darmo - Tunjungan,simulator,31,51,0.6078,0.3922,28,PADAT,2026-09-29 12:29:50.284+00,10,f,f
2026-09-29 12:30:00+00,DR-03,Koridor Darmo - Tunjungan,simulator,36,47,0.766,0.234,14,PADAT,2026-09-29 12:29:50.284+00,10,f,f
2026-09-29 12:30:00+00,MR-01,Koridor MERR,simulator,32,51,0.6275,0.3725,26,PADAT,2026-09-29 12:29:50.284+00,10,f,f
2026-09-29 12:30:00+00,MR-02,Koridor MERR,simulator,30,42,0.7143,0.2857,21,PADAT,2026-09-29 12:29:50.284+00,10,f,f
2026-09-29 12:30:00+00,MR-03,Koridor MERR,simulator,32,44,0.7273,0.2727,19,PADAT,2026-09-29 12:29:50.284+00,10,f,f
2026-09-29 12:40:00+00,AY-01,Koridor A. Yani,simulator,33,45,0.7333,0.2667,17,PADAT,2026-09-29 12:39:50.369+00,10,f,f
2026-09-29 12:40:00+00,AY-02,Koridor A. Yani,simulator,42,54,0.7778,0.2222,11,PADAT,2026-09-29 12:39:50.369+00,10,f,f
2026-09-29 12:40:00+00,AY-03,Koridor A. Yani,simulator,35,48,0.7292,0.2708,17,PADAT,2026-09-29 12:39:50.369+00,10,f,f
2026-09-29 12:40:00+00,DR-01,Koridor Darmo - Tunjungan,simulator,41,60,0.6833,0.3167,17,PADAT,2026-09-29 12:39:50.369+00,10,f,f
2026-09-29 12:40:00+00,DR-02,Koridor Darmo - Tunjungan,simulator,39,51,0.7647,0.2353,13,PADAT,2026-09-29 12:39:50.369+00,10,f,f
2026-09-29 12:40:00+00,DR-03,Koridor Darmo - Tunjungan,simulator,35,47,0.7447,0.2553,16,PADAT,2026-09-29 12:39:50.369+00,10,f,f
2026-09-29 12:40:00+00,MR-01,Koridor MERR,simulator,39,51,0.7647,0.2353,13,PADAT,2026-09-29 12:39:50.369+00,10,f,f
2026-09-29 12:40:00+00,MR-02,Koridor MERR,simulator,32,42,0.7619,0.2381,17,PADAT,2026-09-29 12:39:50.369+00,10,f,f
2026-09-29 12:40:00+00,MR-03,Koridor MERR,simulator,31,44,0.7045,0.2955,21,PADAT,2026-09-29 12:39:50.369+00,10,f,f
2026-09-29 12:50:00+00,AY-01,Koridor A. Yani,simulator,33,45,0.7333,0.2667,17,PADAT,2026-09-29 12:49:50.464+00,10,f,f
2026-09-29 12:50:00+00,AY-02,Koridor A. Yani,simulator,37,54,0.6852,0.3148,18,PADAT,2026-09-29 12:49:50.464+00,10,f,f
2026-09-29 12:50:00+00,AY-03,Koridor A. Yani,simulator,34,48,0.7083,0.2917,19,PADAT,2026-09-29 12:49:50.464+00,10,f,f
2026-09-29 12:50:00+00,DR-01,Koridor Darmo - Tunjungan,simulator,46,60,0.7667,0.2333,11,PADAT,2026-09-29 12:49:50.464+00,10,f,f
2026-09-29 12:50:00+00,DR-02,Koridor Darmo - Tunjungan,simulator,40,51,0.7843,0.2157,12,PADAT,2026-09-29 12:49:50.464+00,10,f,f
2026-09-29 12:50:00+00,DR-03,Koridor Darmo - Tunjungan,simulator,32,47,0.6809,0.3191,22,PADAT,2026-09-29 12:49:50.464+00,10,f,f
2026-09-29 12:50:00+00,MR-01,Koridor MERR,simulator,43,51,0.8431,0.1569,8,LANCAR,2026-09-29 12:49:50.464+00,10,f,f
2026-09-29 12:50:00+00,MR-02,Koridor MERR,simulator,31,42,0.7381,0.2619,19,PADAT,2026-09-29 12:49:50.464+00,10,f,f
2026-09-29 12:50:00+00,MR-03,Koridor MERR,simulator,32,44,0.7273,0.2727,19,PADAT,2026-09-29 12:49:50.464+00,10,f,f
2026-09-29 13:00:00+00,AY-01,Koridor A. Yani,simulator,36,45,0.8,0.2,12,LANCAR,2026-09-29 12:59:50.565+00,9,f,f
2026-09-29 13:00:00+00,AY-02,Koridor A. Yani,simulator,39,54,0.7222,0.2778,15,PADAT,2026-09-29 12:59:50.565+00,9,f,f
2026-09-29 13:00:00+00,AY-03,Koridor A. Yani,simulator,40,48,0.8333,0.1667,9,LANCAR,2026-09-29 12:59:50.565+00,9,f,f
2026-09-29 13:00:00+00,DR-01,Koridor Darmo - Tunjungan,simulator,45,60,0.75,0.25,12,PADAT,2026-09-29 12:59:50.565+00,9,f,f
2026-09-29 13:00:00+00,DR-02,Koridor Darmo - Tunjungan,simulator,43,51,0.8431,0.1569,8,LANCAR,2026-09-29 12:59:50.565+00,9,f,f
2026-09-29 13:00:00+00,DR-03,Koridor Darmo - Tunjungan,simulator,38,47,0.8085,0.1915,11,LANCAR,2026-09-29 12:59:50.565+00,9,f,f
2026-09-29 13:00:00+00,MR-01,Koridor MERR,simulator,42,51,0.8235,0.1765,9,LANCAR,2026-09-29 12:59:50.565+00,9,f,f
2026-09-29 13:00:00+00,MR-02,Koridor MERR,simulator,34,42,0.8095,0.1905,13,LANCAR,2026-09-29 12:59:50.565+00,9,f,f
2026-09-29 13:00:00+00,MR-03,Koridor MERR,simulator,33,44,0.75,0.25,16,PADAT,2026-09-29 12:59:50.565+00,9,f,f
2026-09-29 13:10:00+00,AY-01,Koridor A. Yani,simulator,37,45,0.8222,0.1778,10,LANCAR,2026-09-29 13:09:50.631+00,9,f,f
2026-09-29 13:10:00+00,AY-02,Koridor A. Yani,simulator,47,54,0.8704,0.1296,6,LANCAR,2026-09-29 13:09:50.631+00,9,f,f
2026-09-29 13:10:00+00,AY-03,Koridor A. Yani,simulator,39,48,0.8125,0.1875,10,LANCAR,2026-09-29 13:09:50.631+00,9,f,f
2026-09-29 13:10:00+00,DR-01,Koridor Darmo - Tunjungan,simulator,47,60,0.7833,0.2167,10,PADAT,2026-09-29 13:09:50.631+00,9,f,f
2026-09-29 13:10:00+00,DR-02,Koridor Darmo - Tunjungan,simulator,44,51,0.8627,0.1373,7,LANCAR,2026-09-29 13:09:50.631+00,9,f,f
2026-09-29 13:10:00+00,DR-03,Koridor Darmo - Tunjungan,simulator,42,47,0.8936,0.1064,5,LANCAR,2026-09-29 13:09:50.631+00,9,f,f
2026-09-29 13:10:00+00,MR-01,Koridor MERR,simulator,43,51,0.8431,0.1569,8,LANCAR,2026-09-29 13:09:50.631+00,9,f,f
2026-09-29 13:10:00+00,MR-02,Koridor MERR,simulator,32,42,0.7619,0.2381,17,PADAT,2026-09-29 13:09:50.631+00,9,f,f
2026-09-29 13:10:00+00,MR-03,Koridor MERR,simulator,39,44,0.8864,0.1136,6,LANCAR,2026-09-29 13:09:50.631+00,9,f,f
2026-09-29 13:20:00+00,AY-01,Koridor A. Yani,simulator,35,45,0.7778,0.2222,14,PADAT,2026-09-29 13:19:50.714+00,9,f,f
2026-09-29 13:20:00+00,AY-02,Koridor A. Yani,simulator,42,54,0.7778,0.2222,11,PADAT,2026-09-29 13:19:50.714+00,9,f,f
2026-09-29 13:20:00+00,AY-03,Koridor A. Yani,simulator,41,48,0.8542,0.1458,8,LANCAR,2026-09-29 13:19:50.714+00,9,f,f
2026-09-29 13:20:00+00,DR-01,Koridor Darmo - Tunjungan,simulator,55,60,0.9167,0.0833,3,LANCAR,2026-09-29 13:19:50.714+00,9,f,f
2026-09-29 13:20:00+00,DR-02,Koridor Darmo - Tunjungan,simulator,43,51,0.8431,0.1569,8,LANCAR,2026-09-29 13:19:50.714+00,9,f,f
2026-09-29 13:20:00+00,DR-03,Koridor Darmo - Tunjungan,simulator,42,47,0.8936,0.1064,5,LANCAR,2026-09-29 13:19:50.714+00,9,f,f
2026-09-29 13:20:00+00,MR-01,Koridor MERR,simulator,43,51,0.8431,0.1569,8,LANCAR,2026-09-29 13:19:50.714+00,9,f,f
2026-09-29 13:20:00+00,MR-02,Koridor MERR,simulator,37,42,0.881,0.119,7,LANCAR,2026-09-29 13:19:50.714+00,9,f,f
2026-09-29 13:20:00+00,MR-03,Koridor MERR,simulator,38,44,0.8636,0.1364,8,LANCAR,2026-09-29 13:19:50.714+00,9,f,f
2026-09-29 13:30:00+00,AY-01,Koridor A. Yani,simulator,37,45,0.8222,0.1778,10,LANCAR,2026-09-29 13:29:50.773+00,9,f,f
2026-09-29 13:30:00+00,AY-02,Koridor A. Yani,simulator,48,54,0.8889,0.1111,5,LANCAR,2026-09-29 13:29:50.773+00,9,f,f
2026-09-29 13:30:00+00,AY-03,Koridor A. Yani,simulator,37,48,0.7708,0.2292,13,PADAT,2026-09-29 13:29:50.773+00,9,f,f
2026-09-29 13:30:00+00,DR-01,Koridor Darmo - Tunjungan,simulator,48,60,0.8,0.2,9,LANCAR,2026-09-29 13:29:50.773+00,9,f,f
2026-09-29 13:30:00+00,DR-02,Koridor Darmo - Tunjungan,simulator,46,51,0.902,0.098,5,LANCAR,2026-09-29 13:29:50.773+00,9,f,f
2026-09-29 13:30:00+00,DR-03,Koridor Darmo - Tunjungan,simulator,39,47,0.8298,0.1702,9,LANCAR,2026-09-29 13:29:50.773+00,9,f,f
2026-09-29 13:30:00+00,MR-01,Koridor MERR,simulator,47,51,0.9216,0.0784,4,LANCAR,2026-09-29 13:29:50.773+00,9,f,f
2026-09-29 13:30:00+00,MR-02,Koridor MERR,simulator,35,42,0.8333,0.1667,11,LANCAR,2026-09-29 13:29:50.773+00,9,f,f
2026-09-29 13:30:00+00,MR-03,Koridor MERR,simulator,40,44,0.9091,0.0909,5,LANCAR,2026-09-29 13:29:50.773+00,9,f,f
2026-09-29 13:40:00+00,AY-01,Koridor A. Yani,simulator,37,45,0.8222,0.1778,10,LANCAR,2026-09-29 13:39:50.833+00,9,f,f
2026-09-29 13:40:00+00,AY-02,Koridor A. Yani,simulator,49,54,0.9074,0.0926,4,LANCAR,2026-09-29 13:39:50.833+00,9,f,f
2026-09-29 13:40:00+00,AY-03,Koridor A. Yani,simulator,38,48,0.7917,0.2083,12,PADAT,2026-09-29 13:39:50.833+00,9,f,f
2026-09-29 13:40:00+00,DR-01,Koridor Darmo - Tunjungan,simulator,56,60,0.9333,0.0667,3,LANCAR,2026-09-29 13:39:50.833+00,9,f,f
2026-09-29 13:40:00+00,DR-02,Koridor Darmo - Tunjungan,simulator,48,51,0.9412,0.0588,3,LANCAR,2026-09-29 13:39:50.833+00,9,f,f
2026-09-29 13:40:00+00,DR-03,Koridor Darmo - Tunjungan,simulator,43,47,0.9149,0.0851,4,LANCAR,2026-09-29 13:39:50.833+00,9,f,f
2026-09-29 13:40:00+00,MR-01,Koridor MERR,simulator,42,51,0.8235,0.1765,9,LANCAR,2026-09-29 13:39:50.833+00,9,f,f
2026-09-29 13:40:00+00,MR-02,Koridor MERR,simulator,34,42,0.8095,0.1905,13,LANCAR,2026-09-29 13:39:50.833+00,9,f,f
2026-09-29 13:40:00+00,MR-03,Koridor MERR,simulator,42,44,0.9545,0.0455,2,LANCAR,2026-09-29 13:39:50.833+00,9,f,f
2026-09-29 13:50:00+00,AY-01,Koridor A. Yani,simulator,43,45,0.9556,0.0444,2,LANCAR,2026-09-29 13:49:50.894+00,9,f,f
2026-09-29 13:50:00+00,AY-02,Koridor A. Yani,simulator,50,54,0.9259,0.0741,3,LANCAR,2026-09-29 13:49:50.894+00,9,f,f
2026-09-29 13:50:00+00,AY-03,Koridor A. Yani,simulator,43,48,0.8958,0.1042,5,LANCAR,2026-09-29 13:49:50.894+00,9,f,f
2026-09-29 13:50:00+00,DR-01,Koridor Darmo - Tunjungan,simulator,50,60,0.8333,0.1667,7,LANCAR,2026-09-29 13:49:50.894+00,9,f,f
2026-09-29 13:50:00+00,DR-02,Koridor Darmo - Tunjungan,simulator,44,51,0.8627,0.1373,7,LANCAR,2026-09-29 13:49:50.894+00,9,f,f
2026-09-29 13:50:00+00,DR-03,Koridor Darmo - Tunjungan,simulator,42,47,0.8936,0.1064,5,LANCAR,2026-09-29 13:49:50.894+00,9,f,f
2026-09-29 13:50:00+00,MR-01,Koridor MERR,simulator,47,51,0.9216,0.0784,4,LANCAR,2026-09-29 13:49:50.894+00,9,f,f
2026-09-29 13:50:00+00,MR-02,Koridor MERR,simulator,36,42,0.8571,0.1429,9,LANCAR,2026-09-29 13:49:50.894+00,9,f,f
2026-09-29 13:50:00+00,MR-03,Koridor MERR,simulator,39,44,0.8864,0.1136,6,LANCAR,2026-09-29 13:49:50.894+00,9,f,f
2026-09-29 14:00:00+00,AY-01,Koridor A. Yani,simulator,40,45,0.8889,0.1111,6,LANCAR,2026-09-29 13:59:50.959+00,9,f,f
2026-09-29 14:00:00+00,AY-02,Koridor A. Yani,simulator,50,54,0.9259,0.0741,3,LANCAR,2026-09-29 13:59:50.959+00,9,f,f
2026-09-29 14:00:00+00,AY-03,Koridor A. Yani,simulator,42,48,0.875,0.125,6,LANCAR,2026-09-29 13:59:50.959+00,9,f,f
2026-09-29 14:00:00+00,DR-01,Koridor Darmo - Tunjungan,simulator,50,60,0.8333,0.1667,7,LANCAR,2026-09-29 13:59:50.959+00,9,f,f
2026-09-29 14:00:00+00,DR-02,Koridor Darmo - Tunjungan,simulator,41,51,0.8039,0.1961,11,LANCAR,2026-09-29 13:59:50.959+00,9,f,f
2026-09-29 14:00:00+00,DR-03,Koridor Darmo - Tunjungan,simulator,41,47,0.8723,0.1277,7,LANCAR,2026-09-29 13:59:50.959+00,9,f,f
2026-09-29 14:00:00+00,MR-01,Koridor MERR,simulator,43,51,0.8431,0.1569,8,LANCAR,2026-09-29 13:59:50.959+00,9,f,f
2026-09-29 14:00:00+00,MR-02,Koridor MERR,simulator,37,42,0.881,0.119,7,LANCAR,2026-09-29 13:59:50.959+00,9,f,f
2026-09-29 14:00:00+00,MR-03,Koridor MERR,simulator,37,44,0.8409,0.1591,9,LANCAR,2026-09-29 13:59:50.959+00,9,f,f
2026-09-29 14:10:00+00,AY-01,Koridor A. Yani,simulator,42,45,0.9333,0.0667,3,LANCAR,2026-09-29 14:09:51.037+00,9,f,f
2026-09-29 14:10:00+00,AY-02,Koridor A. Yani,simulator,47,54,0.8704,0.1296,6,LANCAR,2026-09-29 14:09:51.037+00,9,f,f
2026-09-29 14:10:00+00,AY-03,Koridor A. Yani,simulator,46,48,0.9583,0.0417,2,LANCAR,2026-09-29 14:09:51.037+00,9,f,f
2026-09-29 14:10:00+00,DR-01,Koridor Darmo - Tunjungan,simulator,56,60,0.9333,0.0667,3,LANCAR,2026-09-29 14:09:51.037+00,9,f,f
2026-09-29 14:10:00+00,DR-02,Koridor Darmo - Tunjungan,simulator,44,51,0.8627,0.1373,7,LANCAR,2026-09-29 14:09:51.037+00,9,f,f
2026-09-29 14:10:00+00,DR-03,Koridor Darmo - Tunjungan,simulator,43,47,0.9149,0.0851,4,LANCAR,2026-09-29 14:09:51.037+00,9,f,f
2026-09-29 14:10:00+00,MR-01,Koridor MERR,simulator,46,51,0.902,0.098,5,LANCAR,2026-09-29 14:09:51.037+00,9,f,f
2026-09-29 14:10:00+00,MR-02,Koridor MERR,simulator,35,42,0.8333,0.1667,11,LANCAR,2026-09-29 14:09:51.037+00,9,f,f
2026-09-29 14:10:00+00,MR-03,Koridor MERR,simulator,37,44,0.8409,0.1591,9,LANCAR,2026-09-29 14:09:51.037+00,9,f,f
2026-09-29 14:20:00+00,AY-01,Koridor A. Yani,simulator,37,45,0.8222,0.1778,10,LANCAR,2026-09-29 14:19:51.101+00,9,f,f
2026-09-29 14:20:00+00,AY-02,Koridor A. Yani,simulator,46,54,0.8519,0.1481,7,LANCAR,2026-09-29 14:19:51.101+00,9,f,f
2026-09-29 14:20:00+00,AY-03,Koridor A. Yani,simulator,43,48,0.8958,0.1042,5,LANCAR,2026-09-29 14:19:51.101+00,9,f,f
2026-09-29 14:20:00+00,DR-01,Koridor Darmo - Tunjungan,simulator,55,60,0.9167,0.0833,3,LANCAR,2026-09-29 14:19:51.101+00,9,f,f
2026-09-29 14:20:00+00,DR-02,Koridor Darmo - Tunjungan,simulator,42,51,0.8235,0.1765,9,LANCAR,2026-09-29 14:19:51.101+00,9,f,f
2026-09-29 14:20:00+00,DR-03,Koridor Darmo - Tunjungan,simulator,42,47,0.8936,0.1064,5,LANCAR,2026-09-29 14:19:51.101+00,9,f,f
2026-09-29 14:20:00+00,MR-01,Koridor MERR,simulator,42,51,0.8235,0.1765,9,LANCAR,2026-09-29 14:19:51.101+00,9,f,f
2026-09-29 14:20:00+00,MR-02,Koridor MERR,simulator,36,42,0.8571,0.1429,9,LANCAR,2026-09-29 14:19:51.101+00,9,f,f
2026-09-29 14:20:00+00,MR-03,Koridor MERR,simulator,37,44,0.8409,0.1591,9,LANCAR,2026-09-29 14:19:51.101+00,9,f,f
2026-09-29 14:30:00+00,AY-01,Koridor A. Yani,simulator,40,45,0.8889,0.1111,6,LANCAR,2026-09-29 14:29:51.162+00,9,f,f
2026-09-29 14:30:00+00,AY-02,Koridor A. Yani,simulator,52,54,0.963,0.037,2,LANCAR,2026-09-29 14:29:51.162+00,9,f,f
2026-09-29 14:30:00+00,AY-03,Koridor A. Yani,simulator,46,48,0.9583,0.0417,2,LANCAR,2026-09-29 14:29:51.162+00,9,f,f
2026-09-29 14:30:00+00,DR-01,Koridor Darmo - Tunjungan,simulator,55,60,0.9167,0.0833,3,LANCAR,2026-09-29 14:29:51.162+00,9,f,f
2026-09-29 14:30:00+00,DR-02,Koridor Darmo - Tunjungan,simulator,47,51,0.9216,0.0784,4,LANCAR,2026-09-29 14:29:51.162+00,9,f,f
2026-09-29 14:30:00+00,DR-03,Koridor Darmo - Tunjungan,simulator,43,47,0.9149,0.0851,4,LANCAR,2026-09-29 14:29:51.162+00,9,f,f
2026-09-29 14:30:00+00,MR-01,Koridor MERR,simulator,46,51,0.902,0.098,5,LANCAR,2026-09-29 14:29:51.162+00,9,f,f
2026-09-29 14:30:00+00,MR-02,Koridor MERR,simulator,35,42,0.8333,0.1667,11,LANCAR,2026-09-29 14:29:51.162+00,9,f,f
2026-09-29 14:30:00+00,MR-03,Koridor MERR,simulator,38,44,0.8636,0.1364,8,LANCAR,2026-09-29 14:29:51.162+00,9,f,f
2026-09-29 14:40:00+00,AY-01,Koridor A. Yani,simulator,44,45,0.9778,0.0222,1,LANCAR,2026-09-29 14:39:51.229+00,9,f,f
2026-09-29 14:40:00+00,AY-02,Koridor A. Yani,simulator,51,54,0.9444,0.0556,2,LANCAR,2026-09-29 14:39:51.229+00,9,f,f
2026-09-29 14:40:00+00,AY-03,Koridor A. Yani,simulator,41,48,0.8542,0.1458,8,LANCAR,2026-09-29 14:39:51.229+00,9,f,f
2026-09-29 14:40:00+00,DR-01,Koridor Darmo - Tunjungan,simulator,55,60,0.9167,0.0833,3,LANCAR,2026-09-29 14:39:51.229+00,9,f,f
2026-09-29 14:40:00+00,DR-02,Koridor Darmo - Tunjungan,simulator,47,51,0.9216,0.0784,4,LANCAR,2026-09-29 14:39:51.229+00,9,f,f
2026-09-29 14:40:00+00,DR-03,Koridor Darmo - Tunjungan,simulator,40,47,0.8511,0.1489,8,LANCAR,2026-09-29 14:39:51.229+00,9,f,f
2026-09-29 14:40:00+00,MR-01,Koridor MERR,simulator,49,51,0.9608,0.0392,2,LANCAR,2026-09-29 14:39:51.229+00,9,f,f
2026-09-29 14:40:00+00,MR-02,Koridor MERR,simulator,39,42,0.9286,0.0714,4,LANCAR,2026-09-29 14:39:51.229+00,9,f,f
2026-09-29 14:40:00+00,MR-03,Koridor MERR,simulator,39,44,0.8864,0.1136,6,LANCAR,2026-09-29 14:39:51.229+00,9,f,f
2026-09-29 14:50:00+00,AY-01,Koridor A. Yani,simulator,43,45,0.9556,0.0444,2,LANCAR,2026-09-29 14:49:51.274+00,9,f,f
2026-09-29 14:50:00+00,AY-02,Koridor A. Yani,simulator,45,54,0.8333,0.1667,8,LANCAR,2026-09-29 14:49:51.274+00,9,f,f
2026-09-29 14:50:00+00,AY-03,Koridor A. Yani,simulator,41,48,0.8542,0.1458,8,LANCAR,2026-09-29 14:49:51.274+00,9,f,f
2026-09-29 14:50:00+00,DR-01,Koridor Darmo - Tunjungan,simulator,56,60,0.9333,0.0667,3,LANCAR,2026-09-29 14:49:51.274+00,9,f,f
2026-09-29 14:50:00+00,DR-02,Koridor Darmo - Tunjungan,simulator,47,51,0.9216,0.0784,4,LANCAR,2026-09-29 14:49:51.274+00,9,f,f
2026-09-29 14:50:00+00,DR-03,Koridor Darmo - Tunjungan,simulator,41,47,0.8723,0.1277,7,LANCAR,2026-09-29 14:49:51.274+00,9,f,f
2026-09-29 14:50:00+00,MR-01,Koridor MERR,simulator,45,51,0.8824,0.1176,6,LANCAR,2026-09-29 14:49:51.274+00,9,f,f
2026-09-29 14:50:00+00,MR-02,Koridor MERR,simulator,41,42,0.9762,0.0238,2,LANCAR,2026-09-29 14:49:51.274+00,9,f,f
2026-09-29 14:50:00+00,MR-03,Koridor MERR,simulator,38,44,0.8636,0.1364,8,LANCAR,2026-09-29 14:49:51.274+00,9,f,f
2026-09-29 15:00:00+00,AY-01,Koridor A. Yani,simulator,37,45,0.8222,0.1778,10,LANCAR,2026-09-29 14:59:51.366+00,9,f,f
2026-09-29 15:00:00+00,AY-02,Koridor A. Yani,simulator,46,54,0.8519,0.1481,7,LANCAR,2026-09-29 14:59:51.366+00,9,f,f
2026-09-29 15:00:00+00,AY-03,Koridor A. Yani,simulator,45,48,0.9375,0.0625,3,LANCAR,2026-09-29 14:59:51.366+00,9,f,f
2026-09-29 15:00:00+00,DR-01,Koridor Darmo - Tunjungan,simulator,57,60,0.95,0.05,2,LANCAR,2026-09-29 14:59:51.366+00,9,f,f
2026-09-29 15:00:00+00,DR-02,Koridor Darmo - Tunjungan,simulator,42,51,0.8235,0.1765,9,LANCAR,2026-09-29 14:59:51.366+00,9,f,f
2026-09-29 15:00:00+00,DR-03,Koridor Darmo - Tunjungan,simulator,42,47,0.8936,0.1064,5,LANCAR,2026-09-29 14:59:51.366+00,9,f,f
2026-09-29 15:00:00+00,MR-01,Koridor MERR,simulator,49,51,0.9608,0.0392,2,LANCAR,2026-09-29 14:59:51.366+00,9,f,f
2026-09-29 15:00:00+00,MR-02,Koridor MERR,simulator,36,42,0.8571,0.1429,9,LANCAR,2026-09-29 14:59:51.366+00,9,f,f
2026-09-29 15:00:00+00,MR-03,Koridor MERR,simulator,41,44,0.9318,0.0682,4,LANCAR,2026-09-29 14:59:51.366+00,9,f,f
2026-09-29 15:10:00+00,AY-01,Koridor A. Yani,simulator,38,45,0.8444,0.1556,9,LANCAR,2026-09-29 15:09:51.405+00,9,f,f
2026-09-29 15:10:00+00,AY-02,Koridor A. Yani,simulator,51,54,0.9444,0.0556,2,LANCAR,2026-09-29 15:09:51.405+00,9,f,f
2026-09-29 15:10:00+00,AY-03,Koridor A. Yani,simulator,46,48,0.9583,0.0417,2,LANCAR,2026-09-29 15:09:51.405+00,9,f,f
2026-09-29 15:10:00+00,DR-01,Koridor Darmo - Tunjungan,simulator,58,60,0.9667,0.0333,1,LANCAR,2026-09-29 15:09:51.405+00,9,f,f
2026-09-29 15:10:00+00,DR-02,Koridor Darmo - Tunjungan,simulator,43,51,0.8431,0.1569,8,LANCAR,2026-09-29 15:09:51.405+00,9,f,f
2026-09-29 15:10:00+00,DR-03,Koridor Darmo - Tunjungan,simulator,45,47,0.9574,0.0426,2,LANCAR,2026-09-29 15:09:51.405+00,9,f,f
2026-09-29 15:10:00+00,MR-01,Koridor MERR,simulator,46,51,0.902,0.098,5,LANCAR,2026-09-29 15:09:51.405+00,9,f,f
2026-09-29 15:10:00+00,MR-02,Koridor MERR,simulator,37,42,0.881,0.119,7,LANCAR,2026-09-29 15:09:51.405+00,9,f,f
2026-09-29 15:10:00+00,MR-03,Koridor MERR,simulator,43,44,0.9773,0.0227,1,LANCAR,2026-09-29 15:09:51.405+00,9,f,f
2026-09-29 15:20:00+00,AY-01,Koridor A. Yani,simulator,44,45,0.9778,0.0222,1,LANCAR,2026-09-29 15:19:51.458+00,9,f,f
2026-09-29 15:20:00+00,AY-02,Koridor A. Yani,simulator,52,54,0.963,0.037,2,LANCAR,2026-09-29 15:19:51.458+00,9,f,f
2026-09-29 15:20:00+00,AY-03,Koridor A. Yani,simulator,45,48,0.9375,0.0625,3,LANCAR,2026-09-29 15:19:51.458+00,9,f,f
2026-09-29 15:20:00+00,DR-01,Koridor Darmo - Tunjungan,simulator,56,60,0.9333,0.0667,3,LANCAR,2026-09-29 15:19:51.458+00,9,f,f
2026-09-29 15:20:00+00,DR-02,Koridor Darmo - Tunjungan,simulator,43,51,0.8431,0.1569,8,LANCAR,2026-09-29 15:19:51.458+00,9,f,f
2026-09-29 15:20:00+00,DR-03,Koridor Darmo - Tunjungan,simulator,43,47,0.9149,0.0851,4,LANCAR,2026-09-29 15:19:51.458+00,9,f,f
2026-09-29 15:20:00+00,MR-01,Koridor MERR,simulator,46,51,0.902,0.098,5,LANCAR,2026-09-29 15:19:51.458+00,9,f,f
2026-09-29 15:20:00+00,MR-02,Koridor MERR,simulator,36,42,0.8571,0.1429,9,LANCAR,2026-09-29 15:19:51.458+00,9,f,f
2026-09-29 15:20:00+00,MR-03,Koridor MERR,simulator,43,44,0.9773,0.0227,1,LANCAR,2026-09-29 15:19:51.458+00,9,f,f
2026-09-29 15:30:00+00,AY-01,Koridor A. Yani,simulator,39,45,0.8667,0.1333,7,LANCAR,2026-09-29 15:29:51.504+00,8,f,f
2026-09-29 15:30:00+00,AY-02,Koridor A. Yani,simulator,49,54,0.9074,0.0926,4,LANCAR,2026-09-29 15:29:51.504+00,8,f,f
2026-09-29 15:30:00+00,AY-03,Koridor A. Yani,simulator,43,48,0.8958,0.1042,5,LANCAR,2026-09-29 15:29:51.504+00,8,f,f
2026-09-29 15:30:00+00,DR-01,Koridor Darmo - Tunjungan,simulator,52,60,0.8667,0.1333,6,LANCAR,2026-09-29 15:29:51.504+00,8,f,f
2026-09-29 15:30:00+00,DR-02,Koridor Darmo - Tunjungan,simulator,45,51,0.8824,0.1176,6,LANCAR,2026-09-29 15:29:51.504+00,8,f,f
2026-09-29 15:30:00+00,DR-03,Koridor Darmo - Tunjungan,simulator,44,47,0.9362,0.0638,3,LANCAR,2026-09-29 15:29:51.504+00,8,f,f
2026-09-29 15:30:00+00,MR-01,Koridor MERR,simulator,48,51,0.9412,0.0588,3,LANCAR,2026-09-29 15:29:51.504+00,8,f,f
2026-09-29 15:30:00+00,MR-02,Koridor MERR,simulator,39,42,0.9286,0.0714,4,LANCAR,2026-09-29 15:29:51.504+00,8,f,f
2026-09-29 15:30:00+00,MR-03,Koridor MERR,simulator,38,44,0.8636,0.1364,8,LANCAR,2026-09-29 15:29:51.504+00,8,f,f
2026-09-29 15:40:00+00,AY-01,Koridor A. Yani,simulator,40,45,0.8889,0.1111,6,LANCAR,2026-09-29 15:39:51.551+00,8,f,f
2026-09-29 15:40:00+00,AY-02,Koridor A. Yani,simulator,52,54,0.963,0.037,2,LANCAR,2026-09-29 15:39:51.551+00,8,f,f
2026-09-29 15:40:00+00,AY-03,Koridor A. Yani,simulator,47,48,0.9792,0.0208,1,LANCAR,2026-09-29 15:39:51.551+00,8,f,f
2026-09-29 15:40:00+00,DR-01,Koridor Darmo - Tunjungan,simulator,55,60,0.9167,0.0833,3,LANCAR,2026-09-29 15:39:51.551+00,8,f,f
2026-09-29 15:40:00+00,DR-02,Koridor Darmo - Tunjungan,simulator,43,51,0.8431,0.1569,8,LANCAR,2026-09-29 15:39:51.551+00,8,f,f
2026-09-29 15:40:00+00,DR-03,Koridor Darmo - Tunjungan,simulator,41,47,0.8723,0.1277,7,LANCAR,2026-09-29 15:39:51.551+00,8,f,f
2026-09-29 15:40:00+00,MR-01,Koridor MERR,simulator,49,51,0.9608,0.0392,2,LANCAR,2026-09-29 15:39:51.551+00,8,f,f
2026-09-29 15:40:00+00,MR-02,Koridor MERR,simulator,36,42,0.8571,0.1429,9,LANCAR,2026-09-29 15:39:51.551+00,8,f,f
2026-09-29 15:40:00+00,MR-03,Koridor MERR,simulator,39,44,0.8864,0.1136,6,LANCAR,2026-09-29 15:39:51.551+00,8,f,f
2026-09-29 15:50:00+00,AY-01,Koridor A. Yani,simulator,38,45,0.8444,0.1556,9,LANCAR,2026-09-29 15:49:51.615+00,8,f,f
2026-09-29 15:50:00+00,AY-02,Koridor A. Yani,simulator,53,54,0.9815,0.0185,1,LANCAR,2026-09-29 15:49:51.615+00,8,f,f
2026-09-29 15:50:00+00,AY-03,Koridor A. Yani,simulator,44,48,0.9167,0.0833,4,LANCAR,2026-09-29 15:49:51.615+00,8,f,f
2026-09-29 15:50:00+00,DR-01,Koridor Darmo - Tunjungan,simulator,58,60,0.9667,0.0333,1,LANCAR,2026-09-29 15:49:51.615+00,8,f,f
2026-09-29 15:50:00+00,DR-02,Koridor Darmo - Tunjungan,simulator,46,51,0.902,0.098,5,LANCAR,2026-09-29 15:49:51.615+00,8,f,f
2026-09-29 15:50:00+00,DR-03,Koridor Darmo - Tunjungan,simulator,44,47,0.9362,0.0638,3,LANCAR,2026-09-29 15:49:51.615+00,8,f,f
2026-09-29 15:50:00+00,MR-01,Koridor MERR,simulator,47,51,0.9216,0.0784,4,LANCAR,2026-09-29 15:49:51.615+00,8,f,f
2026-09-29 15:50:00+00,MR-02,Koridor MERR,simulator,39,42,0.9286,0.0714,4,LANCAR,2026-09-29 15:49:51.615+00,8,f,f
2026-09-29 15:50:00+00,MR-03,Koridor MERR,simulator,41,44,0.9318,0.0682,4,LANCAR,2026-09-29 15:49:51.615+00,8,f,f
2026-09-29 16:00:00+00,AY-01,Koridor A. Yani,simulator,39,45,0.8667,0.1333,7,LANCAR,2026-09-29 15:59:51.65+00,8,f,f
2026-09-29 16:00:00+00,AY-02,Koridor A. Yani,simulator,50,54,0.9259,0.0741,3,LANCAR,2026-09-29 15:59:51.65+00,8,f,f
2026-09-29 16:00:00+00,AY-03,Koridor A. Yani,simulator,47,48,0.9792,0.0208,1,LANCAR,2026-09-29 15:59:51.65+00,8,f,f
2026-09-29 16:00:00+00,DR-01,Koridor Darmo - Tunjungan,simulator,58,60,0.9667,0.0333,1,LANCAR,2026-09-29 15:59:51.65+00,8,f,f
2026-09-29 16:00:00+00,DR-02,Koridor Darmo - Tunjungan,simulator,42,51,0.8235,0.1765,9,LANCAR,2026-09-29 15:59:51.65+00,8,f,f
2026-09-29 16:00:00+00,DR-03,Koridor Darmo - Tunjungan,simulator,42,47,0.8936,0.1064,5,LANCAR,2026-09-29 15:59:51.65+00,8,f,f
2026-09-29 16:00:00+00,MR-01,Koridor MERR,simulator,43,51,0.8431,0.1569,8,LANCAR,2026-09-29 15:59:51.65+00,8,f,f
2026-09-29 16:00:00+00,MR-02,Koridor MERR,simulator,35,42,0.8333,0.1667,11,LANCAR,2026-09-29 15:59:51.65+00,8,f,f
2026-09-29 16:00:00+00,MR-03,Koridor MERR,simulator,37,44,0.8409,0.1591,9,LANCAR,2026-09-29 15:59:51.65+00,8,f,f
2026-09-29 16:10:00+00,AY-01,Koridor A. Yani,simulator,38,45,0.8444,0.1556,9,LANCAR,2026-09-29 16:09:51.717+00,8,f,f
2026-09-29 16:10:00+00,AY-02,Koridor A. Yani,simulator,53,54,0.9815,0.0185,1,LANCAR,2026-09-29 16:09:51.717+00,8,f,f
2026-09-29 16:10:00+00,AY-03,Koridor A. Yani,simulator,43,48,0.8958,0.1042,5,LANCAR,2026-09-29 16:09:51.717+00,8,f,f
2026-09-29 16:10:00+00,DR-01,Koridor Darmo - Tunjungan,simulator,53,60,0.8833,0.1167,5,LANCAR,2026-09-29 16:09:51.717+00,8,f,f
2026-09-29 16:10:00+00,DR-02,Koridor Darmo - Tunjungan,simulator,48,51,0.9412,0.0588,3,LANCAR,2026-09-29 16:09:51.717+00,8,f,f
2026-09-29 16:10:00+00,DR-03,Koridor Darmo - Tunjungan,simulator,42,47,0.8936,0.1064,5,LANCAR,2026-09-29 16:09:51.717+00,8,f,f
2026-09-29 16:10:00+00,MR-01,Koridor MERR,simulator,49,51,0.9608,0.0392,2,LANCAR,2026-09-29 16:09:51.717+00,8,f,f
2026-09-29 16:10:00+00,MR-02,Koridor MERR,simulator,40,42,0.9524,0.0476,3,LANCAR,2026-09-29 16:09:51.717+00,8,f,f
2026-09-29 16:10:00+00,MR-03,Koridor MERR,simulator,42,44,0.9545,0.0455,2,LANCAR,2026-09-29 16:09:51.717+00,8,f,f
2026-09-29 16:20:00+00,AY-01,Koridor A. Yani,simulator,41,45,0.9111,0.0889,5,LANCAR,2026-09-29 16:10:51.721+00,548,f,f
2026-09-29 16:20:00+00,AY-02,Koridor A. Yani,simulator,52,54,0.963,0.037,2,LANCAR,2026-09-29 16:10:51.721+00,548,f,f
2026-09-29 16:20:00+00,AY-03,Koridor A. Yani,simulator,44,48,0.9167,0.0833,4,LANCAR,2026-09-29 16:10:51.721+00,548,f,f
2026-09-29 16:20:00+00,DR-01,Koridor Darmo - Tunjungan,simulator,55,60,0.9167,0.0833,3,LANCAR,2026-09-29 16:10:51.721+00,548,f,f
2026-09-29 16:20:00+00,DR-02,Koridor Darmo - Tunjungan,simulator,47,51,0.9216,0.0784,4,LANCAR,2026-09-29 16:10:51.721+00,548,f,f
2026-09-29 16:20:00+00,DR-03,Koridor Darmo - Tunjungan,simulator,44,47,0.9362,0.0638,3,LANCAR,2026-09-29 16:10:51.721+00,548,f,f
2026-09-29 16:20:00+00,MR-01,Koridor MERR,simulator,45,51,0.8824,0.1176,6,LANCAR,2026-09-29 16:10:51.721+00,548,f,f
2026-09-29 16:20:00+00,MR-02,Koridor MERR,simulator,34,42,0.8095,0.1905,13,LANCAR,2026-09-29 16:10:51.721+00,548,f,f
2026-09-29 16:20:00+00,MR-03,Koridor MERR,simulator,41,44,0.9318,0.0682,4,LANCAR,2026-09-29 16:10:51.721+00,548,f,f
2026-09-29 16:30:00+00,AY-01,Koridor A. Yani,simulator,40,45,0.8889,0.1111,6,LANCAR,2026-09-29 16:29:37.415+00,23,f,f
2026-09-29 16:30:00+00,AY-02,Koridor A. Yani,simulator,48,54,0.8889,0.1111,5,LANCAR,2026-09-29 16:29:37.415+00,23,f,f
2026-09-29 16:30:00+00,AY-03,Koridor A. Yani,simulator,45,48,0.9375,0.0625,3,LANCAR,2026-09-29 16:29:37.415+00,23,f,f
2026-09-29 16:30:00+00,DR-01,Koridor Darmo - Tunjungan,simulator,49,60,0.8167,0.1833,8,LANCAR,2026-09-29 16:29:37.415+00,23,f,f
2026-09-29 16:30:00+00,DR-02,Koridor Darmo - Tunjungan,simulator,42,51,0.8235,0.1765,9,LANCAR,2026-09-29 16:29:37.415+00,23,f,f
2026-09-29 16:30:00+00,DR-03,Koridor Darmo - Tunjungan,simulator,45,47,0.9574,0.0426,2,LANCAR,2026-09-29 16:29:37.415+00,23,f,f
2026-09-29 16:30:00+00,MR-01,Koridor MERR,simulator,42,51,0.8235,0.1765,9,LANCAR,2026-09-29 16:29:37.415+00,23,f,f
2026-09-29 16:30:00+00,MR-02,Koridor MERR,simulator,40,42,0.9524,0.0476,3,LANCAR,2026-09-29 16:29:37.415+00,23,f,f
2026-09-29 16:30:00+00,MR-03,Koridor MERR,simulator,37,44,0.8409,0.1591,9,LANCAR,2026-09-29 16:29:37.415+00,23,f,f
2026-09-29 16:40:00+00,AY-01,Koridor A. Yani,simulator,40,45,0.8889,0.1111,6,LANCAR,2026-09-29 16:32:37.448+00,443,f,f
2026-09-29 16:40:00+00,AY-02,Koridor A. Yani,simulator,46,54,0.8519,0.1481,7,LANCAR,2026-09-29 16:32:37.448+00,443,f,f
2026-09-29 16:40:00+00,AY-03,Koridor A. Yani,simulator,47,48,0.9792,0.0208,1,LANCAR,2026-09-29 16:32:37.448+00,443,f,f
2026-09-29 16:40:00+00,DR-01,Koridor Darmo - Tunjungan,simulator,57,60,0.95,0.05,2,LANCAR,2026-09-29 16:32:37.448+00,443,f,f
2026-09-29 16:40:00+00,DR-02,Koridor Darmo - Tunjungan,simulator,44,51,0.8627,0.1373,7,LANCAR,2026-09-29 16:32:37.448+00,443,f,f
2026-09-29 16:40:00+00,DR-03,Koridor Darmo - Tunjungan,simulator,45,47,0.9574,0.0426,2,LANCAR,2026-09-29 16:32:37.448+00,443,f,f
2026-09-29 16:40:00+00,MR-01,Koridor MERR,simulator,50,51,0.9804,0.0196,1,LANCAR,2026-09-29 16:32:37.448+00,443,f,f
2026-09-29 16:40:00+00,MR-02,Koridor MERR,simulator,39,42,0.9286,0.0714,4,LANCAR,2026-09-29 16:32:37.448+00,443,f,f
2026-09-29 16:40:00+00,MR-03,Koridor MERR,simulator,40,44,0.9091,0.0909,5,LANCAR,2026-09-29 16:32:37.448+00,443,f,f
2026-09-29 16:50:00+00,AY-01,Koridor A. Yani,simulator,38,45,0.8444,0.1556,9,LANCAR,2026-09-29 16:48:57.185+00,63,f,f
2026-09-29 16:50:00+00,AY-02,Koridor A. Yani,simulator,44,54,0.8148,0.1852,9,LANCAR,2026-09-29 16:48:57.185+00,63,f,f
2026-09-29 16:50:00+00,AY-03,Koridor A. Yani,simulator,43,48,0.8958,0.1042,5,LANCAR,2026-09-29 16:48:57.185+00,63,f,f
2026-09-29 16:50:00+00,DR-01,Koridor Darmo - Tunjungan,simulator,57,60,0.95,0.05,2,LANCAR,2026-09-29 16:48:57.185+00,63,f,f
2026-09-29 16:50:00+00,DR-02,Koridor Darmo - Tunjungan,simulator,42,51,0.8235,0.1765,9,LANCAR,2026-09-29 16:48:57.185+00,63,f,f
2026-09-29 16:50:00+00,DR-03,Koridor Darmo - Tunjungan,simulator,44,47,0.9362,0.0638,3,LANCAR,2026-09-29 16:48:57.185+00,63,f,f
2026-09-29 16:50:00+00,MR-01,Koridor MERR,simulator,42,51,0.8235,0.1765,9,LANCAR,2026-09-29 16:48:57.185+00,63,f,f
2026-09-29 16:50:00+00,MR-02,Koridor MERR,simulator,40,42,0.9524,0.0476,3,LANCAR,2026-09-29 16:48:57.185+00,63,f,f
2026-09-29 16:50:00+00,MR-03,Koridor MERR,simulator,37,44,0.8409,0.1591,9,LANCAR,2026-09-29 16:48:57.185+00,63,f,f
2026-09-29 17:00:00+00,AY-01,Koridor A. Yani,simulator,38,45,0.8444,0.1556,9,LANCAR,2026-09-29 16:51:06.636+00,533,f,f
2026-09-29 17:00:00+00,AY-02,Koridor A. Yani,simulator,48,54,0.8889,0.1111,5,LANCAR,2026-09-29 16:51:06.636+00,533,f,f
2026-09-29 17:00:00+00,AY-03,Koridor A. Yani,simulator,41,48,0.8542,0.1458,8,LANCAR,2026-09-29 16:51:06.636+00,533,f,f
2026-09-29 17:00:00+00,DR-01,Koridor Darmo - Tunjungan,simulator,53,60,0.8833,0.1167,5,LANCAR,2026-09-29 16:51:06.636+00,533,f,f
2026-09-29 17:00:00+00,DR-02,Koridor Darmo - Tunjungan,simulator,42,51,0.8235,0.1765,9,LANCAR,2026-09-29 16:51:06.636+00,533,f,f
2026-09-29 17:00:00+00,DR-03,Koridor Darmo - Tunjungan,simulator,44,47,0.9362,0.0638,3,LANCAR,2026-09-29 16:51:06.636+00,533,f,f
2026-09-29 17:00:00+00,MR-01,Koridor MERR,simulator,43,51,0.8431,0.1569,8,LANCAR,2026-09-29 16:51:06.636+00,533,f,f
2026-09-29 17:00:00+00,MR-02,Koridor MERR,simulator,37,42,0.881,0.119,7,LANCAR,2026-09-29 16:51:06.636+00,533,f,f
2026-09-29 17:00:00+00,MR-03,Koridor MERR,simulator,37,44,0.8409,0.1591,9,LANCAR,2026-09-29 16:51:06.636+00,533,f,f
2026-09-29 17:10:00+00,AY-01,Koridor A. Yani,simulator,40,45,0.8889,0.1111,6,LANCAR,2026-09-29 17:08:37.085+00,83,f,f
2026-09-29 17:10:00+00,AY-02,Koridor A. Yani,simulator,48,54,0.8889,0.1111,5,LANCAR,2026-09-29 17:08:37.085+00,83,f,f
2026-09-29 17:10:00+00,AY-03,Koridor A. Yani,simulator,44,48,0.9167,0.0833,4,LANCAR,2026-09-29 17:08:37.085+00,83,f,f
2026-09-29 17:10:00+00,DR-01,Koridor Darmo - Tunjungan,simulator,59,60,0.9833,0.0167,1,LANCAR,2026-09-29 17:08:37.085+00,83,f,f
2026-09-29 17:10:00+00,DR-02,Koridor Darmo - Tunjungan,simulator,45,51,0.8824,0.1176,6,LANCAR,2026-09-29 17:08:37.085+00,83,f,f
2026-09-29 17:10:00+00,DR-03,Koridor Darmo - Tunjungan,simulator,43,47,0.9149,0.0851,4,LANCAR,2026-09-29 17:08:37.085+00,83,f,f
2026-09-29 17:10:00+00,MR-01,Koridor MERR,simulator,45,51,0.8824,0.1176,6,LANCAR,2026-09-29 17:08:37.085+00,83,f,f
2026-09-29 17:10:00+00,MR-02,Koridor MERR,simulator,38,42,0.9048,0.0952,6,LANCAR,2026-09-29 17:08:37.085+00,83,f,f
2026-09-29 17:10:00+00,MR-03,Koridor MERR,simulator,39,44,0.8864,0.1136,6,LANCAR,2026-09-29 17:08:37.085+00,83,f,f
2026-09-29 17:20:00+00,AY-01,Koridor A. Yani,simulator,40,45,0.8889,0.1111,6,LANCAR,2026-09-29 17:08:37.085+00,683,t,f
2026-09-29 17:20:00+00,AY-02,Koridor A. Yani,simulator,48,54,0.8889,0.1111,5,LANCAR,2026-09-29 17:08:37.085+00,683,t,f
2026-09-29 17:20:00+00,AY-03,Koridor A. Yani,simulator,44,48,0.9167,0.0833,4,LANCAR,2026-09-29 17:08:37.085+00,683,t,f
2026-09-29 17:20:00+00,DR-01,Koridor Darmo - Tunjungan,simulator,59,60,0.9833,0.0167,1,LANCAR,2026-09-29 17:08:37.085+00,683,t,f
2026-09-29 17:20:00+00,DR-02,Koridor Darmo - Tunjungan,simulator,45,51,0.8824,0.1176,6,LANCAR,2026-09-29 17:08:37.085+00,683,t,f
2026-09-29 17:20:00+00,DR-03,Koridor Darmo - Tunjungan,simulator,43,47,0.9149,0.0851,4,LANCAR,2026-09-29 17:08:37.085+00,683,t,f
2026-09-29 17:20:00+00,MR-01,Koridor MERR,simulator,45,51,0.8824,0.1176,6,LANCAR,2026-09-29 17:08:37.085+00,683,t,f
2026-09-29 17:20:00+00,MR-02,Koridor MERR,simulator,38,42,0.9048,0.0952,6,LANCAR,2026-09-29 17:08:37.085+00,683,t,f
2026-09-29 17:20:00+00,MR-03,Koridor MERR,simulator,39,44,0.8864,0.1136,6,LANCAR,2026-09-29 17:08:37.085+00,683,t,f
2026-09-29 17:30:00+00,AY-01,Koridor A. Yani,simulator,40,45,0.8889,0.1111,6,LANCAR,2026-09-29 17:25:21.906+00,278,f,f
2026-09-29 17:30:00+00,AY-02,Koridor A. Yani,simulator,50,54,0.9259,0.0741,3,LANCAR,2026-09-29 17:25:21.906+00,278,f,f
2026-09-29 17:30:00+00,AY-03,Koridor A. Yani,simulator,45,48,0.9375,0.0625,3,LANCAR,2026-09-29 17:25:21.906+00,278,f,f
2026-09-29 17:30:00+00,DR-01,Koridor Darmo - Tunjungan,simulator,58,60,0.9667,0.0333,1,LANCAR,2026-09-29 17:25:21.906+00,278,f,f
2026-09-29 17:30:00+00,DR-02,Koridor Darmo - Tunjungan,simulator,45,51,0.8824,0.1176,6,LANCAR,2026-09-29 17:25:21.906+00,278,f,f
2026-09-29 17:30:00+00,DR-03,Koridor Darmo - Tunjungan,simulator,42,47,0.8936,0.1064,5,LANCAR,2026-09-29 17:25:21.906+00,278,f,f
2026-09-29 17:30:00+00,MR-01,Koridor MERR,simulator,44,51,0.8627,0.1373,7,LANCAR,2026-09-29 17:25:21.906+00,278,f,f
2026-09-29 17:30:00+00,MR-02,Koridor MERR,simulator,35,42,0.8333,0.1667,11,LANCAR,2026-09-29 17:25:21.906+00,278,f,f
2026-09-29 17:30:00+00,MR-03,Koridor MERR,simulator,40,44,0.9091,0.0909,5,LANCAR,2026-09-29 17:25:21.906+00,278,f,f
2026-09-29 17:40:00+00,AY-01,Koridor A. Yani,simulator,40,45,0.8889,0.1111,6,LANCAR,2026-09-29 17:25:21.906+00,878,t,f
2026-09-29 17:40:00+00,AY-02,Koridor A. Yani,simulator,50,54,0.9259,0.0741,3,LANCAR,2026-09-29 17:25:21.906+00,878,t,f
2026-09-29 17:40:00+00,AY-03,Koridor A. Yani,simulator,45,48,0.9375,0.0625,3,LANCAR,2026-09-29 17:25:21.906+00,878,t,f
2026-09-29 17:40:00+00,DR-01,Koridor Darmo - Tunjungan,simulator,58,60,0.9667,0.0333,1,LANCAR,2026-09-29 17:25:21.906+00,878,t,f
2026-09-29 17:40:00+00,DR-02,Koridor Darmo - Tunjungan,simulator,45,51,0.8824,0.1176,6,LANCAR,2026-09-29 17:25:21.906+00,878,t,f
2026-09-29 17:40:00+00,DR-03,Koridor Darmo - Tunjungan,simulator,42,47,0.8936,0.1064,5,LANCAR,2026-09-29 17:25:21.906+00,878,t,f
2026-09-29 17:40:00+00,MR-01,Koridor MERR,simulator,44,51,0.8627,0.1373,7,LANCAR,2026-09-29 17:25:21.906+00,878,t,f
2026-09-29 17:40:00+00,MR-02,Koridor MERR,simulator,35,42,0.8333,0.1667,11,LANCAR,2026-09-29 17:25:21.906+00,878,t,f
2026-09-29 17:40:00+00,MR-03,Koridor MERR,simulator,40,44,0.9091,0.0909,5,LANCAR,2026-09-29 17:25:21.906+00,878,t,f
2026-09-29 17:50:00+00,AY-01,Koridor A. Yani,simulator,38,45,0.8444,0.1556,9,LANCAR,2026-09-29 17:46:21.415+00,219,f,f
2026-09-29 17:50:00+00,AY-02,Koridor A. Yani,simulator,45,54,0.8333,0.1667,8,LANCAR,2026-09-29 17:46:21.415+00,219,f,f
2026-09-29 17:50:00+00,AY-03,Koridor A. Yani,simulator,40,48,0.8333,0.1667,9,LANCAR,2026-09-29 17:46:21.415+00,219,f,f
2026-09-29 17:50:00+00,DR-01,Koridor Darmo - Tunjungan,simulator,49,60,0.8167,0.1833,8,LANCAR,2026-09-29 17:46:21.415+00,219,f,f
2026-09-29 17:50:00+00,DR-02,Koridor Darmo - Tunjungan,simulator,46,51,0.902,0.098,5,LANCAR,2026-09-29 17:46:21.415+00,219,f,f
2026-09-29 17:50:00+00,DR-03,Koridor Darmo - Tunjungan,simulator,43,47,0.9149,0.0851,4,LANCAR,2026-09-29 17:46:21.415+00,219,f,f
2026-09-29 17:50:00+00,MR-01,Koridor MERR,simulator,49,51,0.9608,0.0392,2,LANCAR,2026-09-29 17:46:21.415+00,219,f,f
2026-09-29 17:50:00+00,MR-02,Koridor MERR,simulator,35,42,0.8333,0.1667,11,LANCAR,2026-09-29 17:46:21.415+00,219,f,f
2026-09-29 17:50:00+00,MR-03,Koridor MERR,simulator,37,44,0.8409,0.1591,9,LANCAR,2026-09-29 17:46:21.415+00,219,f,f
2026-09-29 18:00:00+00,AY-01,Koridor A. Yani,simulator,38,45,0.8444,0.1556,9,LANCAR,2026-09-29 17:46:21.415+00,819,t,f
2026-09-29 18:00:00+00,AY-02,Koridor A. Yani,simulator,45,54,0.8333,0.1667,8,LANCAR,2026-09-29 17:46:21.415+00,819,t,f
2026-09-29 18:00:00+00,AY-03,Koridor A. Yani,simulator,40,48,0.8333,0.1667,9,LANCAR,2026-09-29 17:46:21.415+00,819,t,f
2026-09-29 18:00:00+00,DR-01,Koridor Darmo - Tunjungan,simulator,49,60,0.8167,0.1833,8,LANCAR,2026-09-29 17:46:21.415+00,819,t,f
2026-09-29 18:00:00+00,DR-02,Koridor Darmo - Tunjungan,simulator,46,51,0.902,0.098,5,LANCAR,2026-09-29 17:46:21.415+00,819,t,f
2026-09-29 18:00:00+00,DR-03,Koridor Darmo - Tunjungan,simulator,43,47,0.9149,0.0851,4,LANCAR,2026-09-29 17:46:21.415+00,819,t,f
2026-09-29 18:00:00+00,MR-01,Koridor MERR,simulator,49,51,0.9608,0.0392,2,LANCAR,2026-09-29 17:46:21.415+00,819,t,f
2026-09-29 18:00:00+00,MR-02,Koridor MERR,simulator,35,42,0.8333,0.1667,11,LANCAR,2026-09-29 17:46:21.415+00,819,t,f
2026-09-29 18:00:00+00,MR-03,Koridor MERR,simulator,37,44,0.8409,0.1591,9,LANCAR,2026-09-29 17:46:21.415+00,819,t,f
2026-09-29 18:10:00+00,AY-01,Koridor A. Yani,simulator,40,45,0.8889,0.1111,6,LANCAR,2026-09-29 18:04:01.767+00,358,f,f
2026-09-29 18:10:00+00,AY-02,Koridor A. Yani,simulator,51,54,0.9444,0.0556,2,LANCAR,2026-09-29 18:04:01.767+00,358,f,f
2026-09-29 18:10:00+00,AY-03,Koridor A. Yani,simulator,39,48,0.8125,0.1875,10,LANCAR,2026-09-29 18:04:01.767+00,358,f,f
2026-09-29 18:10:00+00,DR-01,Koridor Darmo - Tunjungan,simulator,53,60,0.8833,0.1167,5,LANCAR,2026-09-29 18:04:01.767+00,358,f,f
2026-09-29 18:10:00+00,DR-02,Koridor Darmo - Tunjungan,simulator,46,51,0.902,0.098,5,LANCAR,2026-09-29 18:04:01.767+00,358,f,f
2026-09-29 18:10:00+00,DR-03,Koridor Darmo - Tunjungan,simulator,45,47,0.9574,0.0426,2,LANCAR,2026-09-29 18:04:01.767+00,358,f,f
2026-09-29 18:10:00+00,MR-01,Koridor MERR,simulator,43,51,0.8431,0.1569,8,LANCAR,2026-09-29 18:04:01.767+00,358,f,f
2026-09-29 18:10:00+00,MR-02,Koridor MERR,simulator,39,42,0.9286,0.0714,4,LANCAR,2026-09-29 18:04:01.767+00,358,f,f
2026-09-29 18:10:00+00,MR-03,Koridor MERR,simulator,41,44,0.9318,0.0682,4,LANCAR,2026-09-29 18:04:01.767+00,358,f,f
2026-09-29 18:20:00+00,AY-01,Koridor A. Yani,simulator,40,45,0.8889,0.1111,6,LANCAR,2026-09-29 18:04:01.767+00,958,t,f
2026-09-29 18:20:00+00,AY-02,Koridor A. Yani,simulator,51,54,0.9444,0.0556,2,LANCAR,2026-09-29 18:04:01.767+00,958,t,f
2026-09-29 18:20:00+00,AY-03,Koridor A. Yani,simulator,39,48,0.8125,0.1875,10,LANCAR,2026-09-29 18:04:01.767+00,958,t,f
2026-09-29 18:20:00+00,DR-01,Koridor Darmo - Tunjungan,simulator,53,60,0.8833,0.1167,5,LANCAR,2026-09-29 18:04:01.767+00,958,t,f
2026-09-29 18:20:00+00,DR-02,Koridor Darmo - Tunjungan,simulator,46,51,0.902,0.098,5,LANCAR,2026-09-29 18:04:01.767+00,958,t,f
2026-09-29 18:20:00+00,DR-03,Koridor Darmo - Tunjungan,simulator,45,47,0.9574,0.0426,2,LANCAR,2026-09-29 18:04:01.767+00,958,t,f
2026-09-29 18:20:00+00,MR-01,Koridor MERR,simulator,43,51,0.8431,0.1569,8,LANCAR,2026-09-29 18:04:01.767+00,958,t,f
2026-09-29 18:20:00+00,MR-02,Koridor MERR,simulator,39,42,0.9286,0.0714,4,LANCAR,2026-09-29 18:04:01.767+00,958,t,f
2026-09-29 18:20:00+00,MR-03,Koridor MERR,simulator,41,44,0.9318,0.0682,4,LANCAR,2026-09-29 18:04:01.767+00,958,t,f
2026-09-29 18:30:00+00,AY-01,Koridor A. Yani,simulator,39,45,0.8667,0.1333,7,LANCAR,2026-09-29 18:24:12.805+00,347,f,f
2026-09-29 18:30:00+00,AY-02,Koridor A. Yani,simulator,52,54,0.963,0.037,2,LANCAR,2026-09-29 18:24:12.805+00,347,f,f
2026-09-29 18:30:00+00,AY-03,Koridor A. Yani,simulator,43,48,0.8958,0.1042,5,LANCAR,2026-09-29 18:24:12.805+00,347,f,f
2026-09-29 18:30:00+00,DR-01,Koridor Darmo - Tunjungan,simulator,56,60,0.9333,0.0667,3,LANCAR,2026-09-29 18:24:12.805+00,347,f,f
2026-09-29 18:30:00+00,DR-02,Koridor Darmo - Tunjungan,simulator,46,51,0.902,0.098,5,LANCAR,2026-09-29 18:24:12.805+00,347,f,f
2026-09-29 18:30:00+00,DR-03,Koridor Darmo - Tunjungan,simulator,46,47,0.9787,0.0213,1,LANCAR,2026-09-29 18:24:12.805+00,347,f,f
2026-09-29 18:30:00+00,MR-01,Koridor MERR,simulator,44,51,0.8627,0.1373,7,LANCAR,2026-09-29 18:24:12.805+00,347,f,f
2026-09-29 18:30:00+00,MR-02,Koridor MERR,simulator,38,42,0.9048,0.0952,6,LANCAR,2026-09-29 18:24:12.805+00,347,f,f
2026-09-29 18:30:00+00,MR-03,Koridor MERR,simulator,39,44,0.8864,0.1136,6,LANCAR,2026-09-29 18:24:12.805+00,347,f,f
2026-09-29 18:40:00+00,AY-01,Koridor A. Yani,simulator,39,45,0.8667,0.1333,7,LANCAR,2026-09-29 18:24:12.805+00,947,t,f
2026-09-29 18:40:00+00,AY-02,Koridor A. Yani,simulator,52,54,0.963,0.037,2,LANCAR,2026-09-29 18:24:12.805+00,947,t,f
2026-09-29 18:40:00+00,AY-03,Koridor A. Yani,simulator,43,48,0.8958,0.1042,5,LANCAR,2026-09-29 18:24:12.805+00,947,t,f
2026-09-29 18:40:00+00,DR-01,Koridor Darmo - Tunjungan,simulator,56,60,0.9333,0.0667,3,LANCAR,2026-09-29 18:24:12.805+00,947,t,f
2026-09-29 18:40:00+00,DR-02,Koridor Darmo - Tunjungan,simulator,46,51,0.902,0.098,5,LANCAR,2026-09-29 18:24:12.805+00,947,t,f
2026-09-29 18:40:00+00,DR-03,Koridor Darmo - Tunjungan,simulator,46,47,0.9787,0.0213,1,LANCAR,2026-09-29 18:24:12.805+00,947,t,f
2026-09-29 18:40:00+00,MR-01,Koridor MERR,simulator,44,51,0.8627,0.1373,7,LANCAR,2026-09-29 18:24:12.805+00,947,t,f
2026-09-29 18:40:00+00,MR-02,Koridor MERR,simulator,38,42,0.9048,0.0952,6,LANCAR,2026-09-29 18:24:12.805+00,947,t,f
2026-09-29 18:40:00+00,MR-03,Koridor MERR,simulator,39,44,0.8864,0.1136,6,LANCAR,2026-09-29 18:24:12.805+00,947,t,f
2026-09-29 18:50:00+00,AY-01,Koridor A. Yani,simulator,39,45,0.8667,0.1333,7,LANCAR,2026-09-29 18:24:12.805+00,1547,t,f
2026-09-29 18:50:00+00,AY-02,Koridor A. Yani,simulator,52,54,0.963,0.037,2,LANCAR,2026-09-29 18:24:12.805+00,1547,t,f
2026-09-29 18:50:00+00,AY-03,Koridor A. Yani,simulator,43,48,0.8958,0.1042,5,LANCAR,2026-09-29 18:24:12.805+00,1547,t,f
2026-09-29 18:50:00+00,DR-01,Koridor Darmo - Tunjungan,simulator,56,60,0.9333,0.0667,3,LANCAR,2026-09-29 18:24:12.805+00,1547,t,f
2026-09-29 18:50:00+00,DR-02,Koridor Darmo - Tunjungan,simulator,46,51,0.902,0.098,5,LANCAR,2026-09-29 18:24:12.805+00,1547,t,f
2026-09-29 18:50:00+00,DR-03,Koridor Darmo - Tunjungan,simulator,46,47,0.9787,0.0213,1,LANCAR,2026-09-29 18:24:12.805+00,1547,t,f
2026-09-29 18:50:00+00,MR-01,Koridor MERR,simulator,44,51,0.8627,0.1373,7,LANCAR,2026-09-29 18:24:12.805+00,1547,t,f
2026-09-29 18:50:00+00,MR-02,Koridor MERR,simulator,38,42,0.9048,0.0952,6,LANCAR,2026-09-29 18:24:12.805+00,1547,t,f
2026-09-29 18:50:00+00,MR-03,Koridor MERR,simulator,39,44,0.8864,0.1136,6,LANCAR,2026-09-29 18:24:12.805+00,1547,t,f
2026-09-29 19:00:00+00,AY-01,Koridor A. Yani,simulator,44,45,0.9778,0.0222,1,LANCAR,2026-09-29 18:54:31.544+00,328,f,f
2026-09-29 19:00:00+00,AY-02,Koridor A. Yani,simulator,46,54,0.8519,0.1481,7,LANCAR,2026-09-29 18:54:31.544+00,328,f,f
2026-09-29 19:00:00+00,AY-03,Koridor A. Yani,simulator,40,48,0.8333,0.1667,9,LANCAR,2026-09-29 18:54:31.544+00,328,f,f
2026-09-29 19:00:00+00,DR-01,Koridor Darmo - Tunjungan,simulator,58,60,0.9667,0.0333,1,LANCAR,2026-09-29 18:54:31.544+00,328,f,f
2026-09-29 19:00:00+00,DR-02,Koridor Darmo - Tunjungan,simulator,45,51,0.8824,0.1176,6,LANCAR,2026-09-29 18:54:31.544+00,328,f,f
2026-09-29 19:00:00+00,DR-03,Koridor Darmo - Tunjungan,simulator,44,47,0.9362,0.0638,3,LANCAR,2026-09-29 18:54:31.544+00,328,f,f
2026-09-29 19:00:00+00,MR-01,Koridor MERR,simulator,44,51,0.8627,0.1373,7,LANCAR,2026-09-29 18:54:31.544+00,328,f,f
2026-09-29 19:00:00+00,MR-02,Koridor MERR,simulator,36,42,0.8571,0.1429,9,LANCAR,2026-09-29 18:54:31.544+00,328,f,f
2026-09-29 19:00:00+00,MR-03,Koridor MERR,simulator,40,44,0.9091,0.0909,5,LANCAR,2026-09-29 18:54:31.544+00,328,f,f
2026-09-29 19:10:00+00,AY-01,Koridor A. Yani,simulator,44,45,0.9778,0.0222,1,LANCAR,2026-09-29 18:54:31.544+00,928,t,f
2026-09-29 19:10:00+00,AY-02,Koridor A. Yani,simulator,46,54,0.8519,0.1481,7,LANCAR,2026-09-29 18:54:31.544+00,928,t,f
2026-09-29 19:10:00+00,AY-03,Koridor A. Yani,simulator,40,48,0.8333,0.1667,9,LANCAR,2026-09-29 18:54:31.544+00,928,t,f
2026-09-29 19:10:00+00,DR-01,Koridor Darmo - Tunjungan,simulator,58,60,0.9667,0.0333,1,LANCAR,2026-09-29 18:54:31.544+00,928,t,f
2026-09-29 19:10:00+00,DR-02,Koridor Darmo - Tunjungan,simulator,45,51,0.8824,0.1176,6,LANCAR,2026-09-29 18:54:31.544+00,928,t,f
2026-09-29 19:10:00+00,DR-03,Koridor Darmo - Tunjungan,simulator,44,47,0.9362,0.0638,3,LANCAR,2026-09-29 18:54:31.544+00,928,t,f
2026-09-29 19:10:00+00,MR-01,Koridor MERR,simulator,44,51,0.8627,0.1373,7,LANCAR,2026-09-29 18:54:31.544+00,928,t,f
2026-09-29 19:10:00+00,MR-02,Koridor MERR,simulator,36,42,0.8571,0.1429,9,LANCAR,2026-09-29 18:54:31.544+00,928,t,f
2026-09-29 19:10:00+00,MR-03,Koridor MERR,simulator,40,44,0.9091,0.0909,5,LANCAR,2026-09-29 18:54:31.544+00,928,t,f
2026-09-29 19:20:00+00,AY-01,Koridor A. Yani,simulator,41,45,0.9111,0.0889,5,LANCAR,2026-09-29 19:12:07.814+00,472,f,f
2026-09-29 19:20:00+00,AY-02,Koridor A. Yani,simulator,46,54,0.8519,0.1481,7,LANCAR,2026-09-29 19:12:07.814+00,472,f,f
2026-09-29 19:20:00+00,AY-03,Koridor A. Yani,simulator,40,48,0.8333,0.1667,9,LANCAR,2026-09-29 19:12:07.814+00,472,f,f
2026-09-29 19:20:00+00,DR-01,Koridor Darmo - Tunjungan,simulator,50,60,0.8333,0.1667,7,LANCAR,2026-09-29 19:12:07.814+00,472,f,f
2026-09-29 19:20:00+00,DR-02,Koridor Darmo - Tunjungan,simulator,44,51,0.8627,0.1373,7,LANCAR,2026-09-29 19:12:07.814+00,472,f,f
2026-09-29 19:20:00+00,DR-03,Koridor Darmo - Tunjungan,simulator,40,47,0.8511,0.1489,8,LANCAR,2026-09-29 19:12:07.814+00,472,f,f
2026-09-29 19:20:00+00,MR-01,Koridor MERR,simulator,45,51,0.8824,0.1176,6,LANCAR,2026-09-29 19:12:07.814+00,472,f,f
2026-09-29 19:20:00+00,MR-02,Koridor MERR,simulator,40,42,0.9524,0.0476,3,LANCAR,2026-09-29 19:12:07.814+00,472,f,f
2026-09-29 19:20:00+00,MR-03,Koridor MERR,simulator,40,44,0.9091,0.0909,5,LANCAR,2026-09-29 19:12:07.814+00,472,f,f
2026-09-29 19:30:00+00,AY-01,Koridor A. Yani,simulator,41,45,0.9111,0.0889,5,LANCAR,2026-09-29 19:12:07.814+00,1072,t,f
2026-09-29 19:30:00+00,AY-02,Koridor A. Yani,simulator,46,54,0.8519,0.1481,7,LANCAR,2026-09-29 19:12:07.814+00,1072,t,f
2026-09-29 19:30:00+00,AY-03,Koridor A. Yani,simulator,40,48,0.8333,0.1667,9,LANCAR,2026-09-29 19:12:07.814+00,1072,t,f
2026-09-29 19:30:00+00,DR-01,Koridor Darmo - Tunjungan,simulator,50,60,0.8333,0.1667,7,LANCAR,2026-09-29 19:12:07.814+00,1072,t,f
2026-09-29 19:30:00+00,DR-02,Koridor Darmo - Tunjungan,simulator,44,51,0.8627,0.1373,7,LANCAR,2026-09-29 19:12:07.814+00,1072,t,f
2026-09-29 19:30:00+00,DR-03,Koridor Darmo - Tunjungan,simulator,40,47,0.8511,0.1489,8,LANCAR,2026-09-29 19:12:07.814+00,1072,t,f
2026-09-29 19:30:00+00,MR-01,Koridor MERR,simulator,45,51,0.8824,0.1176,6,LANCAR,2026-09-29 19:12:07.814+00,1072,t,f
2026-09-29 19:30:00+00,MR-02,Koridor MERR,simulator,40,42,0.9524,0.0476,3,LANCAR,2026-09-29 19:12:07.814+00,1072,t,f
2026-09-29 19:30:00+00,MR-03,Koridor MERR,simulator,40,44,0.9091,0.0909,5,LANCAR,2026-09-29 19:12:07.814+00,1072,t,f
2026-09-29 19:40:00+00,AY-01,Koridor A. Yani,simulator,39,45,0.8667,0.1333,7,LANCAR,2026-09-29 19:32:31.764+00,448,f,f
2026-09-29 19:40:00+00,AY-02,Koridor A. Yani,simulator,52,54,0.963,0.037,2,LANCAR,2026-09-29 19:32:31.764+00,448,f,f
2026-09-29 19:40:00+00,AY-03,Koridor A. Yani,simulator,46,48,0.9583,0.0417,2,LANCAR,2026-09-29 19:32:31.764+00,448,f,f
2026-09-29 19:40:00+00,DR-01,Koridor Darmo - Tunjungan,simulator,57,60,0.95,0.05,2,LANCAR,2026-09-29 19:32:31.764+00,448,f,f
2026-09-29 19:40:00+00,DR-02,Koridor Darmo - Tunjungan,simulator,44,51,0.8627,0.1373,7,LANCAR,2026-09-29 19:32:31.764+00,448,f,f
2026-09-29 19:40:00+00,DR-03,Koridor Darmo - Tunjungan,simulator,40,47,0.8511,0.1489,8,LANCAR,2026-09-29 19:32:31.764+00,448,f,f
2026-09-29 19:40:00+00,MR-01,Koridor MERR,simulator,46,51,0.902,0.098,5,LANCAR,2026-09-29 19:32:31.764+00,448,f,f
2026-09-29 19:40:00+00,MR-02,Koridor MERR,simulator,38,42,0.9048,0.0952,6,LANCAR,2026-09-29 19:32:31.764+00,448,f,f
2026-09-29 19:40:00+00,MR-03,Koridor MERR,simulator,42,44,0.9545,0.0455,2,LANCAR,2026-09-29 19:32:31.764+00,448,f,f
2026-09-29 19:50:00+00,AY-01,Koridor A. Yani,simulator,38,45,0.8444,0.1556,9,LANCAR,2026-09-29 19:49:26.406+00,34,f,f
2026-09-29 19:50:00+00,AY-02,Koridor A. Yani,simulator,47,54,0.8704,0.1296,6,LANCAR,2026-09-29 19:49:26.406+00,34,f,f
2026-09-29 19:50:00+00,AY-03,Koridor A. Yani,simulator,47,48,0.9792,0.0208,1,LANCAR,2026-09-29 19:49:26.406+00,34,f,f
2026-09-29 19:50:00+00,DR-01,Koridor Darmo - Tunjungan,simulator,57,60,0.95,0.05,2,LANCAR,2026-09-29 19:49:26.406+00,34,f,f
2026-09-29 19:50:00+00,DR-02,Koridor Darmo - Tunjungan,simulator,47,51,0.9216,0.0784,4,LANCAR,2026-09-29 19:49:26.406+00,34,f,f
2026-09-29 19:50:00+00,DR-03,Koridor Darmo - Tunjungan,simulator,45,47,0.9574,0.0426,2,LANCAR,2026-09-29 19:49:26.406+00,34,f,f
2026-09-29 19:50:00+00,MR-01,Koridor MERR,simulator,46,51,0.902,0.098,5,LANCAR,2026-09-29 19:49:26.406+00,34,f,f
2026-09-29 19:50:00+00,MR-02,Koridor MERR,simulator,37,42,0.881,0.119,7,LANCAR,2026-09-29 19:49:26.406+00,34,f,f
2026-09-29 19:50:00+00,MR-03,Koridor MERR,simulator,43,44,0.9773,0.0227,1,LANCAR,2026-09-29 19:49:26.406+00,34,f,f
2026-09-29 20:00:00+00,AY-01,Koridor A. Yani,simulator,38,45,0.8444,0.1556,9,LANCAR,2026-09-29 19:49:26.406+00,634,t,f
2026-09-29 20:00:00+00,AY-02,Koridor A. Yani,simulator,47,54,0.8704,0.1296,6,LANCAR,2026-09-29 19:49:26.406+00,634,t,f
2026-09-29 20:00:00+00,AY-03,Koridor A. Yani,simulator,47,48,0.9792,0.0208,1,LANCAR,2026-09-29 19:49:26.406+00,634,t,f
2026-09-29 20:00:00+00,DR-01,Koridor Darmo - Tunjungan,simulator,57,60,0.95,0.05,2,LANCAR,2026-09-29 19:49:26.406+00,634,t,f
2026-09-29 20:00:00+00,DR-02,Koridor Darmo - Tunjungan,simulator,47,51,0.9216,0.0784,4,LANCAR,2026-09-29 19:49:26.406+00,634,t,f
2026-09-29 20:00:00+00,DR-03,Koridor Darmo - Tunjungan,simulator,45,47,0.9574,0.0426,2,LANCAR,2026-09-29 19:49:26.406+00,634,t,f
2026-09-29 20:00:00+00,MR-01,Koridor MERR,simulator,46,51,0.902,0.098,5,LANCAR,2026-09-29 19:49:26.406+00,634,t,f
2026-09-29 20:00:00+00,MR-02,Koridor MERR,simulator,37,42,0.881,0.119,7,LANCAR,2026-09-29 19:49:26.406+00,634,t,f
2026-09-29 20:00:00+00,MR-03,Koridor MERR,simulator,43,44,0.9773,0.0227,1,LANCAR,2026-09-29 19:49:26.406+00,634,t,f
2026-09-29 20:10:00+00,AY-01,Koridor A. Yani,simulator,37,45,0.8222,0.1778,10,LANCAR,2026-09-29 20:06:41.113+00,199,f,f
2026-09-29 20:10:00+00,AY-02,Koridor A. Yani,simulator,45,54,0.8333,0.1667,8,LANCAR,2026-09-29 20:06:41.113+00,199,f,f
2026-09-29 20:10:00+00,AY-03,Koridor A. Yani,simulator,43,48,0.8958,0.1042,5,LANCAR,2026-09-29 20:06:41.113+00,199,f,f
2026-09-29 20:10:00+00,DR-01,Koridor Darmo - Tunjungan,simulator,57,60,0.95,0.05,2,LANCAR,2026-09-29 20:06:41.113+00,199,f,f
2026-09-29 20:10:00+00,DR-02,Koridor Darmo - Tunjungan,simulator,44,51,0.8627,0.1373,7,LANCAR,2026-09-29 20:06:41.113+00,199,f,f
2026-09-29 20:10:00+00,DR-03,Koridor Darmo - Tunjungan,simulator,42,47,0.8936,0.1064,5,LANCAR,2026-09-29 20:06:41.113+00,199,f,f
2026-09-29 20:10:00+00,MR-01,Koridor MERR,simulator,44,51,0.8627,0.1373,7,LANCAR,2026-09-29 20:06:41.113+00,199,f,f
2026-09-29 20:10:00+00,MR-02,Koridor MERR,simulator,35,42,0.8333,0.1667,11,LANCAR,2026-09-29 20:06:41.113+00,199,f,f
2026-09-29 20:10:00+00,MR-03,Koridor MERR,simulator,39,44,0.8864,0.1136,6,LANCAR,2026-09-29 20:06:41.113+00,199,f,f
2026-09-29 20:20:00+00,AY-01,Koridor A. Yani,simulator,37,45,0.8222,0.1778,10,LANCAR,2026-09-29 20:06:41.113+00,799,t,f
2026-09-29 20:20:00+00,AY-02,Koridor A. Yani,simulator,45,54,0.8333,0.1667,8,LANCAR,2026-09-29 20:06:41.113+00,799,t,f
2026-09-29 20:20:00+00,AY-03,Koridor A. Yani,simulator,43,48,0.8958,0.1042,5,LANCAR,2026-09-29 20:06:41.113+00,799,t,f
2026-09-29 20:20:00+00,DR-01,Koridor Darmo - Tunjungan,simulator,57,60,0.95,0.05,2,LANCAR,2026-09-29 20:06:41.113+00,799,t,f
2026-09-29 20:20:00+00,DR-02,Koridor Darmo - Tunjungan,simulator,44,51,0.8627,0.1373,7,LANCAR,2026-09-29 20:06:41.113+00,799,t,f
2026-09-29 20:20:00+00,DR-03,Koridor Darmo - Tunjungan,simulator,42,47,0.8936,0.1064,5,LANCAR,2026-09-29 20:06:41.113+00,799,t,f
2026-09-29 20:20:00+00,MR-01,Koridor MERR,simulator,44,51,0.8627,0.1373,7,LANCAR,2026-09-29 20:06:41.113+00,799,t,f
2026-09-29 20:20:00+00,MR-02,Koridor MERR,simulator,35,42,0.8333,0.1667,11,LANCAR,2026-09-29 20:06:41.113+00,799,t,f
2026-09-29 20:20:00+00,MR-03,Koridor MERR,simulator,39,44,0.8864,0.1136,6,LANCAR,2026-09-29 20:06:41.113+00,799,t,f
2026-09-29 20:30:00+00,AY-01,Koridor A. Yani,simulator,41,45,0.9111,0.0889,5,LANCAR,2026-09-29 20:24:21.553+00,338,f,f
2026-09-29 20:30:00+00,AY-02,Koridor A. Yani,simulator,49,54,0.9074,0.0926,4,LANCAR,2026-09-29 20:24:21.553+00,338,f,f
2026-09-29 20:30:00+00,AY-03,Koridor A. Yani,simulator,42,48,0.875,0.125,6,LANCAR,2026-09-29 20:24:21.553+00,338,f,f
2026-09-29 20:30:00+00,DR-01,Koridor Darmo - Tunjungan,simulator,50,60,0.8333,0.1667,7,LANCAR,2026-09-29 20:24:21.553+00,338,f,f
2026-09-29 20:30:00+00,DR-02,Koridor Darmo - Tunjungan,simulator,42,51,0.8235,0.1765,9,LANCAR,2026-09-29 20:24:21.553+00,338,f,f
2026-09-29 20:30:00+00,DR-03,Koridor Darmo - Tunjungan,simulator,46,47,0.9787,0.0213,1,LANCAR,2026-09-29 20:24:21.553+00,338,f,f
2026-09-29 20:30:00+00,MR-01,Koridor MERR,simulator,44,51,0.8627,0.1373,7,LANCAR,2026-09-29 20:24:21.553+00,338,f,f
2026-09-29 20:30:00+00,MR-02,Koridor MERR,simulator,39,42,0.9286,0.0714,4,LANCAR,2026-09-29 20:24:21.553+00,338,f,f
2026-09-29 20:30:00+00,MR-03,Koridor MERR,simulator,40,44,0.9091,0.0909,5,LANCAR,2026-09-29 20:24:21.553+00,338,f,f
2026-09-29 20:40:00+00,AY-01,Koridor A. Yani,simulator,41,45,0.9111,0.0889,5,LANCAR,2026-09-29 20:24:21.553+00,938,t,f
2026-09-29 20:40:00+00,AY-02,Koridor A. Yani,simulator,49,54,0.9074,0.0926,4,LANCAR,2026-09-29 20:24:21.553+00,938,t,f
2026-09-29 20:40:00+00,AY-03,Koridor A. Yani,simulator,42,48,0.875,0.125,6,LANCAR,2026-09-29 20:24:21.553+00,938,t,f
2026-09-29 20:40:00+00,DR-01,Koridor Darmo - Tunjungan,simulator,50,60,0.8333,0.1667,7,LANCAR,2026-09-29 20:24:21.553+00,938,t,f
2026-09-29 20:40:00+00,DR-02,Koridor Darmo - Tunjungan,simulator,42,51,0.8235,0.1765,9,LANCAR,2026-09-29 20:24:21.553+00,938,t,f
2026-09-29 20:40:00+00,DR-03,Koridor Darmo - Tunjungan,simulator,46,47,0.9787,0.0213,1,LANCAR,2026-09-29 20:24:21.553+00,938,t,f
2026-09-29 20:40:00+00,MR-01,Koridor MERR,simulator,44,51,0.8627,0.1373,7,LANCAR,2026-09-29 20:24:21.553+00,938,t,f
2026-09-29 20:40:00+00,MR-02,Koridor MERR,simulator,39,42,0.9286,0.0714,4,LANCAR,2026-09-29 20:24:21.553+00,938,t,f
2026-09-29 20:40:00+00,MR-03,Koridor MERR,simulator,40,44,0.9091,0.0909,5,LANCAR,2026-09-29 20:24:21.553+00,938,t,f
2026-09-29 20:50:00+00,AY-01,Koridor A. Yani,simulator,41,45,0.9111,0.0889,5,LANCAR,2026-09-29 20:24:21.553+00,1538,t,f
2026-09-29 20:50:00+00,AY-02,Koridor A. Yani,simulator,49,54,0.9074,0.0926,4,LANCAR,2026-09-29 20:24:21.553+00,1538,t,f
2026-09-29 20:50:00+00,AY-03,Koridor A. Yani,simulator,42,48,0.875,0.125,6,LANCAR,2026-09-29 20:24:21.553+00,1538,t,f
2026-09-29 20:50:00+00,DR-01,Koridor Darmo - Tunjungan,simulator,50,60,0.8333,0.1667,7,LANCAR,2026-09-29 20:24:21.553+00,1538,t,f
2026-09-29 20:50:00+00,DR-02,Koridor Darmo - Tunjungan,simulator,42,51,0.8235,0.1765,9,LANCAR,2026-09-29 20:24:21.553+00,1538,t,f
2026-09-29 20:50:00+00,DR-03,Koridor Darmo - Tunjungan,simulator,46,47,0.9787,0.0213,1,LANCAR,2026-09-29 20:24:21.553+00,1538,t,f
2026-09-29 20:50:00+00,MR-01,Koridor MERR,simulator,44,51,0.8627,0.1373,7,LANCAR,2026-09-29 20:24:21.553+00,1538,t,f
2026-09-29 20:50:00+00,MR-02,Koridor MERR,simulator,39,42,0.9286,0.0714,4,LANCAR,2026-09-29 20:24:21.553+00,1538,t,f
2026-09-29 20:50:00+00,MR-03,Koridor MERR,simulator,40,44,0.9091,0.0909,5,LANCAR,2026-09-29 20:24:21.553+00,1538,t,f
2026-09-29 21:00:00+00,AY-01,Koridor A. Yani,simulator,41,45,0.9111,0.0889,5,LANCAR,2026-09-29 20:52:15.884+00,464,f,f
2026-09-29 21:00:00+00,AY-02,Koridor A. Yani,simulator,47,54,0.8704,0.1296,6,LANCAR,2026-09-29 20:52:15.884+00,464,f,f
2026-09-29 21:00:00+00,AY-03,Koridor A. Yani,simulator,43,48,0.8958,0.1042,5,LANCAR,2026-09-29 20:52:15.884+00,464,f,f
2026-09-29 21:00:00+00,DR-01,Koridor Darmo - Tunjungan,simulator,53,60,0.8833,0.1167,5,LANCAR,2026-09-29 20:52:15.884+00,464,f,f
2026-09-29 21:00:00+00,DR-02,Koridor Darmo - Tunjungan,simulator,42,51,0.8235,0.1765,9,LANCAR,2026-09-29 20:52:15.884+00,464,f,f
2026-09-29 21:00:00+00,DR-03,Koridor Darmo - Tunjungan,simulator,38,47,0.8085,0.1915,11,LANCAR,2026-09-29 20:52:15.884+00,464,f,f
2026-09-29 21:00:00+00,MR-01,Koridor MERR,simulator,49,51,0.9608,0.0392,2,LANCAR,2026-09-29 20:52:15.884+00,464,f,f
2026-09-29 21:00:00+00,MR-02,Koridor MERR,simulator,36,42,0.8571,0.1429,9,LANCAR,2026-09-29 20:52:15.884+00,464,f,f
2026-09-29 21:00:00+00,MR-03,Koridor MERR,simulator,38,44,0.8636,0.1364,8,LANCAR,2026-09-29 20:52:15.884+00,464,f,f
2026-09-29 21:10:00+00,AY-01,Koridor A. Yani,simulator,40,45,0.8889,0.1111,6,LANCAR,2026-09-29 21:09:00.563+00,59,f,f
2026-09-29 21:10:00+00,AY-02,Koridor A. Yani,simulator,45,54,0.8333,0.1667,8,LANCAR,2026-09-29 21:09:00.563+00,59,f,f
2026-09-29 21:10:00+00,AY-03,Koridor A. Yani,simulator,43,48,0.8958,0.1042,5,LANCAR,2026-09-29 21:09:00.563+00,59,f,f
2026-09-29 21:10:00+00,DR-01,Koridor Darmo - Tunjungan,simulator,56,60,0.9333,0.0667,3,LANCAR,2026-09-29 21:09:00.563+00,59,f,f
2026-09-29 21:10:00+00,DR-02,Koridor Darmo - Tunjungan,simulator,44,51,0.8627,0.1373,7,LANCAR,2026-09-29 21:09:00.563+00,59,f,f
2026-09-29 21:10:00+00,DR-03,Koridor Darmo - Tunjungan,simulator,41,47,0.8723,0.1277,7,LANCAR,2026-09-29 21:09:00.563+00,59,f,f
2026-09-29 21:10:00+00,MR-01,Koridor MERR,simulator,46,51,0.902,0.098,5,LANCAR,2026-09-29 21:09:00.563+00,59,f,f
2026-09-29 21:10:00+00,MR-02,Koridor MERR,simulator,37,42,0.881,0.119,7,LANCAR,2026-09-29 21:09:00.563+00,59,f,f
2026-09-29 21:10:00+00,MR-03,Koridor MERR,simulator,42,44,0.9545,0.0455,2,LANCAR,2026-09-29 21:09:00.563+00,59,f,f
2026-09-29 21:20:00+00,AY-01,Koridor A. Yani,simulator,40,45,0.8889,0.1111,6,LANCAR,2026-09-29 21:09:00.563+00,659,t,f
2026-09-29 21:20:00+00,AY-02,Koridor A. Yani,simulator,45,54,0.8333,0.1667,8,LANCAR,2026-09-29 21:09:00.563+00,659,t,f
2026-09-29 21:20:00+00,AY-03,Koridor A. Yani,simulator,43,48,0.8958,0.1042,5,LANCAR,2026-09-29 21:09:00.563+00,659,t,f
2026-09-29 21:20:00+00,DR-01,Koridor Darmo - Tunjungan,simulator,56,60,0.9333,0.0667,3,LANCAR,2026-09-29 21:09:00.563+00,659,t,f
2026-09-29 21:20:00+00,DR-02,Koridor Darmo - Tunjungan,simulator,44,51,0.8627,0.1373,7,LANCAR,2026-09-29 21:09:00.563+00,659,t,f
2026-09-29 21:20:00+00,DR-03,Koridor Darmo - Tunjungan,simulator,41,47,0.8723,0.1277,7,LANCAR,2026-09-29 21:09:00.563+00,659,t,f
2026-09-29 21:20:00+00,MR-01,Koridor MERR,simulator,46,51,0.902,0.098,5,LANCAR,2026-09-29 21:09:00.563+00,659,t,f
2026-09-29 21:20:00+00,MR-02,Koridor MERR,simulator,37,42,0.881,0.119,7,LANCAR,2026-09-29 21:09:00.563+00,659,t,f
2026-09-29 21:20:00+00,MR-03,Koridor MERR,simulator,42,44,0.9545,0.0455,2,LANCAR,2026-09-29 21:09:00.563+00,659,t,f
2026-09-29 21:30:00+00,AY-01,Koridor A. Yani,simulator,37,45,0.8222,0.1778,10,LANCAR,2026-09-29 21:27:34.148+00,146,f,f
2026-09-29 21:30:00+00,AY-02,Koridor A. Yani,simulator,49,54,0.9074,0.0926,4,LANCAR,2026-09-29 21:27:34.148+00,146,f,f
2026-09-29 21:30:00+00,AY-03,Koridor A. Yani,simulator,39,48,0.8125,0.1875,10,LANCAR,2026-09-29 21:27:34.148+00,146,f,f
2026-09-29 21:30:00+00,DR-01,Koridor Darmo - Tunjungan,simulator,56,60,0.9333,0.0667,3,LANCAR,2026-09-29 21:27:34.148+00,146,f,f
2026-09-29 21:30:00+00,DR-02,Koridor Darmo - Tunjungan,simulator,45,51,0.8824,0.1176,6,LANCAR,2026-09-29 21:27:34.148+00,146,f,f
2026-09-29 21:30:00+00,DR-03,Koridor Darmo - Tunjungan,simulator,40,47,0.8511,0.1489,8,LANCAR,2026-09-29 21:27:34.148+00,146,f,f
2026-09-29 21:30:00+00,MR-01,Koridor MERR,simulator,43,51,0.8431,0.1569,8,LANCAR,2026-09-29 21:27:34.148+00,146,f,f
2026-09-29 21:30:00+00,MR-02,Koridor MERR,simulator,39,42,0.9286,0.0714,4,LANCAR,2026-09-29 21:27:34.148+00,146,f,f
2026-09-29 21:30:00+00,MR-03,Koridor MERR,simulator,37,44,0.8409,0.1591,9,LANCAR,2026-09-29 21:27:34.148+00,146,f,f
2026-09-29 21:40:00+00,AY-01,Koridor A. Yani,simulator,40,45,0.8889,0.1111,6,LANCAR,2026-09-29 21:35:45.993+00,254,f,f
2026-09-29 21:40:00+00,AY-02,Koridor A. Yani,simulator,43,54,0.7963,0.2037,10,PADAT,2026-09-29 21:35:45.993+00,254,f,f
2026-09-29 21:40:00+00,AY-03,Koridor A. Yani,simulator,39,48,0.8125,0.1875,10,LANCAR,2026-09-29 21:35:45.993+00,254,f,f
2026-09-29 21:40:00+00,DR-01,Koridor Darmo - Tunjungan,simulator,50,60,0.8333,0.1667,7,LANCAR,2026-09-29 21:35:45.993+00,254,f,f
2026-09-29 21:40:00+00,DR-02,Koridor Darmo - Tunjungan,simulator,47,51,0.9216,0.0784,4,LANCAR,2026-09-29 21:35:45.993+00,254,f,f
2026-09-29 21:40:00+00,DR-03,Koridor Darmo - Tunjungan,simulator,44,47,0.9362,0.0638,3,LANCAR,2026-09-29 21:35:45.993+00,254,f,f
2026-09-29 21:40:00+00,MR-01,Koridor MERR,simulator,48,51,0.9412,0.0588,3,LANCAR,2026-09-29 21:35:45.993+00,254,f,f
2026-09-29 21:40:00+00,MR-02,Koridor MERR,simulator,34,42,0.8095,0.1905,13,LANCAR,2026-09-29 21:35:45.993+00,254,f,f
2026-09-29 21:40:00+00,MR-03,Koridor MERR,simulator,40,44,0.9091,0.0909,5,LANCAR,2026-09-29 21:35:45.993+00,254,f,f
2026-09-29 21:50:00+00,AY-01,Koridor A. Yani,simulator,40,45,0.8889,0.1111,6,LANCAR,2026-09-29 21:35:45.993+00,854,t,f
2026-09-29 21:50:00+00,AY-02,Koridor A. Yani,simulator,43,54,0.7963,0.2037,10,PADAT,2026-09-29 21:35:45.993+00,854,t,f
2026-09-29 21:50:00+00,AY-03,Koridor A. Yani,simulator,39,48,0.8125,0.1875,10,LANCAR,2026-09-29 21:35:45.993+00,854,t,f
2026-09-29 21:50:00+00,DR-01,Koridor Darmo - Tunjungan,simulator,50,60,0.8333,0.1667,7,LANCAR,2026-09-29 21:35:45.993+00,854,t,f
2026-09-29 21:50:00+00,DR-02,Koridor Darmo - Tunjungan,simulator,47,51,0.9216,0.0784,4,LANCAR,2026-09-29 21:35:45.993+00,854,t,f
2026-09-29 21:50:00+00,DR-03,Koridor Darmo - Tunjungan,simulator,44,47,0.9362,0.0638,3,LANCAR,2026-09-29 21:35:45.993+00,854,t,f
2026-09-29 21:50:00+00,MR-01,Koridor MERR,simulator,48,51,0.9412,0.0588,3,LANCAR,2026-09-29 21:35:45.993+00,854,t,f
2026-09-29 21:50:00+00,MR-02,Koridor MERR,simulator,34,42,0.8095,0.1905,13,LANCAR,2026-09-29 21:35:45.993+00,854,t,f
2026-09-29 21:50:00+00,MR-03,Koridor MERR,simulator,40,44,0.9091,0.0909,5,LANCAR,2026-09-29 21:35:45.993+00,854,t,f
2026-09-29 22:00:00+00,AY-01,Koridor A. Yani,simulator,40,45,0.8889,0.1111,6,LANCAR,2026-09-29 21:35:45.993+00,1454,t,f
2026-09-29 22:00:00+00,AY-02,Koridor A. Yani,simulator,43,54,0.7963,0.2037,10,PADAT,2026-09-29 21:35:45.993+00,1454,t,f
2026-09-29 22:00:00+00,AY-03,Koridor A. Yani,simulator,39,48,0.8125,0.1875,10,LANCAR,2026-09-29 21:35:45.993+00,1454,t,f
2026-09-29 22:00:00+00,DR-01,Koridor Darmo - Tunjungan,simulator,50,60,0.8333,0.1667,7,LANCAR,2026-09-29 21:35:45.993+00,1454,t,f
2026-09-29 22:00:00+00,DR-02,Koridor Darmo - Tunjungan,simulator,47,51,0.9216,0.0784,4,LANCAR,2026-09-29 21:35:45.993+00,1454,t,f
2026-09-29 22:00:00+00,DR-03,Koridor Darmo - Tunjungan,simulator,44,47,0.9362,0.0638,3,LANCAR,2026-09-29 21:35:45.993+00,1454,t,f
2026-09-29 22:00:00+00,MR-01,Koridor MERR,simulator,48,51,0.9412,0.0588,3,LANCAR,2026-09-29 21:35:45.993+00,1454,t,f
2026-09-29 22:00:00+00,MR-02,Koridor MERR,simulator,34,42,0.8095,0.1905,13,LANCAR,2026-09-29 21:35:45.993+00,1454,t,f
2026-09-29 22:00:00+00,MR-03,Koridor MERR,simulator,40,44,0.9091,0.0909,5,LANCAR,2026-09-29 21:35:45.993+00,1454,t,f
2026-09-29 22:10:00+00,AY-01,Koridor A. Yani,,,,,,,,,,,t
2026-09-29 22:10:00+00,AY-02,Koridor A. Yani,,,,,,,,,,,t
2026-09-29 22:10:00+00,AY-03,Koridor A. Yani,,,,,,,,,,,t
2026-09-29 22:10:00+00,DR-01,Koridor Darmo - Tunjungan,,,,,,,,,,,t
2026-09-29 22:10:00+00,DR-02,Koridor Darmo - Tunjungan,,,,,,,,,,,t
2026-09-29 22:10:00+00,DR-03,Koridor Darmo - Tunjungan,,,,,,,,,,,t
2026-09-29 22:10:00+00,MR-01,Koridor MERR,,,,,,,,,,,t
2026-09-29 22:10:00+00,MR-02,Koridor MERR,,,,,,,,,,,t
2026-09-29 22:10:00+00,MR-03,Koridor MERR,,,,,,,,,,,t
2026-09-29 22:20:00+00,AY-01,Koridor A. Yani,,,,,,,,,,,t
2026-09-29 22:20:00+00,AY-02,Koridor A. Yani,,,,,,,,,,,t
2026-09-29 22:20:00+00,AY-03,Koridor A. Yani,,,,,,,,,,,t
2026-09-29 22:20:00+00,DR-01,Koridor Darmo - Tunjungan,,,,,,,,,,,t
2026-09-29 22:20:00+00,DR-02,Koridor Darmo - Tunjungan,,,,,,,,,,,t
2026-09-29 22:20:00+00,DR-03,Koridor Darmo - Tunjungan,,,,,,,,,,,t
2026-09-29 22:20:00+00,MR-01,Koridor MERR,,,,,,,,,,,t
2026-09-29 22:20:00+00,MR-02,Koridor MERR,,,,,,,,,,,t
2026-09-29 22:20:00+00,MR-03,Koridor MERR,,,,,,,,,,,t
2026-09-29 22:30:00+00,AY-01,Koridor A. Yani,,,,,,,,,,,t
2026-09-29 22:30:00+00,AY-02,Koridor A. Yani,,,,,,,,,,,t
2026-09-29 22:30:00+00,AY-03,Koridor A. Yani,,,,,,,,,,,t
2026-09-29 22:30:00+00,DR-01,Koridor Darmo - Tunjungan,,,,,,,,,,,t
2026-09-29 22:30:00+00,DR-02,Koridor Darmo - Tunjungan,,,,,,,,,,,t
2026-09-29 22:30:00+00,DR-03,Koridor Darmo - Tunjungan,,,,,,,,,,,t
2026-09-29 22:30:00+00,MR-01,Koridor MERR,,,,,,,,,,,t
2026-09-29 22:30:00+00,MR-02,Koridor MERR,,,,,,,,,,,t
2026-09-29 22:30:00+00,MR-03,Koridor MERR,,,,,,,,,,,t
2026-09-29 22:40:00+00,AY-01,Koridor A. Yani,,,,,,,,,,,t
2026-09-29 22:40:00+00,AY-02,Koridor A. Yani,,,,,,,,,,,t
2026-09-29 22:40:00+00,AY-03,Koridor A. Yani,,,,,,,,,,,t
2026-09-29 22:40:00+00,DR-01,Koridor Darmo - Tunjungan,,,,,,,,,,,t
2026-09-29 22:40:00+00,DR-02,Koridor Darmo - Tunjungan,,,,,,,,,,,t
2026-09-29 22:40:00+00,DR-03,Koridor Darmo - Tunjungan,,,,,,,,,,,t
2026-09-29 22:40:00+00,MR-01,Koridor MERR,,,,,,,,,,,t
2026-09-29 22:40:00+00,MR-02,Koridor MERR,,,,,,,,,,,t
2026-09-29 22:40:00+00,MR-03,Koridor MERR,,,,,,,,,,,t
2026-09-29 22:50:00+00,AY-01,Koridor A. Yani,,,,,,,,,,,t
2026-09-29 22:50:00+00,AY-02,Koridor A. Yani,,,,,,,,,,,t
2026-09-29 22:50:00+00,AY-03,Koridor A. Yani,,,,,,,,,,,t
2026-09-29 22:50:00+00,DR-01,Koridor Darmo - Tunjungan,,,,,,,,,,,t
2026-09-29 22:50:00+00,DR-02,Koridor Darmo - Tunjungan,,,,,,,,,,,t
2026-09-29 22:50:00+00,DR-03,Koridor Darmo - Tunjungan,,,,,,,,,,,t
2026-09-29 22:50:00+00,MR-01,Koridor MERR,,,,,,,,,,,t
2026-09-29 22:50:00+00,MR-02,Koridor MERR,,,,,,,,,,,t
2026-09-29 22:50:00+00,MR-03,Koridor MERR,,,,,,,,,,,t
2026-09-29 23:00:00+00,AY-01,Koridor A. Yani,simulator,29,45,0.6444,0.3556,26,PADAT,2026-09-29 22:53:34.176+00,386,f,f
2026-09-29 23:00:00+00,AY-02,Koridor A. Yani,simulator,40,54,0.7407,0.2593,14,PADAT,2026-09-29 22:53:34.176+00,386,f,f
2026-09-29 23:00:00+00,AY-03,Koridor A. Yani,simulator,32,48,0.6667,0.3333,23,PADAT,2026-09-29 22:53:34.176+00,386,f,f
2026-09-29 23:00:00+00,DR-01,Koridor Darmo - Tunjungan,simulator,42,60,0.7,0.3,15,PADAT,2026-09-29 22:53:34.176+00,386,f,f
2026-09-29 23:00:00+00,DR-02,Koridor Darmo - Tunjungan,simulator,35,51,0.6863,0.3137,20,PADAT,2026-09-29 22:53:34.176+00,386,f,f
2026-09-29 23:00:00+00,DR-03,Koridor Darmo - Tunjungan,simulator,32,47,0.6809,0.3191,22,PADAT,2026-09-29 22:53:34.176+00,386,f,f
2026-09-29 23:00:00+00,MR-01,Koridor MERR,simulator,31,51,0.6078,0.3922,28,PADAT,2026-09-29 22:53:34.176+00,386,f,f
2026-09-29 23:00:00+00,MR-02,Koridor MERR,simulator,31,42,0.7381,0.2619,19,PADAT,2026-09-29 22:53:34.176+00,386,f,f
2026-09-29 23:00:00+00,MR-03,Koridor MERR,simulator,31,44,0.7045,0.2955,21,PADAT,2026-09-29 22:53:34.176+00,386,f,f
2026-09-29 23:10:00+00,AY-01,Koridor A. Yani,simulator,29,45,0.6444,0.3556,26,PADAT,2026-09-29 22:53:34.176+00,986,t,f
2026-09-29 23:10:00+00,AY-02,Koridor A. Yani,simulator,40,54,0.7407,0.2593,14,PADAT,2026-09-29 22:53:34.176+00,986,t,f
2026-09-29 23:10:00+00,AY-03,Koridor A. Yani,simulator,32,48,0.6667,0.3333,23,PADAT,2026-09-29 22:53:34.176+00,986,t,f
2026-09-29 23:10:00+00,DR-01,Koridor Darmo - Tunjungan,simulator,42,60,0.7,0.3,15,PADAT,2026-09-29 22:53:34.176+00,986,t,f
2026-09-29 23:10:00+00,DR-02,Koridor Darmo - Tunjungan,simulator,35,51,0.6863,0.3137,20,PADAT,2026-09-29 22:53:34.176+00,986,t,f
2026-09-29 23:10:00+00,DR-03,Koridor Darmo - Tunjungan,simulator,32,47,0.6809,0.3191,22,PADAT,2026-09-29 22:53:34.176+00,986,t,f
2026-09-29 23:10:00+00,MR-01,Koridor MERR,simulator,31,51,0.6078,0.3922,28,PADAT,2026-09-29 22:53:34.176+00,986,t,f
2026-09-29 23:10:00+00,MR-02,Koridor MERR,simulator,31,42,0.7381,0.2619,19,PADAT,2026-09-29 22:53:34.176+00,986,t,f
2026-09-29 23:10:00+00,MR-03,Koridor MERR,simulator,31,44,0.7045,0.2955,21,PADAT,2026-09-29 22:53:34.176+00,986,t,f
2026-09-29 23:20:00+00,AY-01,Koridor A. Yani,simulator,29,45,0.6444,0.3556,26,PADAT,2026-09-29 22:53:34.176+00,1586,t,f
2026-09-29 23:20:00+00,AY-02,Koridor A. Yani,simulator,40,54,0.7407,0.2593,14,PADAT,2026-09-29 22:53:34.176+00,1586,t,f
2026-09-29 23:20:00+00,AY-03,Koridor A. Yani,simulator,32,48,0.6667,0.3333,23,PADAT,2026-09-29 22:53:34.176+00,1586,t,f
2026-09-29 23:20:00+00,DR-01,Koridor Darmo - Tunjungan,simulator,42,60,0.7,0.3,15,PADAT,2026-09-29 22:53:34.176+00,1586,t,f
2026-09-29 23:20:00+00,DR-02,Koridor Darmo - Tunjungan,simulator,35,51,0.6863,0.3137,20,PADAT,2026-09-29 22:53:34.176+00,1586,t,f
2026-09-29 23:20:00+00,DR-03,Koridor Darmo - Tunjungan,simulator,32,47,0.6809,0.3191,22,PADAT,2026-09-29 22:53:34.176+00,1586,t,f
2026-09-29 23:20:00+00,MR-01,Koridor MERR,simulator,31,51,0.6078,0.3922,28,PADAT,2026-09-29 22:53:34.176+00,1586,t,f
2026-09-29 23:20:00+00,MR-02,Koridor MERR,simulator,31,42,0.7381,0.2619,19,PADAT,2026-09-29 22:53:34.176+00,1586,t,f
2026-09-29 23:20:00+00,MR-03,Koridor MERR,simulator,31,44,0.7045,0.2955,21,PADAT,2026-09-29 22:53:34.176+00,1586,t,f
2026-09-29 23:30:00+00,AY-01,Koridor A. Yani,,,,,,,,,,,t
2026-09-29 23:30:00+00,AY-02,Koridor A. Yani,,,,,,,,,,,t
2026-09-29 23:30:00+00,AY-03,Koridor A. Yani,,,,,,,,,,,t
2026-09-29 23:30:00+00,DR-01,Koridor Darmo - Tunjungan,,,,,,,,,,,t
2026-09-29 23:30:00+00,DR-02,Koridor Darmo - Tunjungan,,,,,,,,,,,t
2026-09-29 23:30:00+00,DR-03,Koridor Darmo - Tunjungan,,,,,,,,,,,t
2026-09-29 23:30:00+00,MR-01,Koridor MERR,,,,,,,,,,,t
2026-09-29 23:30:00+00,MR-02,Koridor MERR,,,,,,,,,,,t
2026-09-29 23:30:00+00,MR-03,Koridor MERR,,,,,,,,,,,t
2026-09-29 23:40:00+00,AY-01,Koridor A. Yani,simulator,16,45,0.3556,0.6444,87,MACET,2026-09-29 23:37:59.144+00,121,f,f
2026-09-29 23:40:00+00,AY-02,Koridor A. Yani,simulator,20,54,0.3704,0.6296,68,MACET,2026-09-29 23:37:59.144+00,121,f,f
2026-09-29 23:40:00+00,AY-03,Koridor A. Yani,simulator,19,48,0.3958,0.6042,69,MACET,2026-09-29 23:37:59.144+00,121,f,f
2026-09-29 23:40:00+00,DR-01,Koridor Darmo - Tunjungan,simulator,23,60,0.3833,0.6167,58,MACET,2026-09-29 23:37:59.144+00,121,f,f
2026-09-29 23:40:00+00,DR-02,Koridor Darmo - Tunjungan,simulator,26,51,0.5098,0.4902,41,PADAT,2026-09-29 23:37:59.144+00,121,f,f
2026-09-29 23:40:00+00,DR-03,Koridor Darmo - Tunjungan,simulator,21,47,0.4468,0.5532,57,MACET,2026-09-29 23:37:59.144+00,121,f,f
2026-09-29 23:40:00+00,MR-01,Koridor MERR,simulator,24,51,0.4706,0.5294,48,MACET,2026-09-29 23:37:59.144+00,121,f,f
2026-09-29 23:40:00+00,MR-02,Koridor MERR,simulator,18,42,0.4286,0.5714,69,MACET,2026-09-29 23:37:59.144+00,121,f,f
2026-09-29 23:40:00+00,MR-03,Koridor MERR,simulator,22,44,0.5,0.5,49,PADAT,2026-09-29 23:37:59.144+00,121,f,f
2026-09-29 23:50:00+00,AY-01,Koridor A. Yani,simulator,22,45,0.4889,0.5111,50,MACET,2026-09-29 23:40:40.303+00,560,f,f
2026-09-29 23:50:00+00,AY-02,Koridor A. Yani,simulator,24,54,0.4444,0.5556,50,MACET,2026-09-29 23:40:40.303+00,560,f,f
2026-09-29 23:50:00+00,AY-03,Koridor A. Yani,simulator,18,48,0.375,0.625,75,MACET,2026-09-29 23:40:40.303+00,560,f,f
2026-09-29 23:50:00+00,DR-01,Koridor Darmo - Tunjungan,simulator,22,60,0.3667,0.6333,62,MACET,2026-09-29 23:40:40.303+00,560,f,f
2026-09-29 23:50:00+00,DR-02,Koridor Darmo - Tunjungan,simulator,20,51,0.3922,0.6078,66,MACET,2026-09-29 23:40:40.303+00,560,f,f
2026-09-29 23:50:00+00,DR-03,Koridor Darmo - Tunjungan,simulator,22,47,0.4681,0.5319,52,MACET,2026-09-29 23:40:40.303+00,560,f,f
2026-09-29 23:50:00+00,MR-01,Koridor MERR,simulator,22,51,0.4314,0.5686,56,MACET,2026-09-29 23:40:40.303+00,560,f,f
2026-09-29 23:50:00+00,MR-02,Koridor MERR,simulator,16,42,0.381,0.619,84,MACET,2026-09-29 23:40:40.303+00,560,f,f
2026-09-29 23:50:00+00,MR-03,Koridor MERR,simulator,22,44,0.5,0.5,49,PADAT,2026-09-29 23:40:40.303+00,560,f,f
2026-09-30 00:00:00+00,AY-01,Koridor A. Yani,simulator,22,45,0.4889,0.5111,50,MACET,2026-09-29 23:40:40.303+00,1160,t,f
2026-09-30 00:00:00+00,AY-02,Koridor A. Yani,simulator,24,54,0.4444,0.5556,50,MACET,2026-09-29 23:40:40.303+00,1160,t,f
2026-09-30 00:00:00+00,AY-03,Koridor A. Yani,simulator,18,48,0.375,0.625,75,MACET,2026-09-29 23:40:40.303+00,1160,t,f
2026-09-30 00:00:00+00,DR-01,Koridor Darmo - Tunjungan,simulator,22,60,0.3667,0.6333,62,MACET,2026-09-29 23:40:40.303+00,1160,t,f
2026-09-30 00:00:00+00,DR-02,Koridor Darmo - Tunjungan,simulator,20,51,0.3922,0.6078,66,MACET,2026-09-29 23:40:40.303+00,1160,t,f
2026-09-30 00:00:00+00,DR-03,Koridor Darmo - Tunjungan,simulator,22,47,0.4681,0.5319,52,MACET,2026-09-29 23:40:40.303+00,1160,t,f
2026-09-30 00:00:00+00,MR-01,Koridor MERR,simulator,22,51,0.4314,0.5686,56,MACET,2026-09-29 23:40:40.303+00,1160,t,f
2026-09-30 00:00:00+00,MR-02,Koridor MERR,simulator,16,42,0.381,0.619,84,MACET,2026-09-29 23:40:40.303+00,1160,t,f
2026-09-30 00:00:00+00,MR-03,Koridor MERR,simulator,22,44,0.5,0.5,49,PADAT,2026-09-29 23:40:40.303+00,1160,t,f
2026-09-30 00:10:00+00,AY-01,Koridor A. Yani,simulator,22,45,0.4889,0.5111,50,MACET,2026-09-29 23:40:40.303+00,1760,t,f
2026-09-30 00:10:00+00,AY-02,Koridor A. Yani,simulator,24,54,0.4444,0.5556,50,MACET,2026-09-29 23:40:40.303+00,1760,t,f
2026-09-30 00:10:00+00,AY-03,Koridor A. Yani,simulator,18,48,0.375,0.625,75,MACET,2026-09-29 23:40:40.303+00,1760,t,f
2026-09-30 00:10:00+00,DR-01,Koridor Darmo - Tunjungan,simulator,22,60,0.3667,0.6333,62,MACET,2026-09-29 23:40:40.303+00,1760,t,f
2026-09-30 00:10:00+00,DR-02,Koridor Darmo - Tunjungan,simulator,20,51,0.3922,0.6078,66,MACET,2026-09-29 23:40:40.303+00,1760,t,f
2026-09-30 00:10:00+00,DR-03,Koridor Darmo - Tunjungan,simulator,22,47,0.4681,0.5319,52,MACET,2026-09-29 23:40:40.303+00,1760,t,f
2026-09-30 00:10:00+00,MR-01,Koridor MERR,simulator,22,51,0.4314,0.5686,56,MACET,2026-09-29 23:40:40.303+00,1760,t,f
2026-09-30 00:10:00+00,MR-02,Koridor MERR,simulator,16,42,0.381,0.619,84,MACET,2026-09-29 23:40:40.303+00,1760,t,f
2026-09-30 00:10:00+00,MR-03,Koridor MERR,simulator,22,44,0.5,0.5,49,PADAT,2026-09-29 23:40:40.303+00,1760,t,f
2026-09-30 00:20:00+00,AY-01,Koridor A. Yani,simulator,15,45,0.3333,0.6667,96,MACET,2026-09-30 00:19:52.193+00,8,f,f
2026-09-30 00:20:00+00,AY-02,Koridor A. Yani,simulator,17,54,0.3148,0.6852,87,MACET,2026-09-30 00:19:52.193+00,8,f,f
2026-09-30 00:20:00+00,AY-03,Koridor A. Yani,simulator,13,48,0.2708,0.7292,121,MACET,2026-09-30 00:19:52.193+00,8,f,f
2026-09-30 00:20:00+00,DR-01,Koridor Darmo - Tunjungan,simulator,18,60,0.3,0.7,84,MACET,2026-09-30 00:19:52.193+00,8,f,f
2026-09-30 00:20:00+00,DR-02,Koridor Darmo - Tunjungan,simulator,17,51,0.3333,0.6667,85,MACET,2026-09-30 00:19:52.193+00,8,f,f
2026-09-30 00:20:00+00,DR-03,Koridor Darmo - Tunjungan,simulator,13,47,0.2766,0.7234,120,MACET,2026-09-30 00:19:52.193+00,8,f,f
2026-09-30 00:20:00+00,MR-01,Koridor MERR,simulator,16,51,0.3137,0.6863,93,MACET,2026-09-30 00:19:52.193+00,8,f,f
2026-09-30 00:20:00+00,MR-02,Koridor MERR,simulator,14,42,0.3333,0.6667,103,MACET,2026-09-30 00:19:52.193+00,8,f,f
2026-09-30 00:20:00+00,MR-03,Koridor MERR,simulator,17,44,0.3864,0.6136,78,MACET,2026-09-30 00:19:52.193+00,8,f,f
2026-09-30 00:30:00+00,AY-01,Koridor A. Yani,simulator,15,45,0.3333,0.6667,96,MACET,2026-09-30 00:29:52.362+00,8,f,f
2026-09-30 00:30:00+00,AY-02,Koridor A. Yani,simulator,13,54,0.2407,0.7593,126,MACET,2026-09-30 00:29:52.362+00,8,f,f
2026-09-30 00:30:00+00,AY-03,Koridor A. Yani,simulator,12,48,0.25,0.75,135,MACET,2026-09-30 00:29:52.362+00,8,f,f
2026-09-30 00:30:00+00,DR-01,Koridor Darmo - Tunjungan,simulator,21,60,0.35,0.65,67,MACET,2026-09-30 00:29:52.362+00,8,f,f
2026-09-30 00:30:00+00,DR-02,Koridor Darmo - Tunjungan,simulator,18,51,0.3529,0.6471,78,MACET,2026-09-30 00:29:52.362+00,8,f,f
2026-09-30 00:30:00+00,DR-03,Koridor Darmo - Tunjungan,simulator,17,47,0.3617,0.6383,81,MACET,2026-09-30 00:29:52.362+00,8,f,f
2026-09-30 00:30:00+00,MR-01,Koridor MERR,simulator,16,51,0.3137,0.6863,93,MACET,2026-09-30 00:29:52.362+00,8,f,f
2026-09-30 00:30:00+00,MR-02,Koridor MERR,simulator,14,42,0.3333,0.6667,103,MACET,2026-09-30 00:29:52.362+00,8,f,f
2026-09-30 00:30:00+00,MR-03,Koridor MERR,simulator,16,44,0.3636,0.6364,86,MACET,2026-09-30 00:29:52.362+00,8,f,f
2026-09-30 00:40:00+00,AY-01,Koridor A. Yani,simulator,12,45,0.2667,0.7333,132,MACET,2026-09-30 00:39:52.416+00,8,f,f
2026-09-30 00:40:00+00,AY-02,Koridor A. Yani,simulator,18,54,0.3333,0.6667,80,MACET,2026-09-30 00:39:52.416+00,8,f,f
2026-09-30 00:40:00+00,AY-03,Koridor A. Yani,simulator,12,48,0.25,0.75,135,MACET,2026-09-30 00:39:52.416+00,8,f,f
2026-09-30 00:40:00+00,DR-01,Koridor Darmo - Tunjungan,simulator,15,60,0.25,0.75,108,MACET,2026-09-30 00:39:52.416+00,8,f,f
2026-09-30 00:40:00+00,DR-02,Koridor Darmo - Tunjungan,simulator,13,51,0.2549,0.7451,124,MACET,2026-09-30 00:39:52.416+00,8,f,f
2026-09-30 00:40:00+00,DR-03,Koridor Darmo - Tunjungan,simulator,11,47,0.234,0.766,150,MACET,2026-09-30 00:39:52.416+00,8,f,f
2026-09-30 00:40:00+00,MR-01,Koridor MERR,simulator,16,51,0.3137,0.6863,93,MACET,2026-09-30 00:39:52.416+00,8,f,f
2026-09-30 00:40:00+00,MR-02,Koridor MERR,simulator,14,42,0.3333,0.6667,103,MACET,2026-09-30 00:39:52.416+00,8,f,f
2026-09-30 00:40:00+00,MR-03,Koridor MERR,simulator,13,44,0.2955,0.7045,117,MACET,2026-09-30 00:39:52.416+00,8,f,f
2026-09-30 00:50:00+00,AY-01,Koridor A. Yani,simulator,17,45,0.3778,0.6222,79,MACET,2026-09-30 00:49:52.501+00,7,f,f
2026-09-30 00:50:00+00,AY-02,Koridor A. Yani,simulator,21,54,0.3889,0.6111,63,MACET,2026-09-30 00:49:52.501+00,7,f,f
2026-09-30 00:50:00+00,AY-03,Koridor A. Yani,simulator,18,48,0.375,0.625,75,MACET,2026-09-30 00:49:52.501+00,7,f,f
2026-09-30 00:50:00+00,DR-01,Koridor Darmo - Tunjungan,simulator,16,60,0.2667,0.7333,99,MACET,2026-09-30 00:49:52.501+00,7,f,f
2026-09-30 00:50:00+00,DR-02,Koridor Darmo - Tunjungan,simulator,20,51,0.3922,0.6078,66,MACET,2026-09-30 00:49:52.501+00,7,f,f
2026-09-30 00:50:00+00,DR-03,Koridor Darmo - Tunjungan,simulator,14,47,0.2979,0.7021,108,MACET,2026-09-30 00:49:52.501+00,7,f,f
2026-09-30 00:50:00+00,MR-01,Koridor MERR,simulator,15,51,0.2941,0.7059,102,MACET,2026-09-30 00:49:52.501+00,7,f,f
2026-09-30 00:50:00+00,MR-02,Koridor MERR,simulator,17,42,0.4048,0.5952,76,MACET,2026-09-30 00:49:52.501+00,7,f,f
2026-09-30 00:50:00+00,MR-03,Koridor MERR,simulator,11,44,0.25,0.75,147,MACET,2026-09-30 00:49:52.501+00,7,f,f
2026-09-30 01:00:00+00,AY-01,Koridor A. Yani,simulator,18,45,0.4,0.6,72,MACET,2026-09-30 00:59:52.476+00,8,f,f
2026-09-30 01:00:00+00,AY-02,Koridor A. Yani,simulator,20,54,0.3704,0.6296,68,MACET,2026-09-30 00:59:52.476+00,8,f,f
2026-09-30 01:00:00+00,AY-03,Koridor A. Yani,simulator,20,48,0.4167,0.5833,63,MACET,2026-09-30 00:59:52.476+00,8,f,f
2026-09-30 01:00:00+00,DR-01,Koridor Darmo - Tunjungan,simulator,25,60,0.4167,0.5833,50,MACET,2026-09-30 00:59:52.476+00,8,f,f
2026-09-30 01:00:00+00,DR-02,Koridor Darmo - Tunjungan,simulator,14,51,0.2745,0.7255,112,MACET,2026-09-30 00:59:52.476+00,8,f,f
2026-09-30 01:00:00+00,DR-03,Koridor Darmo - Tunjungan,simulator,18,47,0.383,0.617,74,MACET,2026-09-30 00:59:52.476+00,8,f,f
2026-09-30 01:00:00+00,MR-01,Koridor MERR,simulator,19,51,0.3725,0.6275,72,MACET,2026-09-30 00:59:52.476+00,8,f,f
2026-09-30 01:00:00+00,MR-02,Koridor MERR,simulator,15,42,0.3571,0.6429,93,MACET,2026-09-30 00:59:52.476+00,8,f,f
2026-09-30 01:00:00+00,MR-03,Koridor MERR,simulator,16,44,0.3636,0.6364,86,MACET,2026-09-30 00:59:52.476+00,8,f,f
2026-09-30 01:10:00+00,AY-01,Koridor A. Yani,simulator,20,45,0.4444,0.5556,60,MACET,2026-09-30 01:09:52.514+00,7,f,f
2026-09-30 01:10:00+00,AY-02,Koridor A. Yani,simulator,22,54,0.4074,0.5926,58,MACET,2026-09-30 01:09:52.514+00,7,f,f
2026-09-30 01:10:00+00,AY-03,Koridor A. Yani,simulator,17,48,0.3542,0.6458,82,MACET,2026-09-30 01:09:52.514+00,7,f,f
2026-09-30 01:10:00+00,DR-01,Koridor Darmo - Tunjungan,simulator,23,60,0.3833,0.6167,58,MACET,2026-09-30 01:09:52.514+00,7,f,f
2026-09-30 01:10:00+00,DR-02,Koridor Darmo - Tunjungan,simulator,21,51,0.4118,0.5882,61,MACET,2026-09-30 01:09:52.514+00,7,f,f
2026-09-30 01:10:00+00,DR-03,Koridor Darmo - Tunjungan,simulator,15,47,0.3191,0.6809,98,MACET,2026-09-30 01:09:52.514+00,7,f,f
2026-09-30 01:10:00+00,MR-01,Koridor MERR,simulator,17,51,0.3333,0.6667,85,MACET,2026-09-30 01:09:52.514+00,7,f,f
2026-09-30 01:10:00+00,MR-02,Koridor MERR,simulator,13,42,0.3095,0.6905,115,MACET,2026-09-30 01:09:52.514+00,7,f,f
2026-09-30 01:10:00+00,MR-03,Koridor MERR,simulator,14,44,0.3182,0.6818,105,MACET,2026-09-30 01:09:52.514+00,7,f,f
2026-09-30 01:20:00+00,AY-01,Koridor A. Yani,simulator,17,45,0.3778,0.6222,79,MACET,2026-09-30 01:19:52.674+00,7,f,f
2026-09-30 01:20:00+00,AY-02,Koridor A. Yani,simulator,21,54,0.3889,0.6111,63,MACET,2026-09-30 01:19:52.674+00,7,f,f
2026-09-30 01:20:00+00,AY-03,Koridor A. Yani,simulator,19,48,0.3958,0.6042,69,MACET,2026-09-30 01:19:52.674+00,7,f,f
2026-09-30 01:20:00+00,DR-01,Koridor Darmo - Tunjungan,simulator,27,60,0.45,0.55,44,MACET,2026-09-30 01:19:52.674+00,7,f,f
2026-09-30 01:20:00+00,DR-02,Koridor Darmo - Tunjungan,simulator,23,51,0.451,0.549,52,MACET,2026-09-30 01:19:52.674+00,7,f,f
2026-09-30 01:20:00+00,DR-03,Koridor Darmo - Tunjungan,simulator,22,47,0.4681,0.5319,52,MACET,2026-09-30 01:19:52.674+00,7,f,f
2026-09-30 01:20:00+00,MR-01,Koridor MERR,simulator,22,51,0.4314,0.5686,56,MACET,2026-09-30 01:19:52.674+00,7,f,f
2026-09-30 01:20:00+00,MR-02,Koridor MERR,simulator,15,42,0.3571,0.6429,93,MACET,2026-09-30 01:19:52.674+00,7,f,f
2026-09-30 01:20:00+00,MR-03,Koridor MERR,simulator,21,44,0.4773,0.5227,54,MACET,2026-09-30 01:19:52.674+00,7,f,f
2026-09-30 01:30:00+00,AY-01,Koridor A. Yani,simulator,23,45,0.5111,0.4889,46,PADAT,2026-09-30 01:29:52.72+00,7,f,f
2026-09-30 01:30:00+00,AY-02,Koridor A. Yani,simulator,29,54,0.537,0.463,34,PADAT,2026-09-30 01:29:52.72+00,7,f,f
2026-09-30 01:30:00+00,AY-03,Koridor A. Yani,simulator,22,48,0.4583,0.5417,53,MACET,2026-09-30 01:29:52.72+00,7,f,f
2026-09-30 01:30:00+00,DR-01,Koridor Darmo - Tunjungan,simulator,28,60,0.4667,0.5333,41,MACET,2026-09-30 01:29:52.72+00,7,f,f
2026-09-30 01:30:00+00,DR-02,Koridor Darmo - Tunjungan,simulator,25,51,0.4902,0.5098,44,MACET,2026-09-30 01:29:52.72+00,7,f,f
2026-09-30 01:30:00+00,DR-03,Koridor Darmo - Tunjungan,simulator,24,47,0.5106,0.4894,44,PADAT,2026-09-30 01:29:52.72+00,7,f,f
2026-09-30 01:30:00+00,MR-01,Koridor MERR,simulator,24,51,0.4706,0.5294,48,MACET,2026-09-30 01:29:52.72+00,7,f,f
2026-09-30 01:30:00+00,MR-02,Koridor MERR,simulator,21,42,0.5,0.5,52,PADAT,2026-09-30 01:29:52.72+00,7,f,f
2026-09-30 01:30:00+00,MR-03,Koridor MERR,simulator,21,44,0.4773,0.5227,54,MACET,2026-09-30 01:29:52.72+00,7,f,f
2026-09-30 01:40:00+00,AY-01,Koridor A. Yani,simulator,25,45,0.5556,0.4444,38,PADAT,2026-09-30 01:39:52.894+00,7,f,f
2026-09-30 01:40:00+00,AY-02,Koridor A. Yani,simulator,25,54,0.463,0.537,46,MACET,2026-09-30 01:39:52.894+00,7,f,f
2026-09-30 01:40:00+00,AY-03,Koridor A. Yani,simulator,26,48,0.5417,0.4583,38,PADAT,2026-09-30 01:39:52.894+00,7,f,f
2026-09-30 01:40:00+00,DR-01,Koridor Darmo - Tunjungan,simulator,30,60,0.5,0.5,36,PADAT,2026-09-30 01:39:52.894+00,7,f,f
2026-09-30 01:40:00+00,DR-02,Koridor Darmo - Tunjungan,simulator,25,51,0.4902,0.5098,44,MACET,2026-09-30 01:39:52.894+00,7,f,f
2026-09-30 01:40:00+00,DR-03,Koridor Darmo - Tunjungan,simulator,26,47,0.5532,0.4468,37,PADAT,2026-09-30 01:39:52.894+00,7,f,f
2026-09-30 01:40:00+00,MR-01,Koridor MERR,simulator,29,51,0.5686,0.4314,32,PADAT,2026-09-30 01:39:52.894+00,7,f,f
2026-09-30 01:40:00+00,MR-02,Koridor MERR,simulator,25,42,0.5952,0.4048,35,PADAT,2026-09-30 01:39:52.894+00,7,f,f
2026-09-30 01:40:00+00,MR-03,Koridor MERR,simulator,20,44,0.4545,0.5455,59,MACET,2026-09-30 01:39:52.894+00,7,f,f
2026-09-30 01:50:00+00,AY-01,Koridor A. Yani,simulator,28,45,0.6222,0.3778,29,PADAT,2026-09-30 01:49:52.977+00,7,f,f
2026-09-30 01:50:00+00,AY-02,Koridor A. Yani,simulator,34,54,0.6296,0.3704,24,PADAT,2026-09-30 01:49:52.977+00,7,f,f
2026-09-30 01:50:00+00,AY-03,Koridor A. Yani,simulator,28,48,0.5833,0.4167,32,PADAT,2026-09-30 01:49:52.977+00,7,f,f
2026-09-30 01:50:00+00,DR-01,Koridor Darmo - Tunjungan,simulator,35,60,0.5833,0.4167,26,PADAT,2026-09-30 01:49:52.977+00,7,f,f
2026-09-30 01:50:00+00,DR-02,Koridor Darmo - Tunjungan,simulator,32,51,0.6275,0.3725,26,PADAT,2026-09-30 01:49:52.977+00,7,f,f
2026-09-30 01:50:00+00,DR-03,Koridor Darmo - Tunjungan,simulator,23,47,0.4894,0.5106,48,MACET,2026-09-30 01:49:52.977+00,7,f,f
2026-09-30 01:50:00+00,MR-01,Koridor MERR,simulator,33,51,0.6471,0.3529,23,PADAT,2026-09-30 01:49:52.977+00,7,f,f
2026-09-30 01:50:00+00,MR-02,Koridor MERR,simulator,27,42,0.6429,0.3571,29,PADAT,2026-09-30 01:49:52.977+00,7,f,f
2026-09-30 01:50:00+00,MR-03,Koridor MERR,simulator,22,44,0.5,0.5,49,PADAT,2026-09-30 01:49:52.977+00,7,f,f
2026-09-30 02:00:00+00,AY-01,Koridor A. Yani,simulator,29,45,0.6444,0.3556,26,PADAT,2026-09-30 01:59:53.046+00,7,f,f
2026-09-30 02:00:00+00,AY-02,Koridor A. Yani,simulator,32,54,0.5926,0.4074,28,PADAT,2026-09-30 01:59:53.046+00,7,f,f
2026-09-30 02:00:00+00,AY-03,Koridor A. Yani,simulator,34,48,0.7083,0.2917,19,PADAT,2026-09-30 01:59:53.046+00,7,f,f
2026-09-30 02:00:00+00,DR-01,Koridor Darmo - Tunjungan,simulator,34,60,0.5667,0.4333,28,PADAT,2026-09-30 01:59:53.046+00,7,f,f
2026-09-30 02:00:00+00,DR-02,Koridor Darmo - Tunjungan,simulator,33,51,0.6471,0.3529,23,PADAT,2026-09-30 01:59:53.046+00,7,f,f
2026-09-30 02:00:00+00,DR-03,Koridor Darmo - Tunjungan,simulator,31,47,0.6596,0.3404,24,PADAT,2026-09-30 01:59:53.046+00,7,f,f
2026-09-30 02:00:00+00,MR-01,Koridor MERR,simulator,34,51,0.6667,0.3333,22,PADAT,2026-09-30 01:59:53.046+00,7,f,f
2026-09-30 02:00:00+00,MR-02,Koridor MERR,simulator,23,42,0.5476,0.4524,43,PADAT,2026-09-30 01:59:53.046+00,7,f,f
2026-09-30 02:00:00+00,MR-03,Koridor MERR,simulator,24,44,0.5455,0.4545,41,PADAT,2026-09-30 01:59:53.046+00,7,f,f
2026-09-30 02:10:00+00,AY-01,Koridor A. Yani,simulator,32,45,0.7111,0.2889,20,PADAT,2026-09-30 02:09:53.156+00,7,f,f
2026-09-30 02:10:00+00,AY-02,Koridor A. Yani,simulator,38,54,0.7037,0.2963,17,PADAT,2026-09-30 02:09:53.156+00,7,f,f
2026-09-30 02:10:00+00,AY-03,Koridor A. Yani,simulator,30,48,0.625,0.375,27,PADAT,2026-09-30 02:09:53.156+00,7,f,f
2026-09-30 02:10:00+00,DR-01,Koridor Darmo - Tunjungan,simulator,43,60,0.7167,0.2833,14,PADAT,2026-09-30 02:09:53.156+00,7,f,f
2026-09-30 02:10:00+00,DR-02,Koridor Darmo - Tunjungan,simulator,31,51,0.6078,0.3922,28,PADAT,2026-09-30 02:09:53.156+00,7,f,f
2026-09-30 02:10:00+00,DR-03,Koridor Darmo - Tunjungan,simulator,28,47,0.5957,0.4043,31,PADAT,2026-09-30 02:09:53.156+00,7,f,f
2026-09-30 02:10:00+00,MR-01,Koridor MERR,simulator,37,51,0.7255,0.2745,16,PADAT,2026-09-30 02:09:53.156+00,7,f,f
2026-09-30 02:10:00+00,MR-02,Koridor MERR,simulator,26,42,0.619,0.381,32,PADAT,2026-09-30 02:09:53.156+00,7,f,f
2026-09-30 02:10:00+00,MR-03,Koridor MERR,simulator,28,44,0.6364,0.3636,28,PADAT,2026-09-30 02:09:53.156+00,7,f,f
2026-09-30 02:20:00+00,AY-01,Koridor A. Yani,simulator,29,45,0.6444,0.3556,26,PADAT,2026-09-30 02:19:53.229+00,7,f,f
2026-09-30 02:20:00+00,AY-02,Koridor A. Yani,simulator,34,54,0.6296,0.3704,24,PADAT,2026-09-30 02:19:53.229+00,7,f,f
2026-09-30 02:20:00+00,AY-03,Koridor A. Yani,simulator,34,48,0.7083,0.2917,19,PADAT,2026-09-30 02:19:53.229+00,7,f,f
2026-09-30 02:20:00+00,DR-01,Koridor Darmo - Tunjungan,simulator,47,60,0.7833,0.2167,10,PADAT,2026-09-30 02:19:53.229+00,7,f,f
2026-09-30 02:20:00+00,DR-02,Koridor Darmo - Tunjungan,simulator,33,51,0.6471,0.3529,23,PADAT,2026-09-30 02:19:53.229+00,7,f,f
2026-09-30 02:20:00+00,DR-03,Koridor Darmo - Tunjungan,simulator,33,47,0.7021,0.2979,19,PADAT,2026-09-30 02:19:53.229+00,7,f,f
2026-09-30 02:20:00+00,MR-01,Koridor MERR,simulator,35,51,0.6863,0.3137,20,PADAT,2026-09-30 02:19:53.229+00,7,f,f
2026-09-30 02:20:00+00,MR-02,Koridor MERR,simulator,33,42,0.7857,0.2143,14,PADAT,2026-09-30 02:19:53.229+00,7,f,f
2026-09-30 02:20:00+00,MR-03,Koridor MERR,simulator,28,44,0.6364,0.3636,28,PADAT,2026-09-30 02:19:53.229+00,7,f,f
2026-09-30 02:30:00+00,AY-01,Koridor A. Yani,simulator,34,45,0.7556,0.2444,16,PADAT,2026-09-30 02:27:53.28+00,127,f,f
2026-09-30 02:30:00+00,AY-02,Koridor A. Yani,simulator,39,54,0.7222,0.2778,15,PADAT,2026-09-30 02:27:53.28+00,127,f,f
2026-09-30 02:30:00+00,AY-03,Koridor A. Yani,simulator,38,48,0.7917,0.2083,12,PADAT,2026-09-30 02:27:53.28+00,127,f,f
2026-09-30 02:30:00+00,DR-01,Koridor Darmo - Tunjungan,simulator,44,60,0.7333,0.2667,13,PADAT,2026-09-30 02:27:53.28+00,127,f,f
2026-09-30 02:30:00+00,DR-02,Koridor Darmo - Tunjungan,simulator,38,51,0.7451,0.2549,15,PADAT,2026-09-30 02:27:53.28+00,127,f,f
2026-09-30 02:30:00+00,DR-03,Koridor Darmo - Tunjungan,simulator,34,47,0.7234,0.2766,18,PADAT,2026-09-30 02:27:53.28+00,127,f,f
2026-09-30 02:30:00+00,MR-01,Koridor MERR,simulator,36,51,0.7059,0.2941,18,PADAT,2026-09-30 02:27:53.28+00,127,f,f
2026-09-30 02:30:00+00,MR-02,Koridor MERR,simulator,28,42,0.6667,0.3333,26,PADAT,2026-09-30 02:27:53.28+00,127,f,f
2026-09-30 02:30:00+00,MR-03,Koridor MERR,simulator,33,44,0.75,0.25,16,PADAT,2026-09-30 02:27:53.28+00,127,f,f
2026-09-30 02:40:00+00,AY-01,Koridor A. Yani,simulator,36,45,0.8,0.2,12,LANCAR,2026-09-30 02:32:47.956+00,432,f,f
2026-09-30 02:40:00+00,AY-02,Koridor A. Yani,simulator,39,54,0.7222,0.2778,15,PADAT,2026-09-30 02:32:47.956+00,432,f,f
2026-09-30 02:40:00+00,AY-03,Koridor A. Yani,simulator,37,48,0.7708,0.2292,13,PADAT,2026-09-30 02:32:47.956+00,432,f,f
2026-09-30 02:40:00+00,DR-01,Koridor Darmo - Tunjungan,simulator,46,60,0.7667,0.2333,11,PADAT,2026-09-30 02:32:47.956+00,432,f,f
2026-09-30 02:40:00+00,DR-02,Koridor Darmo - Tunjungan,simulator,37,51,0.7255,0.2745,16,PADAT,2026-09-30 02:32:47.956+00,432,f,f
2026-09-30 02:40:00+00,DR-03,Koridor Darmo - Tunjungan,simulator,36,47,0.766,0.234,14,PADAT,2026-09-30 02:32:47.956+00,432,f,f
2026-09-30 02:40:00+00,MR-01,Koridor MERR,simulator,37,51,0.7255,0.2745,16,PADAT,2026-09-30 02:32:47.956+00,432,f,f
2026-09-30 02:40:00+00,MR-02,Koridor MERR,simulator,31,42,0.7381,0.2619,19,PADAT,2026-09-30 02:32:47.956+00,432,f,f
2026-09-30 02:40:00+00,MR-03,Koridor MERR,simulator,34,44,0.7727,0.2273,15,PADAT,2026-09-30 02:32:47.956+00,432,f,f
2026-09-30 02:50:00+00,AY-01,Koridor A. Yani,simulator,36,45,0.8,0.2,12,LANCAR,2026-09-30 02:32:47.956+00,1032,t,f
2026-09-30 02:50:00+00,AY-02,Koridor A. Yani,simulator,39,54,0.7222,0.2778,15,PADAT,2026-09-30 02:32:47.956+00,1032,t,f
2026-09-30 02:50:00+00,AY-03,Koridor A. Yani,simulator,37,48,0.7708,0.2292,13,PADAT,2026-09-30 02:32:47.956+00,1032,t,f
2026-09-30 02:50:00+00,DR-01,Koridor Darmo - Tunjungan,simulator,46,60,0.7667,0.2333,11,PADAT,2026-09-30 02:32:47.956+00,1032,t,f
2026-09-30 02:50:00+00,DR-02,Koridor Darmo - Tunjungan,simulator,37,51,0.7255,0.2745,16,PADAT,2026-09-30 02:32:47.956+00,1032,t,f
2026-09-30 02:50:00+00,DR-03,Koridor Darmo - Tunjungan,simulator,36,47,0.766,0.234,14,PADAT,2026-09-30 02:32:47.956+00,1032,t,f
2026-09-30 02:50:00+00,MR-01,Koridor MERR,simulator,37,51,0.7255,0.2745,16,PADAT,2026-09-30 02:32:47.956+00,1032,t,f
2026-09-30 02:50:00+00,MR-02,Koridor MERR,simulator,31,42,0.7381,0.2619,19,PADAT,2026-09-30 02:32:47.956+00,1032,t,f
2026-09-30 02:50:00+00,MR-03,Koridor MERR,simulator,34,44,0.7727,0.2273,15,PADAT,2026-09-30 02:32:47.956+00,1032,t,f
2026-09-30 03:00:00+00,AY-01,Koridor A. Yani,simulator,35,45,0.7778,0.2222,14,PADAT,2026-09-30 02:59:49.22+00,11,f,f
2026-09-30 03:00:00+00,AY-02,Koridor A. Yani,simulator,42,54,0.7778,0.2222,11,PADAT,2026-09-30 02:59:49.22+00,11,f,f
2026-09-30 03:00:00+00,AY-03,Koridor A. Yani,simulator,38,48,0.7917,0.2083,12,PADAT,2026-09-30 02:59:49.22+00,11,f,f
2026-09-30 03:00:00+00,DR-01,Koridor Darmo - Tunjungan,simulator,50,60,0.8333,0.1667,7,LANCAR,2026-09-30 02:59:49.22+00,11,f,f
2026-09-30 03:00:00+00,DR-02,Koridor Darmo - Tunjungan,simulator,39,51,0.7647,0.2353,13,PADAT,2026-09-30 02:59:49.22+00,11,f,f
2026-09-30 03:00:00+00,DR-03,Koridor Darmo - Tunjungan,simulator,42,47,0.8936,0.1064,5,LANCAR,2026-09-30 02:59:49.22+00,11,f,f
2026-09-30 03:00:00+00,MR-01,Koridor MERR,simulator,41,51,0.8039,0.1961,11,LANCAR,2026-09-30 02:59:49.22+00,11,f,f
2026-09-30 03:00:00+00,MR-02,Koridor MERR,simulator,35,42,0.8333,0.1667,11,LANCAR,2026-09-30 02:59:49.22+00,11,f,f
2026-09-30 03:00:00+00,MR-03,Koridor MERR,simulator,34,44,0.7727,0.2273,15,PADAT,2026-09-30 02:59:49.22+00,11,f,f
2026-09-30 03:10:00+00,AY-01,Koridor A. Yani,simulator,41,45,0.9111,0.0889,5,LANCAR,2026-09-30 03:09:49.392+00,11,f,f
2026-09-30 03:10:00+00,AY-02,Koridor A. Yani,simulator,45,54,0.8333,0.1667,8,LANCAR,2026-09-30 03:09:49.392+00,11,f,f
2026-09-30 03:10:00+00,AY-03,Koridor A. Yani,simulator,39,48,0.8125,0.1875,10,LANCAR,2026-09-30 03:09:49.392+00,11,f,f
2026-09-30 03:10:00+00,DR-01,Koridor Darmo - Tunjungan,simulator,48,60,0.8,0.2,9,LANCAR,2026-09-30 03:09:49.392+00,11,f,f
2026-09-30 03:10:00+00,DR-02,Koridor Darmo - Tunjungan,simulator,39,51,0.7647,0.2353,13,PADAT,2026-09-30 03:09:49.392+00,11,f,f
2026-09-30 03:10:00+00,DR-03,Koridor Darmo - Tunjungan,simulator,41,47,0.8723,0.1277,7,LANCAR,2026-09-30 03:09:49.392+00,11,f,f
2026-09-30 03:10:00+00,MR-01,Koridor MERR,simulator,43,51,0.8431,0.1569,8,LANCAR,2026-09-30 03:09:49.392+00,11,f,f
2026-09-30 03:10:00+00,MR-02,Koridor MERR,simulator,35,42,0.8333,0.1667,11,LANCAR,2026-09-30 03:09:49.392+00,11,f,f
2026-09-30 03:10:00+00,MR-03,Koridor MERR,simulator,38,44,0.8636,0.1364,8,LANCAR,2026-09-30 03:09:49.392+00,11,f,f
2026-09-30 03:20:00+00,AY-01,Koridor A. Yani,simulator,35,45,0.7778,0.2222,14,PADAT,2026-09-30 03:19:49.445+00,11,f,f
2026-09-30 03:20:00+00,AY-02,Koridor A. Yani,simulator,47,54,0.8704,0.1296,6,LANCAR,2026-09-30 03:19:49.445+00,11,f,f
2026-09-30 03:20:00+00,AY-03,Koridor A. Yani,simulator,39,48,0.8125,0.1875,10,LANCAR,2026-09-30 03:19:49.445+00,11,f,f
2026-09-30 03:20:00+00,DR-01,Koridor Darmo - Tunjungan,simulator,49,60,0.8167,0.1833,8,LANCAR,2026-09-30 03:19:49.445+00,11,f,f
2026-09-30 03:20:00+00,DR-02,Koridor Darmo - Tunjungan,simulator,45,51,0.8824,0.1176,6,LANCAR,2026-09-30 03:19:49.445+00,11,f,f
2026-09-30 03:20:00+00,DR-03,Koridor Darmo - Tunjungan,simulator,38,47,0.8085,0.1915,11,LANCAR,2026-09-30 03:19:49.445+00,11,f,f
2026-09-30 03:20:00+00,MR-01,Koridor MERR,simulator,42,51,0.8235,0.1765,9,LANCAR,2026-09-30 03:19:49.445+00,11,f,f
2026-09-30 03:20:00+00,MR-02,Koridor MERR,simulator,36,42,0.8571,0.1429,9,LANCAR,2026-09-30 03:19:49.445+00,11,f,f
2026-09-30 03:20:00+00,MR-03,Koridor MERR,simulator,39,44,0.8864,0.1136,6,LANCAR,2026-09-30 03:19:49.445+00,11,f,f
2026-09-30 03:30:00+00,AY-01,Koridor A. Yani,simulator,38,45,0.8444,0.1556,9,LANCAR,2026-09-30 03:29:49.527+00,10,f,f
2026-09-30 03:30:00+00,AY-02,Koridor A. Yani,simulator,45,54,0.8333,0.1667,8,LANCAR,2026-09-30 03:29:49.527+00,10,f,f
2026-09-30 03:30:00+00,AY-03,Koridor A. Yani,simulator,41,48,0.8542,0.1458,8,LANCAR,2026-09-30 03:29:49.527+00,10,f,f
2026-09-30 03:30:00+00,DR-01,Koridor Darmo - Tunjungan,simulator,54,60,0.9,0.1,4,LANCAR,2026-09-30 03:29:49.527+00,10,f,f
2026-09-30 03:30:00+00,DR-02,Koridor Darmo - Tunjungan,simulator,41,51,0.8039,0.1961,11,LANCAR,2026-09-30 03:29:49.527+00,10,f,f
2026-09-30 03:30:00+00,DR-03,Koridor Darmo - Tunjungan,simulator,42,47,0.8936,0.1064,5,LANCAR,2026-09-30 03:29:49.527+00,10,f,f
2026-09-30 03:30:00+00,MR-01,Koridor MERR,simulator,40,51,0.7843,0.2157,12,PADAT,2026-09-30 03:29:49.527+00,10,f,f
2026-09-30 03:30:00+00,MR-02,Koridor MERR,simulator,37,42,0.881,0.119,7,LANCAR,2026-09-30 03:29:49.527+00,10,f,f
2026-09-30 03:30:00+00,MR-03,Koridor MERR,simulator,37,44,0.8409,0.1591,9,LANCAR,2026-09-30 03:29:49.527+00,10,f,f
2026-09-30 03:40:00+00,AY-01,Koridor A. Yani,simulator,37,45,0.8222,0.1778,10,LANCAR,2026-09-30 03:39:49.506+00,10,f,f
2026-09-30 03:40:00+00,AY-02,Koridor A. Yani,simulator,44,54,0.8148,0.1852,9,LANCAR,2026-09-30 03:39:49.506+00,10,f,f
2026-09-30 03:40:00+00,AY-03,Koridor A. Yani,simulator,42,48,0.875,0.125,6,LANCAR,2026-09-30 03:39:49.506+00,10,f,f
2026-09-30 03:40:00+00,DR-01,Koridor Darmo - Tunjungan,simulator,56,60,0.9333,0.0667,3,LANCAR,2026-09-30 03:39:49.506+00,10,f,f
2026-09-30 03:40:00+00,DR-02,Koridor Darmo - Tunjungan,simulator,41,51,0.8039,0.1961,11,LANCAR,2026-09-30 03:39:49.506+00,10,f,f
2026-09-30 03:40:00+00,DR-03,Koridor Darmo - Tunjungan,simulator,40,47,0.8511,0.1489,8,LANCAR,2026-09-30 03:39:49.506+00,10,f,f
2026-09-30 03:40:00+00,MR-01,Koridor MERR,simulator,43,51,0.8431,0.1569,8,LANCAR,2026-09-30 03:39:49.506+00,10,f,f
2026-09-30 03:40:00+00,MR-02,Koridor MERR,simulator,39,42,0.9286,0.0714,4,LANCAR,2026-09-30 03:39:49.506+00,10,f,f
2026-09-30 03:40:00+00,MR-03,Koridor MERR,simulator,39,44,0.8864,0.1136,6,LANCAR,2026-09-30 03:39:49.506+00,10,f,f
2026-09-30 03:50:00+00,AY-01,Koridor A. Yani,simulator,38,45,0.8444,0.1556,9,LANCAR,2026-09-30 03:49:49.563+00,10,f,f
2026-09-30 03:50:00+00,AY-02,Koridor A. Yani,simulator,44,54,0.8148,0.1852,9,LANCAR,2026-09-30 03:49:49.563+00,10,f,f
2026-09-30 03:50:00+00,AY-03,Koridor A. Yani,simulator,40,48,0.8333,0.1667,9,LANCAR,2026-09-30 03:49:49.563+00,10,f,f
2026-09-30 03:50:00+00,DR-01,Koridor Darmo - Tunjungan,simulator,58,60,0.9667,0.0333,1,LANCAR,2026-09-30 03:49:49.563+00,10,f,f
2026-09-30 03:50:00+00,DR-02,Koridor Darmo - Tunjungan,simulator,42,51,0.8235,0.1765,9,LANCAR,2026-09-30 03:49:49.563+00,10,f,f
2026-09-30 03:50:00+00,DR-03,Koridor Darmo - Tunjungan,simulator,42,47,0.8936,0.1064,5,LANCAR,2026-09-30 03:49:49.563+00,10,f,f
2026-09-30 03:50:00+00,MR-01,Koridor MERR,simulator,48,51,0.9412,0.0588,3,LANCAR,2026-09-30 03:49:49.563+00,10,f,f
2026-09-30 03:50:00+00,MR-02,Koridor MERR,simulator,41,42,0.9762,0.0238,2,LANCAR,2026-09-30 03:49:49.563+00,10,f,f
2026-09-30 03:50:00+00,MR-03,Koridor MERR,simulator,39,44,0.8864,0.1136,6,LANCAR,2026-09-30 03:49:49.563+00,10,f,f
2026-09-30 04:00:00+00,AY-01,Koridor A. Yani,simulator,39,45,0.8667,0.1333,7,LANCAR,2026-09-30 03:59:49.683+00,10,f,f
2026-09-30 04:00:00+00,AY-02,Koridor A. Yani,simulator,44,54,0.8148,0.1852,9,LANCAR,2026-09-30 03:59:49.683+00,10,f,f
2026-09-30 04:00:00+00,AY-03,Koridor A. Yani,simulator,44,48,0.9167,0.0833,4,LANCAR,2026-09-30 03:59:49.683+00,10,f,f
2026-09-30 04:00:00+00,DR-01,Koridor Darmo - Tunjungan,simulator,57,60,0.95,0.05,2,LANCAR,2026-09-30 03:59:49.683+00,10,f,f
2026-09-30 04:00:00+00,DR-02,Koridor Darmo - Tunjungan,simulator,44,51,0.8627,0.1373,7,LANCAR,2026-09-30 03:59:49.683+00,10,f,f
2026-09-30 04:00:00+00,DR-03,Koridor Darmo - Tunjungan,simulator,43,47,0.9149,0.0851,4,LANCAR,2026-09-30 03:59:49.683+00,10,f,f
2026-09-30 04:00:00+00,MR-01,Koridor MERR,simulator,42,51,0.8235,0.1765,9,LANCAR,2026-09-30 03:59:49.683+00,10,f,f
2026-09-30 04:00:00+00,MR-02,Koridor MERR,simulator,40,42,0.9524,0.0476,3,LANCAR,2026-09-30 03:59:49.683+00,10,f,f
2026-09-30 04:00:00+00,MR-03,Koridor MERR,simulator,39,44,0.8864,0.1136,6,LANCAR,2026-09-30 03:59:49.683+00,10,f,f
2026-09-30 04:10:00+00,AY-01,Koridor A. Yani,simulator,38,45,0.8444,0.1556,9,LANCAR,2026-09-30 04:09:49.751+00,10,f,f
2026-09-30 04:10:00+00,AY-02,Koridor A. Yani,simulator,45,54,0.8333,0.1667,8,LANCAR,2026-09-30 04:09:49.751+00,10,f,f
2026-09-30 04:10:00+00,AY-03,Koridor A. Yani,simulator,41,48,0.8542,0.1458,8,LANCAR,2026-09-30 04:09:49.751+00,10,f,f
2026-09-30 04:10:00+00,DR-01,Koridor Darmo - Tunjungan,simulator,52,60,0.8667,0.1333,6,LANCAR,2026-09-30 04:09:49.751+00,10,f,f
2026-09-30 04:10:00+00,DR-02,Koridor Darmo - Tunjungan,simulator,47,51,0.9216,0.0784,4,LANCAR,2026-09-30 04:09:49.751+00,10,f,f
2026-09-30 04:10:00+00,DR-03,Koridor Darmo - Tunjungan,simulator,43,47,0.9149,0.0851,4,LANCAR,2026-09-30 04:09:49.751+00,10,f,f
2026-09-30 04:10:00+00,MR-01,Koridor MERR,simulator,42,51,0.8235,0.1765,9,LANCAR,2026-09-30 04:09:49.751+00,10,f,f
2026-09-30 04:10:00+00,MR-02,Koridor MERR,simulator,39,42,0.9286,0.0714,4,LANCAR,2026-09-30 04:09:49.751+00,10,f,f
2026-09-30 04:10:00+00,MR-03,Koridor MERR,simulator,38,44,0.8636,0.1364,8,LANCAR,2026-09-30 04:09:49.751+00,10,f,f
2026-09-30 04:20:00+00,AY-01,Koridor A. Yani,simulator,43,45,0.9556,0.0444,2,LANCAR,2026-09-30 04:19:49.745+00,10,f,f
2026-09-30 04:20:00+00,AY-02,Koridor A. Yani,simulator,45,54,0.8333,0.1667,8,LANCAR,2026-09-30 04:19:49.745+00,10,f,f
2026-09-30 04:20:00+00,AY-03,Koridor A. Yani,simulator,40,48,0.8333,0.1667,9,LANCAR,2026-09-30 04:19:49.745+00,10,f,f
2026-09-30 04:20:00+00,DR-01,Koridor Darmo - Tunjungan,simulator,55,60,0.9167,0.0833,3,LANCAR,2026-09-30 04:19:49.745+00,10,f,f
2026-09-30 04:20:00+00,DR-02,Koridor Darmo - Tunjungan,simulator,48,51,0.9412,0.0588,3,LANCAR,2026-09-30 04:19:49.745+00,10,f,f
2026-09-30 04:20:00+00,DR-03,Koridor Darmo - Tunjungan,simulator,43,47,0.9149,0.0851,4,LANCAR,2026-09-30 04:19:49.745+00,10,f,f
2026-09-30 04:20:00+00,MR-01,Koridor MERR,simulator,45,51,0.8824,0.1176,6,LANCAR,2026-09-30 04:19:49.745+00,10,f,f
2026-09-30 04:20:00+00,MR-02,Koridor MERR,simulator,37,42,0.881,0.119,7,LANCAR,2026-09-30 04:19:49.745+00,10,f,f
2026-09-30 04:20:00+00,MR-03,Koridor MERR,simulator,40,44,0.9091,0.0909,5,LANCAR,2026-09-30 04:19:49.745+00,10,f,f
2026-09-30 04:30:00+00,AY-01,Koridor A. Yani,simulator,40,45,0.8889,0.1111,6,LANCAR,2026-09-30 04:29:49.786+00,10,f,f
2026-09-30 04:30:00+00,AY-02,Koridor A. Yani,simulator,45,54,0.8333,0.1667,8,LANCAR,2026-09-30 04:29:49.786+00,10,f,f
2026-09-30 04:30:00+00,AY-03,Koridor A. Yani,simulator,40,48,0.8333,0.1667,9,LANCAR,2026-09-30 04:29:49.786+00,10,f,f
2026-09-30 04:30:00+00,DR-01,Koridor Darmo - Tunjungan,simulator,56,60,0.9333,0.0667,3,LANCAR,2026-09-30 04:29:49.786+00,10,f,f
2026-09-30 04:30:00+00,DR-02,Koridor Darmo - Tunjungan,simulator,49,51,0.9608,0.0392,2,LANCAR,2026-09-30 04:29:49.786+00,10,f,f
2026-09-30 04:30:00+00,DR-03,Koridor Darmo - Tunjungan,simulator,43,47,0.9149,0.0851,4,LANCAR,2026-09-30 04:29:49.786+00,10,f,f
2026-09-30 04:30:00+00,MR-01,Koridor MERR,simulator,43,51,0.8431,0.1569,8,LANCAR,2026-09-30 04:29:49.786+00,10,f,f
2026-09-30 04:30:00+00,MR-02,Koridor MERR,simulator,34,42,0.8095,0.1905,13,LANCAR,2026-09-30 04:29:49.786+00,10,f,f
2026-09-30 04:30:00+00,MR-03,Koridor MERR,simulator,38,44,0.8636,0.1364,8,LANCAR,2026-09-30 04:29:49.786+00,10,f,f
2026-09-30 04:40:00+00,AY-01,Koridor A. Yani,simulator,39,45,0.8667,0.1333,7,LANCAR,2026-09-30 04:39:49.796+00,10,f,f
2026-09-30 04:40:00+00,AY-02,Koridor A. Yani,simulator,49,54,0.9074,0.0926,4,LANCAR,2026-09-30 04:39:49.796+00,10,f,f
2026-09-30 04:40:00+00,AY-03,Koridor A. Yani,simulator,40,48,0.8333,0.1667,9,LANCAR,2026-09-30 04:39:49.796+00,10,f,f
2026-09-30 04:40:00+00,DR-01,Koridor Darmo - Tunjungan,simulator,56,60,0.9333,0.0667,3,LANCAR,2026-09-30 04:39:49.796+00,10,f,f
2026-09-30 04:40:00+00,DR-02,Koridor Darmo - Tunjungan,simulator,47,51,0.9216,0.0784,4,LANCAR,2026-09-30 04:39:49.796+00,10,f,f
2026-09-30 04:40:00+00,DR-03,Koridor Darmo - Tunjungan,simulator,44,47,0.9362,0.0638,3,LANCAR,2026-09-30 04:39:49.796+00,10,f,f
2026-09-30 04:40:00+00,MR-01,Koridor MERR,simulator,48,51,0.9412,0.0588,3,LANCAR,2026-09-30 04:39:49.796+00,10,f,f
2026-09-30 04:40:00+00,MR-02,Koridor MERR,simulator,40,42,0.9524,0.0476,3,LANCAR,2026-09-30 04:39:49.796+00,10,f,f
2026-09-30 04:40:00+00,MR-03,Koridor MERR,simulator,40,44,0.9091,0.0909,5,LANCAR,2026-09-30 04:39:49.796+00,10,f,f
2026-09-30 04:50:00+00,AY-01,Koridor A. Yani,simulator,37,45,0.8222,0.1778,10,LANCAR,2026-09-30 04:49:49.83+00,10,f,f
2026-09-30 04:50:00+00,AY-02,Koridor A. Yani,simulator,45,54,0.8333,0.1667,8,LANCAR,2026-09-30 04:49:49.83+00,10,f,f
2026-09-30 04:50:00+00,AY-03,Koridor A. Yani,simulator,45,48,0.9375,0.0625,3,LANCAR,2026-09-30 04:49:49.83+00,10,f,f
2026-09-30 04:50:00+00,DR-01,Koridor Darmo - Tunjungan,simulator,54,60,0.9,0.1,4,LANCAR,2026-09-30 04:49:49.83+00,10,f,f
2026-09-30 04:50:00+00,DR-02,Koridor Darmo - Tunjungan,simulator,46,51,0.902,0.098,5,LANCAR,2026-09-30 04:49:49.83+00,10,f,f
2026-09-30 04:50:00+00,DR-03,Koridor Darmo - Tunjungan,simulator,42,47,0.8936,0.1064,5,LANCAR,2026-09-30 04:49:49.83+00,10,f,f
2026-09-30 04:50:00+00,MR-01,Koridor MERR,simulator,43,51,0.8431,0.1569,8,LANCAR,2026-09-30 04:49:49.83+00,10,f,f
2026-09-30 04:50:00+00,MR-02,Koridor MERR,simulator,41,42,0.9762,0.0238,2,LANCAR,2026-09-30 04:49:49.83+00,10,f,f
2026-09-30 04:50:00+00,MR-03,Koridor MERR,simulator,40,44,0.9091,0.0909,5,LANCAR,2026-09-30 04:49:49.83+00,10,f,f
2026-09-30 05:00:00+00,AY-01,Koridor A. Yani,simulator,38,45,0.8444,0.1556,9,LANCAR,2026-09-30 04:59:49.874+00,10,f,f
2026-09-30 05:00:00+00,AY-02,Koridor A. Yani,simulator,45,54,0.8333,0.1667,8,LANCAR,2026-09-30 04:59:49.874+00,10,f,f
2026-09-30 05:00:00+00,AY-03,Koridor A. Yani,simulator,39,48,0.8125,0.1875,10,LANCAR,2026-09-30 04:59:49.874+00,10,f,f
2026-09-30 05:00:00+00,DR-01,Koridor Darmo - Tunjungan,simulator,56,60,0.9333,0.0667,3,LANCAR,2026-09-30 04:59:49.874+00,10,f,f
2026-09-30 05:00:00+00,DR-02,Koridor Darmo - Tunjungan,simulator,46,51,0.902,0.098,5,LANCAR,2026-09-30 04:59:49.874+00,10,f,f
2026-09-30 05:00:00+00,DR-03,Koridor Darmo - Tunjungan,simulator,46,47,0.9787,0.0213,1,LANCAR,2026-09-30 04:59:49.874+00,10,f,f
2026-09-30 05:00:00+00,MR-01,Koridor MERR,simulator,44,51,0.8627,0.1373,7,LANCAR,2026-09-30 04:59:49.874+00,10,f,f
2026-09-30 05:00:00+00,MR-02,Koridor MERR,simulator,37,42,0.881,0.119,7,LANCAR,2026-09-30 04:59:49.874+00,10,f,f
2026-09-30 05:00:00+00,MR-03,Koridor MERR,simulator,41,44,0.9318,0.0682,4,LANCAR,2026-09-30 04:59:49.874+00,10,f,f
2026-09-30 05:10:00+00,AY-01,Koridor A. Yani,simulator,44,45,0.9778,0.0222,1,LANCAR,2026-09-30 05:09:50.039+00,10,f,f
2026-09-30 05:10:00+00,AY-02,Koridor A. Yani,simulator,50,54,0.9259,0.0741,3,LANCAR,2026-09-30 05:09:50.039+00,10,f,f
2026-09-30 05:10:00+00,AY-03,Koridor A. Yani,simulator,43,48,0.8958,0.1042,5,LANCAR,2026-09-30 05:09:50.039+00,10,f,f
2026-09-30 05:10:00+00,DR-01,Koridor Darmo - Tunjungan,simulator,58,60,0.9667,0.0333,1,LANCAR,2026-09-30 05:09:50.039+00,10,f,f
2026-09-30 05:10:00+00,DR-02,Koridor Darmo - Tunjungan,simulator,43,51,0.8431,0.1569,8,LANCAR,2026-09-30 05:09:50.039+00,10,f,f
2026-09-30 05:10:00+00,DR-03,Koridor Darmo - Tunjungan,simulator,45,47,0.9574,0.0426,2,LANCAR,2026-09-30 05:09:50.039+00,10,f,f
2026-09-30 05:10:00+00,MR-01,Koridor MERR,simulator,43,51,0.8431,0.1569,8,LANCAR,2026-09-30 05:09:50.039+00,10,f,f
2026-09-30 05:10:00+00,MR-02,Koridor MERR,simulator,38,42,0.9048,0.0952,6,LANCAR,2026-09-30 05:09:50.039+00,10,f,f
2026-09-30 05:10:00+00,MR-03,Koridor MERR,simulator,42,44,0.9545,0.0455,2,LANCAR,2026-09-30 05:09:50.039+00,10,f,f
2026-09-30 05:20:00+00,AY-01,Koridor A. Yani,simulator,43,45,0.9556,0.0444,2,LANCAR,2026-09-30 05:19:50.165+00,10,f,f
2026-09-30 05:20:00+00,AY-02,Koridor A. Yani,simulator,47,54,0.8704,0.1296,6,LANCAR,2026-09-30 05:19:50.165+00,10,f,f
2026-09-30 05:20:00+00,AY-03,Koridor A. Yani,simulator,42,48,0.875,0.125,6,LANCAR,2026-09-30 05:19:50.165+00,10,f,f
2026-09-30 05:20:00+00,DR-01,Koridor Darmo - Tunjungan,simulator,51,60,0.85,0.15,6,LANCAR,2026-09-30 05:19:50.165+00,10,f,f
2026-09-30 05:20:00+00,DR-02,Koridor Darmo - Tunjungan,simulator,44,51,0.8627,0.1373,7,LANCAR,2026-09-30 05:19:50.165+00,10,f,f
2026-09-30 05:20:00+00,DR-03,Koridor Darmo - Tunjungan,simulator,41,47,0.8723,0.1277,7,LANCAR,2026-09-30 05:19:50.165+00,10,f,f
2026-09-30 05:20:00+00,MR-01,Koridor MERR,simulator,49,51,0.9608,0.0392,2,LANCAR,2026-09-30 05:19:50.165+00,10,f,f
2026-09-30 05:20:00+00,MR-02,Koridor MERR,simulator,40,42,0.9524,0.0476,3,LANCAR,2026-09-30 05:19:50.165+00,10,f,f
2026-09-30 05:20:00+00,MR-03,Koridor MERR,simulator,43,44,0.9773,0.0227,1,LANCAR,2026-09-30 05:19:50.165+00,10,f,f
2026-09-30 05:30:00+00,AY-01,Koridor A. Yani,simulator,39,45,0.8667,0.1333,7,LANCAR,2026-09-30 05:22:50.195+00,430,f,f
2026-09-30 05:30:00+00,AY-02,Koridor A. Yani,simulator,51,54,0.9444,0.0556,2,LANCAR,2026-09-30 05:22:50.195+00,430,f,f
2026-09-30 05:30:00+00,AY-03,Koridor A. Yani,simulator,39,48,0.8125,0.1875,10,LANCAR,2026-09-30 05:22:50.195+00,430,f,f
2026-09-30 05:30:00+00,DR-01,Koridor Darmo - Tunjungan,simulator,54,60,0.9,0.1,4,LANCAR,2026-09-30 05:22:50.195+00,430,f,f
2026-09-30 05:30:00+00,DR-02,Koridor Darmo - Tunjungan,simulator,48,51,0.9412,0.0588,3,LANCAR,2026-09-30 05:22:50.195+00,430,f,f
2026-09-30 05:30:00+00,DR-03,Koridor Darmo - Tunjungan,simulator,43,47,0.9149,0.0851,4,LANCAR,2026-09-30 05:22:50.195+00,430,f,f
2026-09-30 05:30:00+00,MR-01,Koridor MERR,simulator,43,51,0.8431,0.1569,8,LANCAR,2026-09-30 05:22:50.195+00,430,f,f
2026-09-30 05:30:00+00,MR-02,Koridor MERR,simulator,39,42,0.9286,0.0714,4,LANCAR,2026-09-30 05:22:50.195+00,430,f,f
2026-09-30 05:30:00+00,MR-03,Koridor MERR,simulator,42,44,0.9545,0.0455,2,LANCAR,2026-09-30 05:22:50.195+00,430,f,f
2026-09-30 05:40:00+00,AY-01,Koridor A. Yani,simulator,39,45,0.8667,0.1333,7,LANCAR,2026-09-30 05:37:31.137+00,149,f,f
2026-09-30 05:40:00+00,AY-02,Koridor A. Yani,simulator,47,54,0.8704,0.1296,6,LANCAR,2026-09-30 05:37:31.137+00,149,f,f
2026-09-30 05:40:00+00,AY-03,Koridor A. Yani,simulator,44,48,0.9167,0.0833,4,LANCAR,2026-09-30 05:37:31.137+00,149,f,f
2026-09-30 05:40:00+00,DR-01,Koridor Darmo - Tunjungan,simulator,51,60,0.85,0.15,6,LANCAR,2026-09-30 05:37:31.137+00,149,f,f
2026-09-30 05:40:00+00,DR-02,Koridor Darmo - Tunjungan,simulator,47,51,0.9216,0.0784,4,LANCAR,2026-09-30 05:37:31.137+00,149,f,f
2026-09-30 05:40:00+00,DR-03,Koridor Darmo - Tunjungan,simulator,43,47,0.9149,0.0851,4,LANCAR,2026-09-30 05:37:31.137+00,149,f,f
2026-09-30 05:40:00+00,MR-01,Koridor MERR,simulator,49,51,0.9608,0.0392,2,LANCAR,2026-09-30 05:37:31.137+00,149,f,f
2026-09-30 05:40:00+00,MR-02,Koridor MERR,simulator,40,42,0.9524,0.0476,3,LANCAR,2026-09-30 05:37:31.137+00,149,f,f
2026-09-30 05:40:00+00,MR-03,Koridor MERR,simulator,39,44,0.8864,0.1136,6,LANCAR,2026-09-30 05:37:31.137+00,149,f,f
2026-09-30 05:50:00+00,AY-01,Koridor A. Yani,simulator,43,45,0.9556,0.0444,2,LANCAR,2026-09-30 05:49:59.659+00,0,f,f
2026-09-30 05:50:00+00,AY-02,Koridor A. Yani,simulator,50,54,0.9259,0.0741,3,LANCAR,2026-09-30 05:49:59.659+00,0,f,f
2026-09-30 05:50:00+00,AY-03,Koridor A. Yani,simulator,46,48,0.9583,0.0417,2,LANCAR,2026-09-30 05:49:59.659+00,0,f,f
2026-09-30 05:50:00+00,DR-01,Koridor Darmo - Tunjungan,simulator,56,60,0.9333,0.0667,3,LANCAR,2026-09-30 05:49:59.659+00,0,f,f
2026-09-30 05:50:00+00,DR-02,Koridor Darmo - Tunjungan,simulator,47,51,0.9216,0.0784,4,LANCAR,2026-09-30 05:49:59.659+00,0,f,f
2026-09-30 05:50:00+00,DR-03,Koridor Darmo - Tunjungan,simulator,45,47,0.9574,0.0426,2,LANCAR,2026-09-30 05:49:59.659+00,0,f,f
2026-09-30 05:50:00+00,MR-01,Koridor MERR,simulator,47,51,0.9216,0.0784,4,LANCAR,2026-09-30 05:49:59.659+00,0,f,f
2026-09-30 05:50:00+00,MR-02,Koridor MERR,simulator,36,42,0.8571,0.1429,9,LANCAR,2026-09-30 05:49:59.659+00,0,f,f
2026-09-30 05:50:00+00,MR-03,Koridor MERR,simulator,43,44,0.9773,0.0227,1,LANCAR,2026-09-30 05:49:59.659+00,0,f,f
2026-09-30 06:00:00+00,AY-01,Koridor A. Yani,simulator,44,45,0.9778,0.0222,1,LANCAR,2026-09-30 05:59:59.762+00,0,f,f
2026-09-30 06:00:00+00,AY-02,Koridor A. Yani,simulator,44,54,0.8148,0.1852,9,LANCAR,2026-09-30 05:59:59.762+00,0,f,f
2026-09-30 06:00:00+00,AY-03,Koridor A. Yani,simulator,40,48,0.8333,0.1667,9,LANCAR,2026-09-30 05:59:59.762+00,0,f,f
2026-09-30 06:00:00+00,DR-01,Koridor Darmo - Tunjungan,simulator,51,60,0.85,0.15,6,LANCAR,2026-09-30 05:59:59.762+00,0,f,f
2026-09-30 06:00:00+00,DR-02,Koridor Darmo - Tunjungan,simulator,46,51,0.902,0.098,5,LANCAR,2026-09-30 05:59:59.762+00,0,f,f
2026-09-30 06:00:00+00,DR-03,Koridor Darmo - Tunjungan,simulator,43,47,0.9149,0.0851,4,LANCAR,2026-09-30 05:59:59.762+00,0,f,f
2026-09-30 06:00:00+00,MR-01,Koridor MERR,simulator,49,51,0.9608,0.0392,2,LANCAR,2026-09-30 05:59:59.762+00,0,f,f
2026-09-30 06:00:00+00,MR-02,Koridor MERR,simulator,40,42,0.9524,0.0476,3,LANCAR,2026-09-30 05:59:59.762+00,0,f,f
2026-09-30 06:00:00+00,MR-03,Koridor MERR,simulator,40,44,0.9091,0.0909,5,LANCAR,2026-09-30 05:59:59.762+00,0,f,f
2026-09-30 06:10:00+00,AY-01,Koridor A. Yani,simulator,39,45,0.8667,0.1333,7,LANCAR,2026-09-30 06:09:59.854+00,0,f,f
2026-09-30 06:10:00+00,AY-02,Koridor A. Yani,simulator,52,54,0.963,0.037,2,LANCAR,2026-09-30 06:09:59.854+00,0,f,f
2026-09-30 06:10:00+00,AY-03,Koridor A. Yani,simulator,40,48,0.8333,0.1667,9,LANCAR,2026-09-30 06:09:59.854+00,0,f,f
2026-09-30 06:10:00+00,DR-01,Koridor Darmo - Tunjungan,simulator,52,60,0.8667,0.1333,6,LANCAR,2026-09-30 06:09:59.854+00,0,f,f
2026-09-30 06:10:00+00,DR-02,Koridor Darmo - Tunjungan,simulator,47,51,0.9216,0.0784,4,LANCAR,2026-09-30 06:09:59.854+00,0,f,f
2026-09-30 06:10:00+00,DR-03,Koridor Darmo - Tunjungan,simulator,39,47,0.8298,0.1702,9,LANCAR,2026-09-30 06:09:59.854+00,0,f,f
2026-09-30 06:10:00+00,MR-01,Koridor MERR,simulator,49,51,0.9608,0.0392,2,LANCAR,2026-09-30 06:09:59.854+00,0,f,f
2026-09-30 06:10:00+00,MR-02,Koridor MERR,simulator,38,42,0.9048,0.0952,6,LANCAR,2026-09-30 06:09:59.854+00,0,f,f
2026-09-30 06:10:00+00,MR-03,Koridor MERR,simulator,37,44,0.8409,0.1591,9,LANCAR,2026-09-30 06:09:59.854+00,0,f,f
2026-09-30 06:20:00+00,AY-01,Koridor A. Yani,simulator,38,45,0.8444,0.1556,9,LANCAR,2026-09-30 06:19:59.817+00,0,f,f
2026-09-30 06:20:00+00,AY-02,Koridor A. Yani,simulator,49,54,0.9074,0.0926,4,LANCAR,2026-09-30 06:19:59.817+00,0,f,f
2026-09-30 06:20:00+00,AY-03,Koridor A. Yani,simulator,41,48,0.8542,0.1458,8,LANCAR,2026-09-30 06:19:59.817+00,0,f,f
2026-09-30 06:20:00+00,DR-01,Koridor Darmo - Tunjungan,simulator,53,60,0.8833,0.1167,5,LANCAR,2026-09-30 06:19:59.817+00,0,f,f
2026-09-30 06:20:00+00,DR-02,Koridor Darmo - Tunjungan,simulator,47,51,0.9216,0.0784,4,LANCAR,2026-09-30 06:19:59.817+00,0,f,f
2026-09-30 06:20:00+00,DR-03,Koridor Darmo - Tunjungan,simulator,41,47,0.8723,0.1277,7,LANCAR,2026-09-30 06:19:59.817+00,0,f,f
2026-09-30 06:20:00+00,MR-01,Koridor MERR,simulator,43,51,0.8431,0.1569,8,LANCAR,2026-09-30 06:19:59.817+00,0,f,f
2026-09-30 06:20:00+00,MR-02,Koridor MERR,simulator,39,42,0.9286,0.0714,4,LANCAR,2026-09-30 06:19:59.817+00,0,f,f
2026-09-30 06:20:00+00,MR-03,Koridor MERR,simulator,40,44,0.9091,0.0909,5,LANCAR,2026-09-30 06:19:59.817+00,0,f,f
2026-09-30 06:30:00+00,AY-01,Koridor A. Yani,simulator,38,45,0.8444,0.1556,9,LANCAR,2026-09-30 06:29:59.882+00,0,f,f
2026-09-30 06:30:00+00,AY-02,Koridor A. Yani,simulator,47,54,0.8704,0.1296,6,LANCAR,2026-09-30 06:29:59.882+00,0,f,f
2026-09-30 06:30:00+00,AY-03,Koridor A. Yani,simulator,44,48,0.9167,0.0833,4,LANCAR,2026-09-30 06:29:59.882+00,0,f,f
2026-09-30 06:30:00+00,DR-01,Koridor Darmo - Tunjungan,simulator,54,60,0.9,0.1,4,LANCAR,2026-09-30 06:29:59.882+00,0,f,f
2026-09-30 06:30:00+00,DR-02,Koridor Darmo - Tunjungan,simulator,49,51,0.9608,0.0392,2,LANCAR,2026-09-30 06:29:59.882+00,0,f,f
2026-09-30 06:30:00+00,DR-03,Koridor Darmo - Tunjungan,simulator,41,47,0.8723,0.1277,7,LANCAR,2026-09-30 06:29:59.882+00,0,f,f
2026-09-30 06:30:00+00,MR-01,Koridor MERR,simulator,44,51,0.8627,0.1373,7,LANCAR,2026-09-30 06:29:59.882+00,0,f,f
2026-09-30 06:30:00+00,MR-02,Koridor MERR,simulator,37,42,0.881,0.119,7,LANCAR,2026-09-30 06:29:59.882+00,0,f,f
2026-09-30 06:30:00+00,MR-03,Koridor MERR,simulator,43,44,0.9773,0.0227,1,LANCAR,2026-09-30 06:29:59.882+00,0,f,f
2026-09-30 06:40:00+00,AY-01,Koridor A. Yani,simulator,37,45,0.8222,0.1778,10,LANCAR,2026-09-30 06:39:59.96+00,0,f,f
2026-09-30 06:40:00+00,AY-02,Koridor A. Yani,simulator,48,54,0.8889,0.1111,5,LANCAR,2026-09-30 06:39:59.96+00,0,f,f
2026-09-30 06:40:00+00,AY-03,Koridor A. Yani,simulator,40,48,0.8333,0.1667,9,LANCAR,2026-09-30 06:39:59.96+00,0,f,f
2026-09-30 06:40:00+00,DR-01,Koridor Darmo - Tunjungan,simulator,53,60,0.8833,0.1167,5,LANCAR,2026-09-30 06:39:59.96+00,0,f,f
2026-09-30 06:40:00+00,DR-02,Koridor Darmo - Tunjungan,simulator,45,51,0.8824,0.1176,6,LANCAR,2026-09-30 06:39:59.96+00,0,f,f
2026-09-30 06:40:00+00,DR-03,Koridor Darmo - Tunjungan,simulator,41,47,0.8723,0.1277,7,LANCAR,2026-09-30 06:39:59.96+00,0,f,f
2026-09-30 06:40:00+00,MR-01,Koridor MERR,simulator,49,51,0.9608,0.0392,2,LANCAR,2026-09-30 06:39:59.96+00,0,f,f
2026-09-30 06:40:00+00,MR-02,Koridor MERR,simulator,40,42,0.9524,0.0476,3,LANCAR,2026-09-30 06:39:59.96+00,0,f,f
2026-09-30 06:40:00+00,MR-03,Koridor MERR,simulator,38,44,0.8636,0.1364,8,LANCAR,2026-09-30 06:39:59.96+00,0,f,f
2026-09-30 06:50:00+00,AY-01,Koridor A. Yani,simulator,39,45,0.8667,0.1333,7,LANCAR,2026-09-30 06:49:30.078+00,30,f,f
2026-09-30 06:50:00+00,AY-02,Koridor A. Yani,simulator,49,54,0.9074,0.0926,4,LANCAR,2026-09-30 06:49:30.078+00,30,f,f
2026-09-30 06:50:00+00,AY-03,Koridor A. Yani,simulator,44,48,0.9167,0.0833,4,LANCAR,2026-09-30 06:49:30.078+00,30,f,f
2026-09-30 06:50:00+00,DR-01,Koridor Darmo - Tunjungan,simulator,51,60,0.85,0.15,6,LANCAR,2026-09-30 06:49:30.078+00,30,f,f
2026-09-30 06:50:00+00,DR-02,Koridor Darmo - Tunjungan,simulator,44,51,0.8627,0.1373,7,LANCAR,2026-09-30 06:49:30.078+00,30,f,f
2026-09-30 06:50:00+00,DR-03,Koridor Darmo - Tunjungan,simulator,42,47,0.8936,0.1064,5,LANCAR,2026-09-30 06:49:30.078+00,30,f,f
2026-09-30 06:50:00+00,MR-01,Koridor MERR,simulator,44,51,0.8627,0.1373,7,LANCAR,2026-09-30 06:49:30.078+00,30,f,f
2026-09-30 06:50:00+00,MR-02,Koridor MERR,simulator,40,42,0.9524,0.0476,3,LANCAR,2026-09-30 06:49:30.078+00,30,f,f
2026-09-30 06:50:00+00,MR-03,Koridor MERR,simulator,40,44,0.9091,0.0909,5,LANCAR,2026-09-30 06:49:30.078+00,30,f,f
2026-09-30 07:00:00+00,AY-01,Koridor A. Yani,simulator,39,45,0.8667,0.1333,7,LANCAR,2026-09-30 06:59:30.162+00,30,f,f
2026-09-30 07:00:00+00,AY-02,Koridor A. Yani,simulator,49,54,0.9074,0.0926,4,LANCAR,2026-09-30 06:59:30.162+00,30,f,f
2026-09-30 07:00:00+00,AY-03,Koridor A. Yani,simulator,42,48,0.875,0.125,6,LANCAR,2026-09-30 06:59:30.162+00,30,f,f
2026-09-30 07:00:00+00,DR-01,Koridor Darmo - Tunjungan,simulator,55,60,0.9167,0.0833,3,LANCAR,2026-09-30 06:59:30.162+00,30,f,f
2026-09-30 07:00:00+00,DR-02,Koridor Darmo - Tunjungan,simulator,48,51,0.9412,0.0588,3,LANCAR,2026-09-30 06:59:30.162+00,30,f,f
2026-09-30 07:00:00+00,DR-03,Koridor Darmo - Tunjungan,simulator,42,47,0.8936,0.1064,5,LANCAR,2026-09-30 06:59:30.162+00,30,f,f
2026-09-30 07:00:00+00,MR-01,Koridor MERR,simulator,47,51,0.9216,0.0784,4,LANCAR,2026-09-30 06:59:30.162+00,30,f,f
2026-09-30 07:00:00+00,MR-02,Koridor MERR,simulator,41,42,0.9762,0.0238,2,LANCAR,2026-09-30 06:59:30.162+00,30,f,f
2026-09-30 07:00:00+00,MR-03,Koridor MERR,simulator,40,44,0.9091,0.0909,5,LANCAR,2026-09-30 06:59:30.162+00,30,f,f
2026-09-30 07:10:00+00,AY-01,Koridor A. Yani,simulator,43,45,0.9556,0.0444,2,LANCAR,2026-09-30 07:09:30.237+00,30,f,f
2026-09-30 07:10:00+00,AY-02,Koridor A. Yani,simulator,52,54,0.963,0.037,2,LANCAR,2026-09-30 07:09:30.237+00,30,f,f
2026-09-30 07:10:00+00,AY-03,Koridor A. Yani,simulator,46,48,0.9583,0.0417,2,LANCAR,2026-09-30 07:09:30.237+00,30,f,f
2026-09-30 07:10:00+00,DR-01,Koridor Darmo - Tunjungan,simulator,49,60,0.8167,0.1833,8,LANCAR,2026-09-30 07:09:30.237+00,30,f,f
2026-09-30 07:10:00+00,DR-02,Koridor Darmo - Tunjungan,simulator,42,51,0.8235,0.1765,9,LANCAR,2026-09-30 07:09:30.237+00,30,f,f
2026-09-30 07:10:00+00,DR-03,Koridor Darmo - Tunjungan,simulator,42,47,0.8936,0.1064,5,LANCAR,2026-09-30 07:09:30.237+00,30,f,f
2026-09-30 07:10:00+00,MR-01,Koridor MERR,simulator,45,51,0.8824,0.1176,6,LANCAR,2026-09-30 07:09:30.237+00,30,f,f
2026-09-30 07:10:00+00,MR-02,Koridor MERR,simulator,37,42,0.881,0.119,7,LANCAR,2026-09-30 07:09:30.237+00,30,f,f
2026-09-30 07:10:00+00,MR-03,Koridor MERR,simulator,36,44,0.8182,0.1818,11,LANCAR,2026-09-30 07:09:30.237+00,30,f,f
2026-09-30 07:20:00+00,AY-01,Koridor A. Yani,simulator,40,45,0.8889,0.1111,6,LANCAR,2026-09-30 07:19:30.355+00,30,f,f
2026-09-30 07:20:00+00,AY-02,Koridor A. Yani,simulator,47,54,0.8704,0.1296,6,LANCAR,2026-09-30 07:19:30.355+00,30,f,f
2026-09-30 07:20:00+00,AY-03,Koridor A. Yani,simulator,44,48,0.9167,0.0833,4,LANCAR,2026-09-30 07:19:30.355+00,30,f,f
2026-09-30 07:20:00+00,DR-01,Koridor Darmo - Tunjungan,simulator,49,60,0.8167,0.1833,8,LANCAR,2026-09-30 07:19:30.355+00,30,f,f
2026-09-30 07:20:00+00,DR-02,Koridor Darmo - Tunjungan,simulator,47,51,0.9216,0.0784,4,LANCAR,2026-09-30 07:19:30.355+00,30,f,f
2026-09-30 07:20:00+00,DR-03,Koridor Darmo - Tunjungan,simulator,41,47,0.8723,0.1277,7,LANCAR,2026-09-30 07:19:30.355+00,30,f,f
2026-09-30 07:20:00+00,MR-01,Koridor MERR,simulator,46,51,0.902,0.098,5,LANCAR,2026-09-30 07:19:30.355+00,30,f,f
2026-09-30 07:20:00+00,MR-02,Koridor MERR,simulator,39,42,0.9286,0.0714,4,LANCAR,2026-09-30 07:19:30.355+00,30,f,f
2026-09-30 07:20:00+00,MR-03,Koridor MERR,simulator,36,44,0.8182,0.1818,11,LANCAR,2026-09-30 07:19:30.355+00,30,f,f
2026-09-30 07:30:00+00,AY-01,Koridor A. Yani,simulator,37,45,0.8222,0.1778,10,LANCAR,2026-09-30 07:29:30.416+00,30,f,f
2026-09-30 07:30:00+00,AY-02,Koridor A. Yani,simulator,47,54,0.8704,0.1296,6,LANCAR,2026-09-30 07:29:30.416+00,30,f,f
2026-09-30 07:30:00+00,AY-03,Koridor A. Yani,simulator,43,48,0.8958,0.1042,5,LANCAR,2026-09-30 07:29:30.416+00,30,f,f
2026-09-30 07:30:00+00,DR-01,Koridor Darmo - Tunjungan,simulator,52,60,0.8667,0.1333,6,LANCAR,2026-09-30 07:29:30.416+00,30,f,f
2026-09-30 07:30:00+00,DR-02,Koridor Darmo - Tunjungan,simulator,44,51,0.8627,0.1373,7,LANCAR,2026-09-30 07:29:30.416+00,30,f,f
2026-09-30 07:30:00+00,DR-03,Koridor Darmo - Tunjungan,simulator,42,47,0.8936,0.1064,5,LANCAR,2026-09-30 07:29:30.416+00,30,f,f
2026-09-30 07:30:00+00,MR-01,Koridor MERR,simulator,43,51,0.8431,0.1569,8,LANCAR,2026-09-30 07:29:30.416+00,30,f,f
2026-09-30 07:30:00+00,MR-02,Koridor MERR,simulator,38,42,0.9048,0.0952,6,LANCAR,2026-09-30 07:29:30.416+00,30,f,f
2026-09-30 07:30:00+00,MR-03,Koridor MERR,simulator,36,44,0.8182,0.1818,11,LANCAR,2026-09-30 07:29:30.416+00,30,f,f
2026-09-30 07:40:00+00,AY-01,Koridor A. Yani,simulator,40,45,0.8889,0.1111,6,LANCAR,2026-09-30 07:39:30.469+00,30,f,f
2026-09-30 07:40:00+00,AY-02,Koridor A. Yani,simulator,45,54,0.8333,0.1667,8,LANCAR,2026-09-30 07:39:30.469+00,30,f,f
2026-09-30 07:40:00+00,AY-03,Koridor A. Yani,simulator,44,48,0.9167,0.0833,4,LANCAR,2026-09-30 07:39:30.469+00,30,f,f
2026-09-30 07:40:00+00,DR-01,Koridor Darmo - Tunjungan,simulator,52,60,0.8667,0.1333,6,LANCAR,2026-09-30 07:39:30.469+00,30,f,f
2026-09-30 07:40:00+00,DR-02,Koridor Darmo - Tunjungan,simulator,49,51,0.9608,0.0392,2,LANCAR,2026-09-30 07:39:30.469+00,30,f,f
2026-09-30 07:40:00+00,DR-03,Koridor Darmo - Tunjungan,simulator,44,47,0.9362,0.0638,3,LANCAR,2026-09-30 07:39:30.469+00,30,f,f
2026-09-30 07:40:00+00,MR-01,Koridor MERR,simulator,42,51,0.8235,0.1765,9,LANCAR,2026-09-30 07:39:30.469+00,30,f,f
2026-09-30 07:40:00+00,MR-02,Koridor MERR,simulator,34,42,0.8095,0.1905,13,LANCAR,2026-09-30 07:39:30.469+00,30,f,f
2026-09-30 07:40:00+00,MR-03,Koridor MERR,simulator,36,44,0.8182,0.1818,11,LANCAR,2026-09-30 07:39:30.469+00,30,f,f
2026-09-30 07:50:00+00,AY-01,Koridor A. Yani,simulator,36,45,0.8,0.2,12,LANCAR,2026-09-30 07:49:30.381+00,30,f,f
2026-09-30 07:50:00+00,AY-02,Koridor A. Yani,simulator,48,54,0.8889,0.1111,5,LANCAR,2026-09-30 07:49:30.381+00,30,f,f
2026-09-30 07:50:00+00,AY-03,Koridor A. Yani,simulator,43,48,0.8958,0.1042,5,LANCAR,2026-09-30 07:49:30.381+00,30,f,f
2026-09-30 07:50:00+00,DR-01,Koridor Darmo - Tunjungan,simulator,50,60,0.8333,0.1667,7,LANCAR,2026-09-30 07:49:30.381+00,30,f,f
2026-09-30 07:50:00+00,DR-02,Koridor Darmo - Tunjungan,simulator,46,51,0.902,0.098,5,LANCAR,2026-09-30 07:49:30.381+00,30,f,f
2026-09-30 07:50:00+00,DR-03,Koridor Darmo - Tunjungan,simulator,40,47,0.8511,0.1489,8,LANCAR,2026-09-30 07:49:30.381+00,30,f,f
2026-09-30 07:50:00+00,MR-01,Koridor MERR,simulator,47,51,0.9216,0.0784,4,LANCAR,2026-09-30 07:49:30.381+00,30,f,f
2026-09-30 07:50:00+00,MR-02,Koridor MERR,simulator,37,42,0.881,0.119,7,LANCAR,2026-09-30 07:49:30.381+00,30,f,f
2026-09-30 07:50:00+00,MR-03,Koridor MERR,simulator,40,44,0.9091,0.0909,5,LANCAR,2026-09-30 07:49:30.381+00,30,f,f
2026-09-30 08:00:00+00,AY-01,Koridor A. Yani,simulator,40,45,0.8889,0.1111,6,LANCAR,2026-09-30 07:58:00.427+00,120,f,f
2026-09-30 08:00:00+00,AY-02,Koridor A. Yani,simulator,50,54,0.9259,0.0741,3,LANCAR,2026-09-30 07:58:00.427+00,120,f,f
2026-09-30 08:00:00+00,AY-03,Koridor A. Yani,simulator,42,48,0.875,0.125,6,LANCAR,2026-09-30 07:58:00.427+00,120,f,f
2026-09-30 08:00:00+00,DR-01,Koridor Darmo - Tunjungan,simulator,54,60,0.9,0.1,4,LANCAR,2026-09-30 07:58:00.427+00,120,f,f
2026-09-30 08:00:00+00,DR-02,Koridor Darmo - Tunjungan,simulator,40,51,0.7843,0.2157,12,PADAT,2026-09-30 07:58:00.427+00,120,f,f
2026-09-30 08:00:00+00,DR-03,Koridor Darmo - Tunjungan,simulator,42,47,0.8936,0.1064,5,LANCAR,2026-09-30 07:58:00.427+00,120,f,f
2026-09-30 08:00:00+00,MR-01,Koridor MERR,simulator,41,51,0.8039,0.1961,11,LANCAR,2026-09-30 07:58:00.427+00,120,f,f
2026-09-30 08:00:00+00,MR-02,Koridor MERR,simulator,34,42,0.8095,0.1905,13,LANCAR,2026-09-30 07:58:00.427+00,120,f,f
2026-09-30 08:00:00+00,MR-03,Koridor MERR,simulator,39,44,0.8864,0.1136,6,LANCAR,2026-09-30 07:58:00.427+00,120,f,f
2026-09-30 08:10:00+00,AY-01,Koridor A. Yani,simulator,36,45,0.8,0.2,12,LANCAR,2026-09-30 08:09:44.263+00,16,f,f
2026-09-30 08:10:00+00,AY-02,Koridor A. Yani,simulator,47,54,0.8704,0.1296,6,LANCAR,2026-09-30 08:09:44.263+00,16,f,f
2026-09-30 08:10:00+00,AY-03,Koridor A. Yani,simulator,41,48,0.8542,0.1458,8,LANCAR,2026-09-30 08:09:44.263+00,16,f,f
2026-09-30 08:10:00+00,DR-01,Koridor Darmo - Tunjungan,simulator,49,60,0.8167,0.1833,8,LANCAR,2026-09-30 08:09:44.263+00,16,f,f
2026-09-30 08:10:00+00,DR-02,Koridor Darmo - Tunjungan,simulator,43,51,0.8431,0.1569,8,LANCAR,2026-09-30 08:09:44.263+00,16,f,f
2026-09-30 08:10:00+00,DR-03,Koridor Darmo - Tunjungan,simulator,39,47,0.8298,0.1702,9,LANCAR,2026-09-30 08:09:44.263+00,16,f,f
2026-09-30 08:10:00+00,MR-01,Koridor MERR,simulator,41,51,0.8039,0.1961,11,LANCAR,2026-09-30 08:09:44.263+00,16,f,f
2026-09-30 08:10:00+00,MR-02,Koridor MERR,simulator,33,42,0.7857,0.2143,14,PADAT,2026-09-30 08:09:44.263+00,16,f,f
2026-09-30 08:10:00+00,MR-03,Koridor MERR,simulator,36,44,0.8182,0.1818,11,LANCAR,2026-09-30 08:09:44.263+00,16,f,f
2026-09-30 08:20:00+00,AY-01,Koridor A. Yani,simulator,39,45,0.8667,0.1333,7,LANCAR,2026-09-30 08:19:44.336+00,16,f,f
2026-09-30 08:20:00+00,AY-02,Koridor A. Yani,simulator,43,54,0.7963,0.2037,10,PADAT,2026-09-30 08:19:44.336+00,16,f,f
2026-09-30 08:20:00+00,AY-03,Koridor A. Yani,simulator,41,48,0.8542,0.1458,8,LANCAR,2026-09-30 08:19:44.336+00,16,f,f
2026-09-30 08:20:00+00,DR-01,Koridor Darmo - Tunjungan,simulator,48,60,0.8,0.2,9,LANCAR,2026-09-30 08:19:44.336+00,16,f,f
2026-09-30 08:20:00+00,DR-02,Koridor Darmo - Tunjungan,simulator,45,51,0.8824,0.1176,6,LANCAR,2026-09-30 08:19:44.336+00,16,f,f
2026-09-30 08:20:00+00,DR-03,Koridor Darmo - Tunjungan,simulator,36,47,0.766,0.234,14,PADAT,2026-09-30 08:19:44.336+00,16,f,f
2026-09-30 08:20:00+00,MR-01,Koridor MERR,simulator,41,51,0.8039,0.1961,11,LANCAR,2026-09-30 08:19:44.336+00,16,f,f
2026-09-30 08:20:00+00,MR-02,Koridor MERR,simulator,34,42,0.8095,0.1905,13,LANCAR,2026-09-30 08:19:44.336+00,16,f,f
2026-09-30 08:20:00+00,MR-03,Koridor MERR,simulator,38,44,0.8636,0.1364,8,LANCAR,2026-09-30 08:19:44.336+00,16,f,f
2026-09-30 08:30:00+00,AY-01,Koridor A. Yani,simulator,40,45,0.8889,0.1111,6,LANCAR,2026-09-30 08:29:44.422+00,16,f,f
2026-09-30 08:30:00+00,AY-02,Koridor A. Yani,simulator,41,54,0.7593,0.2407,13,PADAT,2026-09-30 08:29:44.422+00,16,f,f
2026-09-30 08:30:00+00,AY-03,Koridor A. Yani,simulator,41,48,0.8542,0.1458,8,LANCAR,2026-09-30 08:29:44.422+00,16,f,f
2026-09-30 08:30:00+00,DR-01,Koridor Darmo - Tunjungan,simulator,46,60,0.7667,0.2333,11,PADAT,2026-09-30 08:29:44.422+00,16,f,f
2026-09-30 08:30:00+00,DR-02,Koridor Darmo - Tunjungan,simulator,43,51,0.8431,0.1569,8,LANCAR,2026-09-30 08:29:44.422+00,16,f,f
2026-09-30 08:30:00+00,DR-03,Koridor Darmo - Tunjungan,simulator,39,47,0.8298,0.1702,9,LANCAR,2026-09-30 08:29:44.422+00,16,f,f
2026-09-30 08:30:00+00,MR-01,Koridor MERR,simulator,42,51,0.8235,0.1765,9,LANCAR,2026-09-30 08:29:44.422+00,16,f,f
2026-09-30 08:30:00+00,MR-02,Koridor MERR,simulator,36,42,0.8571,0.1429,9,LANCAR,2026-09-30 08:29:44.422+00,16,f,f
2026-09-30 08:30:00+00,MR-03,Koridor MERR,simulator,34,44,0.7727,0.2273,15,PADAT,2026-09-30 08:29:44.422+00,16,f,f
2026-09-30 08:40:00+00,AY-01,Koridor A. Yani,simulator,38,45,0.8444,0.1556,9,LANCAR,2026-09-30 08:39:44.51+00,15,f,f
2026-09-30 08:40:00+00,AY-02,Koridor A. Yani,simulator,45,54,0.8333,0.1667,8,LANCAR,2026-09-30 08:39:44.51+00,15,f,f
2026-09-30 08:40:00+00,AY-03,Koridor A. Yani,simulator,36,48,0.75,0.25,15,PADAT,2026-09-30 08:39:44.51+00,15,f,f
2026-09-30 08:40:00+00,DR-01,Koridor Darmo - Tunjungan,simulator,50,60,0.8333,0.1667,7,LANCAR,2026-09-30 08:39:44.51+00,15,f,f
2026-09-30 08:40:00+00,DR-02,Koridor Darmo - Tunjungan,simulator,38,51,0.7451,0.2549,15,PADAT,2026-09-30 08:39:44.51+00,15,f,f
2026-09-30 08:40:00+00,DR-03,Koridor Darmo - Tunjungan,simulator,34,47,0.7234,0.2766,18,PADAT,2026-09-30 08:39:44.51+00,15,f,f
2026-09-30 08:40:00+00,MR-01,Koridor MERR,simulator,35,51,0.6863,0.3137,20,PADAT,2026-09-30 08:39:44.51+00,15,f,f
2026-09-30 08:40:00+00,MR-02,Koridor MERR,simulator,34,42,0.8095,0.1905,13,LANCAR,2026-09-30 08:39:44.51+00,15,f,f
2026-09-30 08:40:00+00,MR-03,Koridor MERR,simulator,31,44,0.7045,0.2955,21,PADAT,2026-09-30 08:39:44.51+00,15,f,f
2026-09-30 08:50:00+00,AY-01,Koridor A. Yani,simulator,33,45,0.7333,0.2667,17,PADAT,2026-09-30 08:49:44.589+00,15,f,f
2026-09-30 08:50:00+00,AY-02,Koridor A. Yani,simulator,36,54,0.6667,0.3333,20,PADAT,2026-09-30 08:49:44.589+00,15,f,f
2026-09-30 08:50:00+00,AY-03,Koridor A. Yani,simulator,32,48,0.6667,0.3333,23,PADAT,2026-09-30 08:49:44.589+00,15,f,f
2026-09-30 08:50:00+00,DR-01,Koridor Darmo - Tunjungan,simulator,40,60,0.6667,0.3333,18,PADAT,2026-09-30 08:49:44.589+00,15,f,f
2026-09-30 08:50:00+00,DR-02,Koridor Darmo - Tunjungan,simulator,40,51,0.7843,0.2157,12,PADAT,2026-09-30 08:49:44.589+00,15,f,f
2026-09-30 08:50:00+00,DR-03,Koridor Darmo - Tunjungan,simulator,34,47,0.7234,0.2766,18,PADAT,2026-09-30 08:49:44.589+00,15,f,f
2026-09-30 08:50:00+00,MR-01,Koridor MERR,simulator,37,51,0.7255,0.2745,16,PADAT,2026-09-30 08:49:44.589+00,15,f,f
2026-09-30 08:50:00+00,MR-02,Koridor MERR,simulator,34,42,0.8095,0.1905,13,LANCAR,2026-09-30 08:49:44.589+00,15,f,f
2026-09-30 08:50:00+00,MR-03,Koridor MERR,simulator,35,44,0.7955,0.2045,13,PADAT,2026-09-30 08:49:44.589+00,15,f,f
2026-09-30 09:00:00+00,AY-01,Koridor A. Yani,simulator,31,45,0.6889,0.3111,22,PADAT,2026-09-30 08:59:44.663+00,15,f,f
2026-09-30 09:00:00+00,AY-02,Koridor A. Yani,simulator,35,54,0.6481,0.3519,22,PADAT,2026-09-30 08:59:44.663+00,15,f,f
2026-09-30 09:00:00+00,AY-03,Koridor A. Yani,simulator,35,48,0.7292,0.2708,17,PADAT,2026-09-30 08:59:44.663+00,15,f,f
2026-09-30 09:00:00+00,DR-01,Koridor Darmo - Tunjungan,simulator,40,60,0.6667,0.3333,18,PADAT,2026-09-30 08:59:44.663+00,15,f,f
2026-09-30 09:00:00+00,DR-02,Koridor Darmo - Tunjungan,simulator,37,51,0.7255,0.2745,16,PADAT,2026-09-30 08:59:44.663+00,15,f,f
2026-09-30 09:00:00+00,DR-03,Koridor Darmo - Tunjungan,simulator,29,47,0.617,0.383,28,PADAT,2026-09-30 08:59:44.663+00,15,f,f
2026-09-30 09:00:00+00,MR-01,Koridor MERR,simulator,33,51,0.6471,0.3529,23,PADAT,2026-09-30 08:59:44.663+00,15,f,f
2026-09-30 09:00:00+00,MR-02,Koridor MERR,simulator,28,42,0.6667,0.3333,26,PADAT,2026-09-30 08:59:44.663+00,15,f,f
2026-09-30 09:00:00+00,MR-03,Koridor MERR,simulator,28,44,0.6364,0.3636,28,PADAT,2026-09-30 08:59:44.663+00,15,f,f
2026-09-30 09:10:00+00,AY-01,Koridor A. Yani,simulator,30,45,0.6667,0.3333,24,PADAT,2026-09-30 09:09:44.741+00,15,f,f
2026-09-30 09:10:00+00,AY-02,Koridor A. Yani,simulator,35,54,0.6481,0.3519,22,PADAT,2026-09-30 09:09:44.741+00,15,f,f
2026-09-30 09:10:00+00,AY-03,Koridor A. Yani,simulator,34,48,0.7083,0.2917,19,PADAT,2026-09-30 09:09:44.741+00,15,f,f
2026-09-30 09:10:00+00,DR-01,Koridor Darmo - Tunjungan,simulator,34,60,0.5667,0.4333,28,PADAT,2026-09-30 09:09:44.741+00,15,f,f
2026-09-30 09:10:00+00,DR-02,Koridor Darmo - Tunjungan,simulator,34,51,0.6667,0.3333,22,PADAT,2026-09-30 09:09:44.741+00,15,f,f
2026-09-30 09:10:00+00,DR-03,Koridor Darmo - Tunjungan,simulator,31,47,0.6596,0.3404,24,PADAT,2026-09-30 09:09:44.741+00,15,f,f
2026-09-30 09:10:00+00,MR-01,Koridor MERR,simulator,30,51,0.5882,0.4118,30,PADAT,2026-09-30 09:09:44.741+00,15,f,f
2026-09-30 09:10:00+00,MR-02,Koridor MERR,simulator,26,42,0.619,0.381,32,PADAT,2026-09-30 09:09:44.741+00,15,f,f
2026-09-30 09:10:00+00,MR-03,Koridor MERR,simulator,27,44,0.6136,0.3864,31,PADAT,2026-09-30 09:09:44.741+00,15,f,f
2026-09-30 09:20:00+00,AY-01,Koridor A. Yani,simulator,27,45,0.6,0.4,32,PADAT,2026-09-30 09:19:44.705+00,15,f,f
2026-09-30 09:20:00+00,AY-02,Koridor A. Yani,simulator,30,54,0.5556,0.4444,32,PADAT,2026-09-30 09:19:44.705+00,15,f,f
2026-09-30 09:20:00+00,AY-03,Koridor A. Yani,simulator,31,48,0.6458,0.3542,25,PADAT,2026-09-30 09:19:44.705+00,15,f,f
2026-09-30 09:20:00+00,DR-01,Koridor Darmo - Tunjungan,simulator,39,60,0.65,0.35,19,PADAT,2026-09-30 09:19:44.705+00,15,f,f
2026-09-30 09:20:00+00,DR-02,Koridor Darmo - Tunjungan,simulator,27,51,0.5294,0.4706,38,PADAT,2026-09-30 09:19:44.705+00,15,f,f
2026-09-30 09:20:00+00,DR-03,Koridor Darmo - Tunjungan,simulator,29,47,0.617,0.383,28,PADAT,2026-09-30 09:19:44.705+00,15,f,f
2026-09-30 09:20:00+00,MR-01,Koridor MERR,simulator,35,51,0.6863,0.3137,20,PADAT,2026-09-30 09:19:44.705+00,15,f,f
2026-09-30 09:20:00+00,MR-02,Koridor MERR,simulator,24,42,0.5714,0.4286,39,PADAT,2026-09-30 09:19:44.705+00,15,f,f
2026-09-30 09:20:00+00,MR-03,Koridor MERR,simulator,27,44,0.6136,0.3864,31,PADAT,2026-09-30 09:19:44.705+00,15,f,f
2026-09-30 09:30:00+00,AY-01,Koridor A. Yani,simulator,23,45,0.5111,0.4889,46,PADAT,2026-09-30 09:29:44.78+00,15,f,f
2026-09-30 09:30:00+00,AY-02,Koridor A. Yani,simulator,28,54,0.5185,0.4815,37,PADAT,2026-09-30 09:29:44.78+00,15,f,f
2026-09-30 09:30:00+00,AY-03,Koridor A. Yani,simulator,27,48,0.5625,0.4375,35,PADAT,2026-09-30 09:29:44.78+00,15,f,f
2026-09-30 09:30:00+00,DR-01,Koridor Darmo - Tunjungan,simulator,29,60,0.4833,0.5167,38,MACET,2026-09-30 09:29:44.78+00,15,f,f
2026-09-30 09:30:00+00,DR-02,Koridor Darmo - Tunjungan,simulator,28,51,0.549,0.451,35,PADAT,2026-09-30 09:29:44.78+00,15,f,f
2026-09-30 09:30:00+00,DR-03,Koridor Darmo - Tunjungan,simulator,29,47,0.617,0.383,28,PADAT,2026-09-30 09:29:44.78+00,15,f,f
2026-09-30 09:30:00+00,MR-01,Koridor MERR,simulator,29,51,0.5686,0.4314,32,PADAT,2026-09-30 09:29:44.78+00,15,f,f
2026-09-30 09:30:00+00,MR-02,Koridor MERR,simulator,22,42,0.5238,0.4762,47,PADAT,2026-09-30 09:29:44.78+00,15,f,f
2026-09-30 09:30:00+00,MR-03,Koridor MERR,simulator,22,44,0.5,0.5,49,PADAT,2026-09-30 09:29:44.78+00,15,f,f
2026-09-30 09:40:00+00,AY-01,Koridor A. Yani,simulator,22,45,0.4889,0.5111,50,MACET,2026-09-30 09:39:44.831+00,15,f,f
2026-09-30 09:40:00+00,AY-02,Koridor A. Yani,simulator,25,54,0.463,0.537,46,MACET,2026-09-30 09:39:44.831+00,15,f,f
2026-09-30 09:40:00+00,AY-03,Koridor A. Yani,simulator,27,48,0.5625,0.4375,35,PADAT,2026-09-30 09:39:44.831+00,15,f,f
2026-09-30 09:40:00+00,DR-01,Koridor Darmo - Tunjungan,simulator,34,60,0.5667,0.4333,28,PADAT,2026-09-30 09:39:44.831+00,15,f,f
2026-09-30 09:40:00+00,DR-02,Koridor Darmo - Tunjungan,simulator,25,51,0.4902,0.5098,44,MACET,2026-09-30 09:39:44.831+00,15,f,f
2026-09-30 09:40:00+00,DR-03,Koridor Darmo - Tunjungan,simulator,21,47,0.4468,0.5532,57,MACET,2026-09-30 09:39:44.831+00,15,f,f
2026-09-30 09:40:00+00,MR-01,Koridor MERR,simulator,26,51,0.5098,0.4902,41,PADAT,2026-09-30 09:39:44.831+00,15,f,f
2026-09-30 09:40:00+00,MR-02,Koridor MERR,simulator,22,42,0.5238,0.4762,47,PADAT,2026-09-30 09:39:44.831+00,15,f,f
2026-09-30 09:40:00+00,MR-03,Koridor MERR,simulator,19,44,0.4318,0.5682,65,MACET,2026-09-30 09:39:44.831+00,15,f,f
2026-09-30 09:50:00+00,AY-01,Koridor A. Yani,simulator,23,45,0.5111,0.4889,46,PADAT,2026-09-30 09:49:44.925+00,15,f,f
2026-09-30 09:50:00+00,AY-02,Koridor A. Yani,simulator,25,54,0.463,0.537,46,MACET,2026-09-30 09:49:44.925+00,15,f,f
2026-09-30 09:50:00+00,AY-03,Koridor A. Yani,simulator,19,48,0.3958,0.6042,69,MACET,2026-09-30 09:49:44.925+00,15,f,f
2026-09-30 09:50:00+00,DR-01,Koridor Darmo - Tunjungan,simulator,25,60,0.4167,0.5833,50,MACET,2026-09-30 09:49:44.925+00,15,f,f
2026-09-30 09:50:00+00,DR-02,Koridor Darmo - Tunjungan,simulator,24,51,0.4706,0.5294,48,MACET,2026-09-30 09:49:44.925+00,15,f,f
2026-09-30 09:50:00+00,DR-03,Koridor Darmo - Tunjungan,simulator,19,47,0.4043,0.5957,68,MACET,2026-09-30 09:49:44.925+00,15,f,f
2026-09-30 09:50:00+00,MR-01,Koridor MERR,simulator,25,51,0.4902,0.5098,44,MACET,2026-09-30 09:49:44.925+00,15,f,f
2026-09-30 09:50:00+00,MR-02,Koridor MERR,simulator,22,42,0.5238,0.4762,47,PADAT,2026-09-30 09:49:44.925+00,15,f,f
2026-09-30 09:50:00+00,MR-03,Koridor MERR,simulator,20,44,0.4545,0.5455,59,MACET,2026-09-30 09:49:44.925+00,15,f,f
2026-09-30 10:00:00+00,AY-01,Koridor A. Yani,simulator,22,45,0.4889,0.5111,50,MACET,2026-09-30 09:59:44.878+00,15,f,f
2026-09-30 10:00:00+00,AY-02,Koridor A. Yani,simulator,25,54,0.463,0.537,46,MACET,2026-09-30 09:59:44.878+00,15,f,f
2026-09-30 10:00:00+00,AY-03,Koridor A. Yani,simulator,21,48,0.4375,0.5625,58,MACET,2026-09-30 09:59:44.878+00,15,f,f
2026-09-30 10:00:00+00,DR-01,Koridor Darmo - Tunjungan,simulator,22,60,0.3667,0.6333,62,MACET,2026-09-30 09:59:44.878+00,15,f,f
2026-09-30 10:00:00+00,DR-02,Koridor Darmo - Tunjungan,simulator,24,51,0.4706,0.5294,48,MACET,2026-09-30 09:59:44.878+00,15,f,f
2026-09-30 10:00:00+00,DR-03,Koridor Darmo - Tunjungan,simulator,16,47,0.3404,0.6596,89,MACET,2026-09-30 09:59:44.878+00,15,f,f
2026-09-30 10:00:00+00,MR-01,Koridor MERR,simulator,18,51,0.3529,0.6471,78,MACET,2026-09-30 09:59:44.878+00,15,f,f
2026-09-30 10:00:00+00,MR-02,Koridor MERR,simulator,14,42,0.3333,0.6667,103,MACET,2026-09-30 09:59:44.878+00,15,f,f
2026-09-30 10:00:00+00,MR-03,Koridor MERR,simulator,20,44,0.4545,0.5455,59,MACET,2026-09-30 09:59:44.878+00,15,f,f
2026-09-30 10:10:00+00,AY-01,Koridor A. Yani,simulator,19,45,0.4222,0.5778,66,MACET,2026-09-30 10:09:44.927+00,15,f,f
2026-09-30 10:10:00+00,AY-02,Koridor A. Yani,simulator,20,54,0.3704,0.6296,68,MACET,2026-09-30 10:09:44.927+00,15,f,f
2026-09-30 10:10:00+00,AY-03,Koridor A. Yani,simulator,17,48,0.3542,0.6458,82,MACET,2026-09-30 10:09:44.927+00,15,f,f
2026-09-30 10:10:00+00,DR-01,Koridor Darmo - Tunjungan,simulator,18,60,0.3,0.7,84,MACET,2026-09-30 10:09:44.927+00,15,f,f
2026-09-30 10:10:00+00,DR-02,Koridor Darmo - Tunjungan,simulator,15,51,0.2941,0.7059,102,MACET,2026-09-30 10:09:44.927+00,15,f,f
2026-09-30 10:10:00+00,DR-03,Koridor Darmo - Tunjungan,simulator,15,47,0.3191,0.6809,98,MACET,2026-09-30 10:09:44.927+00,15,f,f
2026-09-30 10:10:00+00,MR-01,Koridor MERR,simulator,22,51,0.4314,0.5686,56,MACET,2026-09-30 10:09:44.927+00,15,f,f
2026-09-30 10:10:00+00,MR-02,Koridor MERR,simulator,15,42,0.3571,0.6429,93,MACET,2026-09-30 10:09:44.927+00,15,f,f
2026-09-30 10:10:00+00,MR-03,Koridor MERR,simulator,15,44,0.3409,0.6591,95,MACET,2026-09-30 10:09:44.927+00,15,f,f
2026-09-30 10:20:00+00,AY-01,Koridor A. Yani,simulator,16,45,0.3556,0.6444,87,MACET,2026-09-30 10:19:44.942+00,15,f,f
2026-09-30 10:20:00+00,AY-02,Koridor A. Yani,simulator,19,54,0.3519,0.6481,74,MACET,2026-09-30 10:19:44.942+00,15,f,f
2026-09-30 10:20:00+00,AY-03,Koridor A. Yani,simulator,16,48,0.3333,0.6667,90,MACET,2026-09-30 10:19:44.942+00,15,f,f
2026-09-30 10:20:00+00,DR-01,Koridor Darmo - Tunjungan,simulator,20,60,0.3333,0.6667,72,MACET,2026-09-30 10:19:44.942+00,15,f,f
2026-09-30 10:20:00+00,DR-02,Koridor Darmo - Tunjungan,simulator,17,51,0.3333,0.6667,85,MACET,2026-09-30 10:19:44.942+00,15,f,f
2026-09-30 10:20:00+00,DR-03,Koridor Darmo - Tunjungan,simulator,13,47,0.2766,0.7234,120,MACET,2026-09-30 10:19:44.942+00,15,f,f
2026-09-30 10:20:00+00,MR-01,Koridor MERR,simulator,16,51,0.3137,0.6863,93,MACET,2026-09-30 10:19:44.942+00,15,f,f
2026-09-30 10:20:00+00,MR-02,Koridor MERR,simulator,16,42,0.381,0.619,84,MACET,2026-09-30 10:19:44.942+00,15,f,f
2026-09-30 10:20:00+00,MR-03,Koridor MERR,simulator,14,44,0.3182,0.6818,105,MACET,2026-09-30 10:19:44.942+00,15,f,f
2026-09-30 10:30:00+00,AY-01,Koridor A. Yani,simulator,16,45,0.3556,0.6444,87,MACET,2026-09-30 10:29:45.009+00,15,f,f
2026-09-30 10:30:00+00,AY-02,Koridor A. Yani,simulator,20,54,0.3704,0.6296,68,MACET,2026-09-30 10:29:45.009+00,15,f,f
2026-09-30 10:30:00+00,AY-03,Koridor A. Yani,simulator,15,48,0.3125,0.6875,99,MACET,2026-09-30 10:29:45.009+00,15,f,f
2026-09-30 10:30:00+00,DR-01,Koridor Darmo - Tunjungan,simulator,22,60,0.3667,0.6333,62,MACET,2026-09-30 10:29:45.009+00,15,f,f
2026-09-30 10:30:00+00,DR-02,Koridor Darmo - Tunjungan,simulator,14,51,0.2745,0.7255,112,MACET,2026-09-30 10:29:45.009+00,15,f,f
2026-09-30 10:30:00+00,DR-03,Koridor Darmo - Tunjungan,simulator,12,47,0.2553,0.7447,134,MACET,2026-09-30 10:29:45.009+00,15,f,f
2026-09-30 10:30:00+00,MR-01,Koridor MERR,simulator,16,51,0.3137,0.6863,93,MACET,2026-09-30 10:29:45.009+00,15,f,f
2026-09-30 10:30:00+00,MR-02,Koridor MERR,simulator,12,42,0.2857,0.7143,129,MACET,2026-09-30 10:29:45.009+00,15,f,f
2026-09-30 10:30:00+00,MR-03,Koridor MERR,simulator,15,44,0.3409,0.6591,95,MACET,2026-09-30 10:29:45.009+00,15,f,f
2026-09-30 10:40:00+00,AY-01,Koridor A. Yani,simulator,16,45,0.3556,0.6444,87,MACET,2026-09-30 10:39:45.164+00,15,f,f
2026-09-30 10:40:00+00,AY-02,Koridor A. Yani,simulator,13,54,0.2407,0.7593,126,MACET,2026-09-30 10:39:45.164+00,15,f,f
2026-09-30 10:40:00+00,AY-03,Koridor A. Yani,simulator,18,48,0.375,0.625,75,MACET,2026-09-30 10:39:45.164+00,15,f,f
2026-09-30 10:40:00+00,DR-01,Koridor Darmo - Tunjungan,simulator,20,60,0.3333,0.6667,72,MACET,2026-09-30 10:39:45.164+00,15,f,f
2026-09-30 10:40:00+00,DR-02,Koridor Darmo - Tunjungan,simulator,15,51,0.2941,0.7059,102,MACET,2026-09-30 10:39:45.164+00,15,f,f
2026-09-30 10:40:00+00,DR-03,Koridor Darmo - Tunjungan,simulator,11,47,0.234,0.766,150,MACET,2026-09-30 10:39:45.164+00,15,f,f
2026-09-30 10:40:00+00,MR-01,Koridor MERR,simulator,14,51,0.2745,0.7255,112,MACET,2026-09-30 10:39:45.164+00,15,f,f
2026-09-30 10:40:00+00,MR-02,Koridor MERR,simulator,9,42,0.2143,0.7857,189,MACET,2026-09-30 10:39:45.164+00,15,f,f
2026-09-30 10:40:00+00,MR-03,Koridor MERR,simulator,13,44,0.2955,0.7045,117,MACET,2026-09-30 10:39:45.164+00,15,f,f
2026-09-30 10:50:00+00,AY-01,Koridor A. Yani,simulator,12,45,0.2667,0.7333,132,MACET,2026-09-30 10:48:15.254+00,105,f,f
2026-09-30 10:50:00+00,AY-02,Koridor A. Yani,simulator,14,54,0.2593,0.7407,114,MACET,2026-09-30 10:48:15.254+00,105,f,f
2026-09-30 10:50:00+00,AY-03,Koridor A. Yani,simulator,16,48,0.3333,0.6667,90,MACET,2026-09-30 10:48:15.254+00,105,f,f
2026-09-30 10:50:00+00,DR-01,Koridor Darmo - Tunjungan,simulator,17,60,0.2833,0.7167,91,MACET,2026-09-30 10:48:15.254+00,105,f,f
2026-09-30 10:50:00+00,DR-02,Koridor Darmo - Tunjungan,simulator,15,51,0.2941,0.7059,102,MACET,2026-09-30 10:48:15.254+00,105,f,f
2026-09-30 10:50:00+00,DR-03,Koridor Darmo - Tunjungan,simulator,13,47,0.2766,0.7234,120,MACET,2026-09-30 10:48:15.254+00,105,f,f
2026-09-30 10:50:00+00,MR-01,Koridor MERR,simulator,16,51,0.3137,0.6863,93,MACET,2026-09-30 10:48:15.254+00,105,f,f
2026-09-30 10:50:00+00,MR-02,Koridor MERR,simulator,14,42,0.3333,0.6667,103,MACET,2026-09-30 10:48:15.254+00,105,f,f
2026-09-30 10:50:00+00,MR-03,Koridor MERR,simulator,11,44,0.25,0.75,147,MACET,2026-09-30 10:48:15.254+00,105,f,f
2026-09-30 11:00:00+00,AY-01,Koridor A. Yani,simulator,16,45,0.3556,0.6444,87,MACET,2026-09-30 10:58:57.657+00,62,f,f
2026-09-30 11:00:00+00,AY-02,Koridor A. Yani,simulator,20,54,0.3704,0.6296,68,MACET,2026-09-30 10:58:57.657+00,62,f,f
2026-09-30 11:00:00+00,AY-03,Koridor A. Yani,simulator,14,48,0.2917,0.7083,109,MACET,2026-09-30 10:58:57.657+00,62,f,f
2026-09-30 11:00:00+00,DR-01,Koridor Darmo - Tunjungan,simulator,20,60,0.3333,0.6667,72,MACET,2026-09-30 10:58:57.657+00,62,f,f
2026-09-30 11:00:00+00,DR-02,Koridor Darmo - Tunjungan,simulator,17,51,0.3333,0.6667,85,MACET,2026-09-30 10:58:57.657+00,62,f,f
2026-09-30 11:00:00+00,DR-03,Koridor Darmo - Tunjungan,simulator,14,47,0.2979,0.7021,108,MACET,2026-09-30 10:58:57.657+00,62,f,f
2026-09-30 11:00:00+00,MR-01,Koridor MERR,simulator,17,51,0.3333,0.6667,85,MACET,2026-09-30 10:58:57.657+00,62,f,f
2026-09-30 11:00:00+00,MR-02,Koridor MERR,simulator,13,42,0.3095,0.6905,115,MACET,2026-09-30 10:58:57.657+00,62,f,f
2026-09-30 11:00:00+00,MR-03,Koridor MERR,simulator,13,44,0.2955,0.7045,117,MACET,2026-09-30 10:58:57.657+00,62,f,f
2026-09-30 11:10:00+00,AY-01,Koridor A. Yani,simulator,16,45,0.3556,0.6444,87,MACET,2026-09-30 10:58:57.657+00,662,t,f
2026-09-30 11:10:00+00,AY-02,Koridor A. Yani,simulator,20,54,0.3704,0.6296,68,MACET,2026-09-30 10:58:57.657+00,662,t,f
2026-09-30 11:10:00+00,AY-03,Koridor A. Yani,simulator,14,48,0.2917,0.7083,109,MACET,2026-09-30 10:58:57.657+00,662,t,f
2026-09-30 11:10:00+00,DR-01,Koridor Darmo - Tunjungan,simulator,20,60,0.3333,0.6667,72,MACET,2026-09-30 10:58:57.657+00,662,t,f
2026-09-30 11:10:00+00,DR-02,Koridor Darmo - Tunjungan,simulator,17,51,0.3333,0.6667,85,MACET,2026-09-30 10:58:57.657+00,662,t,f
2026-09-30 11:10:00+00,DR-03,Koridor Darmo - Tunjungan,simulator,14,47,0.2979,0.7021,108,MACET,2026-09-30 10:58:57.657+00,662,t,f
2026-09-30 11:10:00+00,MR-01,Koridor MERR,simulator,17,51,0.3333,0.6667,85,MACET,2026-09-30 10:58:57.657+00,662,t,f
2026-09-30 11:10:00+00,MR-02,Koridor MERR,simulator,13,42,0.3095,0.6905,115,MACET,2026-09-30 10:58:57.657+00,662,t,f
2026-09-30 11:10:00+00,MR-03,Koridor MERR,simulator,13,44,0.2955,0.7045,117,MACET,2026-09-30 10:58:57.657+00,662,t,f
2026-09-30 11:20:00+00,AY-01,Koridor A. Yani,simulator,14,45,0.3111,0.6889,106,MACET,2026-09-30 11:13:34.972+00,385,f,f
2026-09-30 11:20:00+00,AY-02,Koridor A. Yani,simulator,21,54,0.3889,0.6111,63,MACET,2026-09-30 11:13:34.972+00,385,f,f
2026-09-30 11:20:00+00,AY-03,Koridor A. Yani,simulator,18,48,0.375,0.625,75,MACET,2026-09-30 11:13:34.972+00,385,f,f
2026-09-30 11:20:00+00,DR-01,Koridor Darmo - Tunjungan,simulator,18,60,0.3,0.7,84,MACET,2026-09-30 11:13:34.972+00,385,f,f
2026-09-30 11:20:00+00,DR-02,Koridor Darmo - Tunjungan,simulator,14,51,0.2745,0.7255,112,MACET,2026-09-30 11:13:34.972+00,385,f,f
2026-09-30 11:20:00+00,DR-03,Koridor Darmo - Tunjungan,simulator,18,47,0.383,0.617,74,MACET,2026-09-30 11:13:34.972+00,385,f,f
2026-09-30 11:20:00+00,MR-01,Koridor MERR,simulator,18,51,0.3529,0.6471,78,MACET,2026-09-30 11:13:34.972+00,385,f,f
2026-09-30 11:20:00+00,MR-02,Koridor MERR,simulator,11,42,0.2619,0.7381,145,MACET,2026-09-30 11:13:34.972+00,385,f,f
2026-09-30 11:20:00+00,MR-03,Koridor MERR,simulator,17,44,0.3864,0.6136,78,MACET,2026-09-30 11:13:34.972+00,385,f,f
2026-09-30 11:30:00+00,AY-01,Koridor A. Yani,simulator,14,45,0.3111,0.6889,106,MACET,2026-09-30 11:13:34.972+00,985,t,f
2026-09-30 11:30:00+00,AY-02,Koridor A. Yani,simulator,21,54,0.3889,0.6111,63,MACET,2026-09-30 11:13:34.972+00,985,t,f
2026-09-30 11:30:00+00,AY-03,Koridor A. Yani,simulator,18,48,0.375,0.625,75,MACET,2026-09-30 11:13:34.972+00,985,t,f
2026-09-30 11:30:00+00,DR-01,Koridor Darmo - Tunjungan,simulator,18,60,0.3,0.7,84,MACET,2026-09-30 11:13:34.972+00,985,t,f
2026-09-30 11:30:00+00,DR-02,Koridor Darmo - Tunjungan,simulator,14,51,0.2745,0.7255,112,MACET,2026-09-30 11:13:34.972+00,985,t,f
2026-09-30 11:30:00+00,DR-03,Koridor Darmo - Tunjungan,simulator,18,47,0.383,0.617,74,MACET,2026-09-30 11:13:34.972+00,985,t,f
2026-09-30 11:30:00+00,MR-01,Koridor MERR,simulator,18,51,0.3529,0.6471,78,MACET,2026-09-30 11:13:34.972+00,985,t,f
2026-09-30 11:30:00+00,MR-02,Koridor MERR,simulator,11,42,0.2619,0.7381,145,MACET,2026-09-30 11:13:34.972+00,985,t,f
2026-09-30 11:30:00+00,MR-03,Koridor MERR,simulator,17,44,0.3864,0.6136,78,MACET,2026-09-30 11:13:34.972+00,985,t,f
2026-09-30 11:40:00+00,AY-01,Koridor A. Yani,simulator,14,45,0.3111,0.6889,106,MACET,2026-09-30 11:13:34.972+00,1585,t,f
2026-09-30 11:40:00+00,AY-02,Koridor A. Yani,simulator,21,54,0.3889,0.6111,63,MACET,2026-09-30 11:13:34.972+00,1585,t,f
2026-09-30 11:40:00+00,AY-03,Koridor A. Yani,simulator,18,48,0.375,0.625,75,MACET,2026-09-30 11:13:34.972+00,1585,t,f
2026-09-30 11:40:00+00,DR-01,Koridor Darmo - Tunjungan,simulator,18,60,0.3,0.7,84,MACET,2026-09-30 11:13:34.972+00,1585,t,f
2026-09-30 11:40:00+00,DR-02,Koridor Darmo - Tunjungan,simulator,14,51,0.2745,0.7255,112,MACET,2026-09-30 11:13:34.972+00,1585,t,f
2026-09-30 11:40:00+00,DR-03,Koridor Darmo - Tunjungan,simulator,18,47,0.383,0.617,74,MACET,2026-09-30 11:13:34.972+00,1585,t,f
2026-09-30 11:40:00+00,MR-01,Koridor MERR,simulator,18,51,0.3529,0.6471,78,MACET,2026-09-30 11:13:34.972+00,1585,t,f
2026-09-30 11:40:00+00,MR-02,Koridor MERR,simulator,11,42,0.2619,0.7381,145,MACET,2026-09-30 11:13:34.972+00,1585,t,f
2026-09-30 11:40:00+00,MR-03,Koridor MERR,simulator,17,44,0.3864,0.6136,78,MACET,2026-09-30 11:13:34.972+00,1585,t,f
2026-09-30 11:50:00+00,AY-01,Koridor A. Yani,simulator,21,45,0.4667,0.5333,55,MACET,2026-09-30 11:41:20.499+00,520,f,f
2026-09-30 11:50:00+00,AY-02,Koridor A. Yani,simulator,22,54,0.4074,0.5926,58,MACET,2026-09-30 11:41:20.499+00,520,f,f
2026-09-30 11:50:00+00,AY-03,Koridor A. Yani,simulator,25,48,0.5208,0.4792,41,PADAT,2026-09-30 11:41:20.499+00,520,f,f
2026-09-30 11:50:00+00,DR-01,Koridor Darmo - Tunjungan,simulator,30,60,0.5,0.5,36,PADAT,2026-09-30 11:41:20.499+00,520,f,f
2026-09-30 11:50:00+00,DR-02,Koridor Darmo - Tunjungan,simulator,26,51,0.5098,0.4902,41,PADAT,2026-09-30 11:41:20.499+00,520,f,f
2026-09-30 11:50:00+00,DR-03,Koridor Darmo - Tunjungan,simulator,24,47,0.5106,0.4894,44,PADAT,2026-09-30 11:41:20.499+00,520,f,f
2026-09-30 11:50:00+00,MR-01,Koridor MERR,simulator,24,51,0.4706,0.5294,48,MACET,2026-09-30 11:41:20.499+00,520,f,f
2026-09-30 11:50:00+00,MR-02,Koridor MERR,simulator,18,42,0.4286,0.5714,69,MACET,2026-09-30 11:41:20.499+00,520,f,f
2026-09-30 11:50:00+00,MR-03,Koridor MERR,simulator,22,44,0.5,0.5,49,PADAT,2026-09-30 11:41:20.499+00,520,f,f
2026-09-30 12:00:00+00,AY-01,Koridor A. Yani,simulator,21,45,0.4667,0.5333,55,MACET,2026-09-30 11:57:16.215+00,164,f,f
2026-09-30 12:00:00+00,AY-02,Koridor A. Yani,simulator,27,54,0.5,0.5,40,PADAT,2026-09-30 11:57:16.215+00,164,f,f
2026-09-30 12:00:00+00,AY-03,Koridor A. Yani,simulator,22,48,0.4583,0.5417,53,MACET,2026-09-30 11:57:16.215+00,164,f,f
2026-09-30 12:00:00+00,DR-01,Koridor Darmo - Tunjungan,simulator,28,60,0.4667,0.5333,41,MACET,2026-09-30 11:57:16.215+00,164,f,f
2026-09-30 12:00:00+00,DR-02,Koridor Darmo - Tunjungan,simulator,31,51,0.6078,0.3922,28,PADAT,2026-09-30 11:57:16.215+00,164,f,f
2026-09-30 12:00:00+00,DR-03,Koridor Darmo - Tunjungan,simulator,24,47,0.5106,0.4894,44,PADAT,2026-09-30 11:57:16.215+00,164,f,f
2026-09-30 12:00:00+00,MR-01,Koridor MERR,simulator,31,51,0.6078,0.3922,28,PADAT,2026-09-30 11:57:16.215+00,164,f,f
2026-09-30 12:00:00+00,MR-02,Koridor MERR,simulator,25,42,0.5952,0.4048,35,PADAT,2026-09-30 11:57:16.215+00,164,f,f
2026-09-30 12:00:00+00,MR-03,Koridor MERR,simulator,22,44,0.5,0.5,49,PADAT,2026-09-30 11:57:16.215+00,164,f,f
2026-09-30 12:10:00+00,AY-01,Koridor A. Yani,simulator,21,45,0.4667,0.5333,55,MACET,2026-09-30 11:57:16.215+00,764,t,f
2026-09-30 12:10:00+00,AY-02,Koridor A. Yani,simulator,27,54,0.5,0.5,40,PADAT,2026-09-30 11:57:16.215+00,764,t,f
2026-09-30 12:10:00+00,AY-03,Koridor A. Yani,simulator,22,48,0.4583,0.5417,53,MACET,2026-09-30 11:57:16.215+00,764,t,f
2026-09-30 12:10:00+00,DR-01,Koridor Darmo - Tunjungan,simulator,28,60,0.4667,0.5333,41,MACET,2026-09-30 11:57:16.215+00,764,t,f
2026-09-30 12:10:00+00,DR-02,Koridor Darmo - Tunjungan,simulator,31,51,0.6078,0.3922,28,PADAT,2026-09-30 11:57:16.215+00,764,t,f
2026-09-30 12:10:00+00,DR-03,Koridor Darmo - Tunjungan,simulator,24,47,0.5106,0.4894,44,PADAT,2026-09-30 11:57:16.215+00,764,t,f
2026-09-30 12:10:00+00,MR-01,Koridor MERR,simulator,31,51,0.6078,0.3922,28,PADAT,2026-09-30 11:57:16.215+00,764,t,f
2026-09-30 12:10:00+00,MR-02,Koridor MERR,simulator,25,42,0.5952,0.4048,35,PADAT,2026-09-30 11:57:16.215+00,764,t,f
2026-09-30 12:10:00+00,MR-03,Koridor MERR,simulator,22,44,0.5,0.5,49,PADAT,2026-09-30 11:57:16.215+00,764,t,f
2026-09-30 12:20:00+00,AY-01,Koridor A. Yani,simulator,29,45,0.6444,0.3556,26,PADAT,2026-09-30 12:13:42.098+00,378,f,f
2026-09-30 12:20:00+00,AY-02,Koridor A. Yani,simulator,31,54,0.5741,0.4259,30,PADAT,2026-09-30 12:13:42.098+00,378,f,f
2026-09-30 12:20:00+00,AY-03,Koridor A. Yani,simulator,26,48,0.5417,0.4583,38,PADAT,2026-09-30 12:13:42.098+00,378,f,f
2026-09-30 12:20:00+00,DR-01,Koridor Darmo - Tunjungan,simulator,40,60,0.6667,0.3333,18,PADAT,2026-09-30 12:13:42.098+00,378,f,f
2026-09-30 12:20:00+00,DR-02,Koridor Darmo - Tunjungan,simulator,34,51,0.6667,0.3333,22,PADAT,2026-09-30 12:13:42.098+00,378,f,f
2026-09-30 12:20:00+00,DR-03,Koridor Darmo - Tunjungan,simulator,31,47,0.6596,0.3404,24,PADAT,2026-09-30 12:13:42.098+00,378,f,f
2026-09-30 12:20:00+00,MR-01,Koridor MERR,simulator,34,51,0.6667,0.3333,22,PADAT,2026-09-30 12:13:42.098+00,378,f,f
2026-09-30 12:20:00+00,MR-02,Koridor MERR,simulator,24,42,0.5714,0.4286,39,PADAT,2026-09-30 12:13:42.098+00,378,f,f
2026-09-30 12:20:00+00,MR-03,Koridor MERR,simulator,29,44,0.6591,0.3409,25,PADAT,2026-09-30 12:13:42.098+00,378,f,f
2026-09-30 12:30:00+00,AY-01,Koridor A. Yani,simulator,32,45,0.7111,0.2889,20,PADAT,2026-09-30 12:29:37.071+00,23,f,f
2026-09-30 12:30:00+00,AY-02,Koridor A. Yani,simulator,35,54,0.6481,0.3519,22,PADAT,2026-09-30 12:29:37.071+00,23,f,f
2026-09-30 12:30:00+00,AY-03,Koridor A. Yani,simulator,32,48,0.6667,0.3333,23,PADAT,2026-09-30 12:29:37.071+00,23,f,f
2026-09-30 12:30:00+00,DR-01,Koridor Darmo - Tunjungan,simulator,38,60,0.6333,0.3667,21,PADAT,2026-09-30 12:29:37.071+00,23,f,f
2026-09-30 12:30:00+00,DR-02,Koridor Darmo - Tunjungan,simulator,33,51,0.6471,0.3529,23,PADAT,2026-09-30 12:29:37.071+00,23,f,f
2026-09-30 12:30:00+00,DR-03,Koridor Darmo - Tunjungan,simulator,34,47,0.7234,0.2766,18,PADAT,2026-09-30 12:29:37.071+00,23,f,f
2026-09-30 12:30:00+00,MR-01,Koridor MERR,simulator,37,51,0.7255,0.2745,16,PADAT,2026-09-30 12:29:37.071+00,23,f,f
2026-09-30 12:30:00+00,MR-02,Koridor MERR,simulator,26,42,0.619,0.381,32,PADAT,2026-09-30 12:29:37.071+00,23,f,f
2026-09-30 12:30:00+00,MR-03,Koridor MERR,simulator,29,44,0.6591,0.3409,25,PADAT,2026-09-30 12:29:37.071+00,23,f,f
2026-09-30 12:40:00+00,AY-01,Koridor A. Yani,simulator,32,45,0.7111,0.2889,20,PADAT,2026-09-30 12:29:37.071+00,623,t,f
2026-09-30 12:40:00+00,AY-02,Koridor A. Yani,simulator,35,54,0.6481,0.3519,22,PADAT,2026-09-30 12:29:37.071+00,623,t,f
2026-09-30 12:40:00+00,AY-03,Koridor A. Yani,simulator,32,48,0.6667,0.3333,23,PADAT,2026-09-30 12:29:37.071+00,623,t,f
2026-09-30 12:40:00+00,DR-01,Koridor Darmo - Tunjungan,simulator,38,60,0.6333,0.3667,21,PADAT,2026-09-30 12:29:37.071+00,623,t,f
2026-09-30 12:40:00+00,DR-02,Koridor Darmo - Tunjungan,simulator,33,51,0.6471,0.3529,23,PADAT,2026-09-30 12:29:37.071+00,623,t,f
2026-09-30 12:40:00+00,DR-03,Koridor Darmo - Tunjungan,simulator,34,47,0.7234,0.2766,18,PADAT,2026-09-30 12:29:37.071+00,623,t,f
2026-09-30 12:40:00+00,MR-01,Koridor MERR,simulator,37,51,0.7255,0.2745,16,PADAT,2026-09-30 12:29:37.071+00,623,t,f
2026-09-30 12:40:00+00,MR-02,Koridor MERR,simulator,26,42,0.619,0.381,32,PADAT,2026-09-30 12:29:37.071+00,623,t,f
2026-09-30 12:40:00+00,MR-03,Koridor MERR,simulator,29,44,0.6591,0.3409,25,PADAT,2026-09-30 12:29:37.071+00,623,t,f
2026-09-30 12:50:00+00,AY-01,Koridor A. Yani,simulator,33,45,0.7333,0.2667,17,PADAT,2026-09-30 12:49:49.196+00,11,f,f
2026-09-30 12:50:00+00,AY-02,Koridor A. Yani,simulator,40,54,0.7407,0.2593,14,PADAT,2026-09-30 12:49:49.196+00,11,f,f
2026-09-30 12:50:00+00,AY-03,Koridor A. Yani,simulator,38,48,0.7917,0.2083,12,PADAT,2026-09-30 12:49:49.196+00,11,f,f
2026-09-30 12:50:00+00,DR-01,Koridor Darmo - Tunjungan,simulator,42,60,0.7,0.3,15,PADAT,2026-09-30 12:49:49.196+00,11,f,f
2026-09-30 12:50:00+00,DR-02,Koridor Darmo - Tunjungan,simulator,37,51,0.7255,0.2745,16,PADAT,2026-09-30 12:49:49.196+00,11,f,f
2026-09-30 12:50:00+00,DR-03,Koridor Darmo - Tunjungan,simulator,38,47,0.8085,0.1915,11,LANCAR,2026-09-30 12:49:49.196+00,11,f,f
2026-09-30 12:50:00+00,MR-01,Koridor MERR,simulator,39,51,0.7647,0.2353,13,PADAT,2026-09-30 12:49:49.196+00,11,f,f
2026-09-30 12:50:00+00,MR-02,Koridor MERR,simulator,31,42,0.7381,0.2619,19,PADAT,2026-09-30 12:49:49.196+00,11,f,f
2026-09-30 12:50:00+00,MR-03,Koridor MERR,simulator,30,44,0.6818,0.3182,23,PADAT,2026-09-30 12:49:49.196+00,11,f,f
2026-09-30 13:00:00+00,AY-01,Koridor A. Yani,simulator,36,45,0.8,0.2,12,LANCAR,2026-09-30 12:59:49.367+00,11,f,f
2026-09-30 13:00:00+00,AY-02,Koridor A. Yani,simulator,39,54,0.7222,0.2778,15,PADAT,2026-09-30 12:59:49.367+00,11,f,f
2026-09-30 13:00:00+00,AY-03,Koridor A. Yani,simulator,36,48,0.75,0.25,15,PADAT,2026-09-30 12:59:49.367+00,11,f,f
2026-09-30 13:00:00+00,DR-01,Koridor Darmo - Tunjungan,simulator,50,60,0.8333,0.1667,7,LANCAR,2026-09-30 12:59:49.367+00,11,f,f
2026-09-30 13:00:00+00,DR-02,Koridor Darmo - Tunjungan,simulator,42,51,0.8235,0.1765,9,LANCAR,2026-09-30 12:59:49.367+00,11,f,f
2026-09-30 13:00:00+00,DR-03,Koridor Darmo - Tunjungan,simulator,40,47,0.8511,0.1489,8,LANCAR,2026-09-30 12:59:49.367+00,11,f,f
2026-09-30 13:00:00+00,MR-01,Koridor MERR,simulator,41,51,0.8039,0.1961,11,LANCAR,2026-09-30 12:59:49.367+00,11,f,f
2026-09-30 13:00:00+00,MR-02,Koridor MERR,simulator,33,42,0.7857,0.2143,14,PADAT,2026-09-30 12:59:49.367+00,11,f,f
2026-09-30 13:00:00+00,MR-03,Koridor MERR,simulator,36,44,0.8182,0.1818,11,LANCAR,2026-09-30 12:59:49.367+00,11,f,f
2026-09-30 13:10:00+00,AY-01,Koridor A. Yani,simulator,37,45,0.8222,0.1778,10,LANCAR,2026-09-30 13:09:49.414+00,11,f,f
2026-09-30 13:10:00+00,AY-02,Koridor A. Yani,simulator,46,54,0.8519,0.1481,7,LANCAR,2026-09-30 13:09:49.414+00,11,f,f
2026-09-30 13:10:00+00,AY-03,Koridor A. Yani,simulator,40,48,0.8333,0.1667,9,LANCAR,2026-09-30 13:09:49.414+00,11,f,f
2026-09-30 13:10:00+00,DR-01,Koridor Darmo - Tunjungan,simulator,48,60,0.8,0.2,9,LANCAR,2026-09-30 13:09:49.414+00,11,f,f
2026-09-30 13:10:00+00,DR-02,Koridor Darmo - Tunjungan,simulator,43,51,0.8431,0.1569,8,LANCAR,2026-09-30 13:09:49.414+00,11,f,f
2026-09-30 13:10:00+00,DR-03,Koridor Darmo - Tunjungan,simulator,36,47,0.766,0.234,14,PADAT,2026-09-30 13:09:49.414+00,11,f,f
2026-09-30 13:10:00+00,MR-01,Koridor MERR,simulator,42,51,0.8235,0.1765,9,LANCAR,2026-09-30 13:09:49.414+00,11,f,f
2026-09-30 13:10:00+00,MR-02,Koridor MERR,simulator,31,42,0.7381,0.2619,19,PADAT,2026-09-30 13:09:49.414+00,11,f,f
2026-09-30 13:10:00+00,MR-03,Koridor MERR,simulator,35,44,0.7955,0.2045,13,PADAT,2026-09-30 13:09:49.414+00,11,f,f
2026-09-30 13:20:00+00,AY-01,Koridor A. Yani,simulator,36,45,0.8,0.2,12,LANCAR,2026-09-30 13:19:49.477+00,11,f,f
2026-09-30 13:20:00+00,AY-02,Koridor A. Yani,simulator,46,54,0.8519,0.1481,7,LANCAR,2026-09-30 13:19:49.477+00,11,f,f
2026-09-30 13:20:00+00,AY-03,Koridor A. Yani,simulator,44,48,0.9167,0.0833,4,LANCAR,2026-09-30 13:19:49.477+00,11,f,f
2026-09-30 13:20:00+00,DR-01,Koridor Darmo - Tunjungan,simulator,47,60,0.7833,0.2167,10,PADAT,2026-09-30 13:19:49.477+00,11,f,f
2026-09-30 13:20:00+00,DR-02,Koridor Darmo - Tunjungan,simulator,47,51,0.9216,0.0784,4,LANCAR,2026-09-30 13:19:49.477+00,11,f,f
2026-09-30 13:20:00+00,DR-03,Koridor Darmo - Tunjungan,simulator,43,47,0.9149,0.0851,4,LANCAR,2026-09-30 13:19:49.477+00,11,f,f
2026-09-30 13:20:00+00,MR-01,Koridor MERR,simulator,45,51,0.8824,0.1176,6,LANCAR,2026-09-30 13:19:49.477+00,11,f,f
2026-09-30 13:20:00+00,MR-02,Koridor MERR,simulator,36,42,0.8571,0.1429,9,LANCAR,2026-09-30 13:19:49.477+00,11,f,f
2026-09-30 13:20:00+00,MR-03,Koridor MERR,simulator,35,44,0.7955,0.2045,13,PADAT,2026-09-30 13:19:49.477+00,11,f,f
2026-09-30 13:30:00+00,AY-01,Koridor A. Yani,simulator,35,45,0.7778,0.2222,14,PADAT,2026-09-30 13:29:49.592+00,10,f,f
2026-09-30 13:30:00+00,AY-02,Koridor A. Yani,simulator,49,54,0.9074,0.0926,4,LANCAR,2026-09-30 13:29:49.592+00,10,f,f
2026-09-30 13:30:00+00,AY-03,Koridor A. Yani,simulator,40,48,0.8333,0.1667,9,LANCAR,2026-09-30 13:29:49.592+00,10,f,f
2026-09-30 13:30:00+00,DR-01,Koridor Darmo - Tunjungan,simulator,53,60,0.8833,0.1167,5,LANCAR,2026-09-30 13:29:49.592+00,10,f,f
2026-09-30 13:30:00+00,DR-02,Koridor Darmo - Tunjungan,simulator,44,51,0.8627,0.1373,7,LANCAR,2026-09-30 13:29:49.592+00,10,f,f
2026-09-30 13:30:00+00,DR-03,Koridor Darmo - Tunjungan,simulator,43,47,0.9149,0.0851,4,LANCAR,2026-09-30 13:29:49.592+00,10,f,f
2026-09-30 13:30:00+00,MR-01,Koridor MERR,simulator,44,51,0.8627,0.1373,7,LANCAR,2026-09-30 13:29:49.592+00,10,f,f
2026-09-30 13:30:00+00,MR-02,Koridor MERR,simulator,39,42,0.9286,0.0714,4,LANCAR,2026-09-30 13:29:49.592+00,10,f,f
2026-09-30 13:30:00+00,MR-03,Koridor MERR,simulator,40,44,0.9091,0.0909,5,LANCAR,2026-09-30 13:29:49.592+00,10,f,f
2026-09-30 13:40:00+00,AY-01,Koridor A. Yani,simulator,36,45,0.8,0.2,12,LANCAR,2026-09-30 13:39:49.665+00,10,f,f
2026-09-30 13:40:00+00,AY-02,Koridor A. Yani,simulator,48,54,0.8889,0.1111,5,LANCAR,2026-09-30 13:39:49.665+00,10,f,f
2026-09-30 13:40:00+00,AY-03,Koridor A. Yani,simulator,43,48,0.8958,0.1042,5,LANCAR,2026-09-30 13:39:49.665+00,10,f,f
2026-09-30 13:40:00+00,DR-01,Koridor Darmo - Tunjungan,simulator,55,60,0.9167,0.0833,3,LANCAR,2026-09-30 13:39:49.665+00,10,f,f
2026-09-30 13:40:00+00,DR-02,Koridor Darmo - Tunjungan,simulator,44,51,0.8627,0.1373,7,LANCAR,2026-09-30 13:39:49.665+00,10,f,f
2026-09-30 13:40:00+00,DR-03,Koridor Darmo - Tunjungan,simulator,37,47,0.7872,0.2128,12,PADAT,2026-09-30 13:39:49.665+00,10,f,f
2026-09-30 13:40:00+00,MR-01,Koridor MERR,simulator,46,51,0.902,0.098,5,LANCAR,2026-09-30 13:39:49.665+00,10,f,f
2026-09-30 13:40:00+00,MR-02,Koridor MERR,simulator,39,42,0.9286,0.0714,4,LANCAR,2026-09-30 13:39:49.665+00,10,f,f
2026-09-30 13:40:00+00,MR-03,Koridor MERR,simulator,40,44,0.9091,0.0909,5,LANCAR,2026-09-30 13:39:49.665+00,10,f,f
2026-09-30 13:50:00+00,AY-01,Koridor A. Yani,simulator,43,45,0.9556,0.0444,2,LANCAR,2026-09-30 13:49:49.741+00,10,f,f
2026-09-30 13:50:00+00,AY-02,Koridor A. Yani,simulator,49,54,0.9074,0.0926,4,LANCAR,2026-09-30 13:49:49.741+00,10,f,f
2026-09-30 13:50:00+00,AY-03,Koridor A. Yani,simulator,43,48,0.8958,0.1042,5,LANCAR,2026-09-30 13:49:49.741+00,10,f,f
2026-09-30 13:50:00+00,DR-01,Koridor Darmo - Tunjungan,simulator,57,60,0.95,0.05,2,LANCAR,2026-09-30 13:49:49.741+00,10,f,f
2026-09-30 13:50:00+00,DR-02,Koridor Darmo - Tunjungan,simulator,48,51,0.9412,0.0588,3,LANCAR,2026-09-30 13:49:49.741+00,10,f,f
2026-09-30 13:50:00+00,DR-03,Koridor Darmo - Tunjungan,simulator,44,47,0.9362,0.0638,3,LANCAR,2026-09-30 13:49:49.741+00,10,f,f
2026-09-30 13:50:00+00,MR-01,Koridor MERR,simulator,47,51,0.9216,0.0784,4,LANCAR,2026-09-30 13:49:49.741+00,10,f,f
2026-09-30 13:50:00+00,MR-02,Koridor MERR,simulator,38,42,0.9048,0.0952,6,LANCAR,2026-09-30 13:49:49.741+00,10,f,f
2026-09-30 13:50:00+00,MR-03,Koridor MERR,simulator,36,44,0.8182,0.1818,11,LANCAR,2026-09-30 13:49:49.741+00,10,f,f
2026-09-30 14:00:00+00,AY-01,Koridor A. Yani,simulator,41,45,0.9111,0.0889,5,LANCAR,2026-09-30 13:59:49.809+00,10,f,f
2026-09-30 14:00:00+00,AY-02,Koridor A. Yani,simulator,46,54,0.8519,0.1481,7,LANCAR,2026-09-30 13:59:49.809+00,10,f,f
2026-09-30 14:00:00+00,AY-03,Koridor A. Yani,simulator,39,48,0.8125,0.1875,10,LANCAR,2026-09-30 13:59:49.809+00,10,f,f
2026-09-30 14:00:00+00,DR-01,Koridor Darmo - Tunjungan,simulator,49,60,0.8167,0.1833,8,LANCAR,2026-09-30 13:59:49.809+00,10,f,f
2026-09-30 14:00:00+00,DR-02,Koridor Darmo - Tunjungan,simulator,49,51,0.9608,0.0392,2,LANCAR,2026-09-30 13:59:49.809+00,10,f,f
2026-09-30 14:00:00+00,DR-03,Koridor Darmo - Tunjungan,simulator,40,47,0.8511,0.1489,8,LANCAR,2026-09-30 13:59:49.809+00,10,f,f
2026-09-30 14:00:00+00,MR-01,Koridor MERR,simulator,42,51,0.8235,0.1765,9,LANCAR,2026-09-30 13:59:49.809+00,10,f,f
2026-09-30 14:00:00+00,MR-02,Koridor MERR,simulator,38,42,0.9048,0.0952,6,LANCAR,2026-09-30 13:59:49.809+00,10,f,f
2026-09-30 14:00:00+00,MR-03,Koridor MERR,simulator,39,44,0.8864,0.1136,6,LANCAR,2026-09-30 13:59:49.809+00,10,f,f
2026-09-30 14:10:00+00,AY-01,Koridor A. Yani,simulator,39,45,0.8667,0.1333,7,LANCAR,2026-09-30 14:09:49.858+00,10,f,f
2026-09-30 14:10:00+00,AY-02,Koridor A. Yani,simulator,47,54,0.8704,0.1296,6,LANCAR,2026-09-30 14:09:49.858+00,10,f,f
2026-09-30 14:10:00+00,AY-03,Koridor A. Yani,simulator,41,48,0.8542,0.1458,8,LANCAR,2026-09-30 14:09:49.858+00,10,f,f
2026-09-30 14:10:00+00,DR-01,Koridor Darmo - Tunjungan,simulator,55,60,0.9167,0.0833,3,LANCAR,2026-09-30 14:09:49.858+00,10,f,f
2026-09-30 14:10:00+00,DR-02,Koridor Darmo - Tunjungan,simulator,45,51,0.8824,0.1176,6,LANCAR,2026-09-30 14:09:49.858+00,10,f,f
2026-09-30 14:10:00+00,DR-03,Koridor Darmo - Tunjungan,simulator,40,47,0.8511,0.1489,8,LANCAR,2026-09-30 14:09:49.858+00,10,f,f
2026-09-30 14:10:00+00,MR-01,Koridor MERR,simulator,45,51,0.8824,0.1176,6,LANCAR,2026-09-30 14:09:49.858+00,10,f,f
2026-09-30 14:10:00+00,MR-02,Koridor MERR,simulator,40,42,0.9524,0.0476,3,LANCAR,2026-09-30 14:09:49.858+00,10,f,f
2026-09-30 14:10:00+00,MR-03,Koridor MERR,simulator,39,44,0.8864,0.1136,6,LANCAR,2026-09-30 14:09:49.858+00,10,f,f
2026-09-30 14:20:00+00,AY-01,Koridor A. Yani,simulator,39,45,0.8667,0.1333,7,LANCAR,2026-09-30 14:19:49.95+00,10,f,f
2026-09-30 14:20:00+00,AY-02,Koridor A. Yani,simulator,46,54,0.8519,0.1481,7,LANCAR,2026-09-30 14:19:49.95+00,10,f,f
2026-09-30 14:20:00+00,AY-03,Koridor A. Yani,simulator,46,48,0.9583,0.0417,2,LANCAR,2026-09-30 14:19:49.95+00,10,f,f
2026-09-30 14:20:00+00,DR-01,Koridor Darmo - Tunjungan,simulator,51,60,0.85,0.15,6,LANCAR,2026-09-30 14:19:49.95+00,10,f,f
2026-09-30 14:20:00+00,DR-02,Koridor Darmo - Tunjungan,simulator,49,51,0.9608,0.0392,2,LANCAR,2026-09-30 14:19:49.95+00,10,f,f
2026-09-30 14:20:00+00,DR-03,Koridor Darmo - Tunjungan,simulator,41,47,0.8723,0.1277,7,LANCAR,2026-09-30 14:19:49.95+00,10,f,f
2026-09-30 14:20:00+00,MR-01,Koridor MERR,simulator,43,51,0.8431,0.1569,8,LANCAR,2026-09-30 14:19:49.95+00,10,f,f
2026-09-30 14:20:00+00,MR-02,Koridor MERR,simulator,35,42,0.8333,0.1667,11,LANCAR,2026-09-30 14:19:49.95+00,10,f,f
2026-09-30 14:20:00+00,MR-03,Koridor MERR,simulator,41,44,0.9318,0.0682,4,LANCAR,2026-09-30 14:19:49.95+00,10,f,f
2026-09-30 14:30:00+00,AY-01,Koridor A. Yani,simulator,44,45,0.9778,0.0222,1,LANCAR,2026-09-30 14:29:50.02+00,10,f,f
2026-09-30 14:30:00+00,AY-02,Koridor A. Yani,simulator,47,54,0.8704,0.1296,6,LANCAR,2026-09-30 14:29:50.02+00,10,f,f
2026-09-30 14:30:00+00,AY-03,Koridor A. Yani,simulator,46,48,0.9583,0.0417,2,LANCAR,2026-09-30 14:29:50.02+00,10,f,f
2026-09-30 14:30:00+00,DR-01,Koridor Darmo - Tunjungan,simulator,53,60,0.8833,0.1167,5,LANCAR,2026-09-30 14:29:50.02+00,10,f,f
2026-09-30 14:30:00+00,DR-02,Koridor Darmo - Tunjungan,simulator,48,51,0.9412,0.0588,3,LANCAR,2026-09-30 14:29:50.02+00,10,f,f
2026-09-30 14:30:00+00,DR-03,Koridor Darmo - Tunjungan,simulator,41,47,0.8723,0.1277,7,LANCAR,2026-09-30 14:29:50.02+00,10,f,f
2026-09-30 14:30:00+00,MR-01,Koridor MERR,simulator,49,51,0.9608,0.0392,2,LANCAR,2026-09-30 14:29:50.02+00,10,f,f
2026-09-30 14:30:00+00,MR-02,Koridor MERR,simulator,36,42,0.8571,0.1429,9,LANCAR,2026-09-30 14:29:50.02+00,10,f,f
2026-09-30 14:30:00+00,MR-03,Koridor MERR,simulator,38,44,0.8636,0.1364,8,LANCAR,2026-09-30 14:29:50.02+00,10,f,f
2026-09-30 14:40:00+00,AY-01,Koridor A. Yani,simulator,40,45,0.8889,0.1111,6,LANCAR,2026-09-30 14:39:50.071+00,10,f,f
2026-09-30 14:40:00+00,AY-02,Koridor A. Yani,simulator,48,54,0.8889,0.1111,5,LANCAR,2026-09-30 14:39:50.071+00,10,f,f
2026-09-30 14:40:00+00,AY-03,Koridor A. Yani,simulator,41,48,0.8542,0.1458,8,LANCAR,2026-09-30 14:39:50.071+00,10,f,f
2026-09-30 14:40:00+00,DR-01,Koridor Darmo - Tunjungan,simulator,53,60,0.8833,0.1167,5,LANCAR,2026-09-30 14:39:50.071+00,10,f,f
2026-09-30 14:40:00+00,DR-02,Koridor Darmo - Tunjungan,simulator,49,51,0.9608,0.0392,2,LANCAR,2026-09-30 14:39:50.071+00,10,f,f
2026-09-30 14:40:00+00,DR-03,Koridor Darmo - Tunjungan,simulator,40,47,0.8511,0.1489,8,LANCAR,2026-09-30 14:39:50.071+00,10,f,f
2026-09-30 14:40:00+00,MR-01,Koridor MERR,simulator,46,51,0.902,0.098,5,LANCAR,2026-09-30 14:39:50.071+00,10,f,f
2026-09-30 14:40:00+00,MR-02,Koridor MERR,simulator,41,42,0.9762,0.0238,2,LANCAR,2026-09-30 14:39:50.071+00,10,f,f
2026-09-30 14:40:00+00,MR-03,Koridor MERR,simulator,38,44,0.8636,0.1364,8,LANCAR,2026-09-30 14:39:50.071+00,10,f,f
2026-09-30 14:50:00+00,AY-01,Koridor A. Yani,simulator,38,45,0.8444,0.1556,9,LANCAR,2026-09-30 14:49:50.146+00,10,f,f
2026-09-30 14:50:00+00,AY-02,Koridor A. Yani,simulator,50,54,0.9259,0.0741,3,LANCAR,2026-09-30 14:49:50.146+00,10,f,f
2026-09-30 14:50:00+00,AY-03,Koridor A. Yani,simulator,44,48,0.9167,0.0833,4,LANCAR,2026-09-30 14:49:50.146+00,10,f,f
2026-09-30 14:50:00+00,DR-01,Koridor Darmo - Tunjungan,simulator,59,60,0.9833,0.0167,1,LANCAR,2026-09-30 14:49:50.146+00,10,f,f
2026-09-30 14:50:00+00,DR-02,Koridor Darmo - Tunjungan,simulator,50,51,0.9804,0.0196,1,LANCAR,2026-09-30 14:49:50.146+00,10,f,f
2026-09-30 14:50:00+00,DR-03,Koridor Darmo - Tunjungan,simulator,41,47,0.8723,0.1277,7,LANCAR,2026-09-30 14:49:50.146+00,10,f,f
2026-09-30 14:50:00+00,MR-01,Koridor MERR,simulator,46,51,0.902,0.098,5,LANCAR,2026-09-30 14:49:50.146+00,10,f,f
2026-09-30 14:50:00+00,MR-02,Koridor MERR,simulator,38,42,0.9048,0.0952,6,LANCAR,2026-09-30 14:49:50.146+00,10,f,f
2026-09-30 14:50:00+00,MR-03,Koridor MERR,simulator,38,44,0.8636,0.1364,8,LANCAR,2026-09-30 14:49:50.146+00,10,f,f
2026-09-30 15:00:00+00,AY-01,Koridor A. Yani,simulator,39,45,0.8667,0.1333,7,LANCAR,2026-09-30 14:59:50.243+00,10,f,f
2026-09-30 15:00:00+00,AY-02,Koridor A. Yani,simulator,48,54,0.8889,0.1111,5,LANCAR,2026-09-30 14:59:50.243+00,10,f,f
2026-09-30 15:00:00+00,AY-03,Koridor A. Yani,simulator,40,48,0.8333,0.1667,9,LANCAR,2026-09-30 14:59:50.243+00,10,f,f
2026-09-30 15:00:00+00,DR-01,Koridor Darmo - Tunjungan,simulator,54,60,0.9,0.1,4,LANCAR,2026-09-30 14:59:50.243+00,10,f,f
2026-09-30 15:00:00+00,DR-02,Koridor Darmo - Tunjungan,simulator,48,51,0.9412,0.0588,3,LANCAR,2026-09-30 14:59:50.243+00,10,f,f
2026-09-30 15:00:00+00,DR-03,Koridor Darmo - Tunjungan,simulator,42,47,0.8936,0.1064,5,LANCAR,2026-09-30 14:59:50.243+00,10,f,f
2026-09-30 15:00:00+00,MR-01,Koridor MERR,simulator,49,51,0.9608,0.0392,2,LANCAR,2026-09-30 14:59:50.243+00,10,f,f
2026-09-30 15:00:00+00,MR-02,Koridor MERR,simulator,36,42,0.8571,0.1429,9,LANCAR,2026-09-30 14:59:50.243+00,10,f,f
2026-09-30 15:00:00+00,MR-03,Koridor MERR,simulator,38,44,0.8636,0.1364,8,LANCAR,2026-09-30 14:59:50.243+00,10,f,f
2026-09-30 15:10:00+00,AY-01,Koridor A. Yani,simulator,41,45,0.9111,0.0889,5,LANCAR,2026-09-30 15:09:50.333+00,10,f,f
2026-09-30 15:10:00+00,AY-02,Koridor A. Yani,simulator,49,54,0.9074,0.0926,4,LANCAR,2026-09-30 15:09:50.333+00,10,f,f
2026-09-30 15:10:00+00,AY-03,Koridor A. Yani,simulator,45,48,0.9375,0.0625,3,LANCAR,2026-09-30 15:09:50.333+00,10,f,f
2026-09-30 15:10:00+00,DR-01,Koridor Darmo - Tunjungan,simulator,50,60,0.8333,0.1667,7,LANCAR,2026-09-30 15:09:50.333+00,10,f,f
2026-09-30 15:10:00+00,DR-02,Koridor Darmo - Tunjungan,simulator,49,51,0.9608,0.0392,2,LANCAR,2026-09-30 15:09:50.333+00,10,f,f
2026-09-30 15:10:00+00,DR-03,Koridor Darmo - Tunjungan,simulator,44,47,0.9362,0.0638,3,LANCAR,2026-09-30 15:09:50.333+00,10,f,f
2026-09-30 15:10:00+00,MR-01,Koridor MERR,simulator,48,51,0.9412,0.0588,3,LANCAR,2026-09-30 15:09:50.333+00,10,f,f
2026-09-30 15:10:00+00,MR-02,Koridor MERR,simulator,41,42,0.9762,0.0238,2,LANCAR,2026-09-30 15:09:50.333+00,10,f,f
2026-09-30 15:10:00+00,MR-03,Koridor MERR,simulator,37,44,0.8409,0.1591,9,LANCAR,2026-09-30 15:09:50.333+00,10,f,f
2026-09-30 15:20:00+00,AY-01,Koridor A. Yani,simulator,42,45,0.9333,0.0667,3,LANCAR,2026-09-30 15:19:50.185+00,10,f,f
2026-09-30 15:20:00+00,AY-02,Koridor A. Yani,simulator,46,54,0.8519,0.1481,7,LANCAR,2026-09-30 15:19:50.185+00,10,f,f
2026-09-30 15:20:00+00,AY-03,Koridor A. Yani,simulator,44,48,0.9167,0.0833,4,LANCAR,2026-09-30 15:19:50.185+00,10,f,f
2026-09-30 15:20:00+00,DR-01,Koridor Darmo - Tunjungan,simulator,53,60,0.8833,0.1167,5,LANCAR,2026-09-30 15:19:50.185+00,10,f,f
2026-09-30 15:20:00+00,DR-02,Koridor Darmo - Tunjungan,simulator,49,51,0.9608,0.0392,2,LANCAR,2026-09-30 15:19:50.185+00,10,f,f
2026-09-30 15:20:00+00,DR-03,Koridor Darmo - Tunjungan,simulator,40,47,0.8511,0.1489,8,LANCAR,2026-09-30 15:19:50.185+00,10,f,f
2026-09-30 15:20:00+00,MR-01,Koridor MERR,simulator,45,51,0.8824,0.1176,6,LANCAR,2026-09-30 15:19:50.185+00,10,f,f
2026-09-30 15:20:00+00,MR-02,Koridor MERR,simulator,38,42,0.9048,0.0952,6,LANCAR,2026-09-30 15:19:50.185+00,10,f,f
2026-09-30 15:20:00+00,MR-03,Koridor MERR,simulator,38,44,0.8636,0.1364,8,LANCAR,2026-09-30 15:19:50.185+00,10,f,f
2026-09-30 15:30:00+00,AY-01,Koridor A. Yani,simulator,43,45,0.9556,0.0444,2,LANCAR,2026-09-30 15:29:50.312+00,10,f,f
2026-09-30 15:30:00+00,AY-02,Koridor A. Yani,simulator,45,54,0.8333,0.1667,8,LANCAR,2026-09-30 15:29:50.312+00,10,f,f
2026-09-30 15:30:00+00,AY-03,Koridor A. Yani,simulator,40,48,0.8333,0.1667,9,LANCAR,2026-09-30 15:29:50.312+00,10,f,f
2026-09-30 15:30:00+00,DR-01,Koridor Darmo - Tunjungan,simulator,51,60,0.85,0.15,6,LANCAR,2026-09-30 15:29:50.312+00,10,f,f
2026-09-30 15:30:00+00,DR-02,Koridor Darmo - Tunjungan,simulator,46,51,0.902,0.098,5,LANCAR,2026-09-30 15:29:50.312+00,10,f,f
2026-09-30 15:30:00+00,DR-03,Koridor Darmo - Tunjungan,simulator,42,47,0.8936,0.1064,5,LANCAR,2026-09-30 15:29:50.312+00,10,f,f
2026-09-30 15:30:00+00,MR-01,Koridor MERR,simulator,43,51,0.8431,0.1569,8,LANCAR,2026-09-30 15:29:50.312+00,10,f,f
2026-09-30 15:30:00+00,MR-02,Koridor MERR,simulator,37,42,0.881,0.119,7,LANCAR,2026-09-30 15:29:50.312+00,10,f,f
2026-09-30 15:30:00+00,MR-03,Koridor MERR,simulator,41,44,0.9318,0.0682,4,LANCAR,2026-09-30 15:29:50.312+00,10,f,f
2026-09-30 15:40:00+00,AY-01,Koridor A. Yani,simulator,38,45,0.8444,0.1556,9,LANCAR,2026-09-30 15:39:50.437+00,10,f,f
2026-09-30 15:40:00+00,AY-02,Koridor A. Yani,simulator,51,54,0.9444,0.0556,2,LANCAR,2026-09-30 15:39:50.437+00,10,f,f
2026-09-30 15:40:00+00,AY-03,Koridor A. Yani,simulator,45,48,0.9375,0.0625,3,LANCAR,2026-09-30 15:39:50.437+00,10,f,f
2026-09-30 15:40:00+00,DR-01,Koridor Darmo - Tunjungan,simulator,54,60,0.9,0.1,4,LANCAR,2026-09-30 15:39:50.437+00,10,f,f
2026-09-30 15:40:00+00,DR-02,Koridor Darmo - Tunjungan,simulator,47,51,0.9216,0.0784,4,LANCAR,2026-09-30 15:39:50.437+00,10,f,f
2026-09-30 15:40:00+00,DR-03,Koridor Darmo - Tunjungan,simulator,45,47,0.9574,0.0426,2,LANCAR,2026-09-30 15:39:50.437+00,10,f,f
2026-09-30 15:40:00+00,MR-01,Koridor MERR,simulator,47,51,0.9216,0.0784,4,LANCAR,2026-09-30 15:39:50.437+00,10,f,f
2026-09-30 15:40:00+00,MR-02,Koridor MERR,simulator,41,42,0.9762,0.0238,2,LANCAR,2026-09-30 15:39:50.437+00,10,f,f
2026-09-30 15:40:00+00,MR-03,Koridor MERR,simulator,41,44,0.9318,0.0682,4,LANCAR,2026-09-30 15:39:50.437+00,10,f,f
2026-09-30 15:50:00+00,AY-01,Koridor A. Yani,simulator,42,45,0.9333,0.0667,3,LANCAR,2026-09-30 15:49:50.562+00,9,f,f
2026-09-30 15:50:00+00,AY-02,Koridor A. Yani,simulator,47,54,0.8704,0.1296,6,LANCAR,2026-09-30 15:49:50.562+00,9,f,f
2026-09-30 15:50:00+00,AY-03,Koridor A. Yani,simulator,40,48,0.8333,0.1667,9,LANCAR,2026-09-30 15:49:50.562+00,9,f,f
2026-09-30 15:50:00+00,DR-01,Koridor Darmo - Tunjungan,simulator,56,60,0.9333,0.0667,3,LANCAR,2026-09-30 15:49:50.562+00,9,f,f
2026-09-30 15:50:00+00,DR-02,Koridor Darmo - Tunjungan,simulator,43,51,0.8431,0.1569,8,LANCAR,2026-09-30 15:49:50.562+00,9,f,f
2026-09-30 15:50:00+00,DR-03,Koridor Darmo - Tunjungan,simulator,41,47,0.8723,0.1277,7,LANCAR,2026-09-30 15:49:50.562+00,9,f,f
2026-09-30 15:50:00+00,MR-01,Koridor MERR,simulator,45,51,0.8824,0.1176,6,LANCAR,2026-09-30 15:49:50.562+00,9,f,f
2026-09-30 15:50:00+00,MR-02,Koridor MERR,simulator,35,42,0.8333,0.1667,11,LANCAR,2026-09-30 15:49:50.562+00,9,f,f
2026-09-30 15:50:00+00,MR-03,Koridor MERR,simulator,38,44,0.8636,0.1364,8,LANCAR,2026-09-30 15:49:50.562+00,9,f,f
2026-09-30 16:00:00+00,AY-01,Koridor A. Yani,simulator,40,45,0.8889,0.1111,6,LANCAR,2026-09-30 15:59:50.635+00,9,f,f
2026-09-30 16:00:00+00,AY-02,Koridor A. Yani,simulator,48,54,0.8889,0.1111,5,LANCAR,2026-09-30 15:59:50.635+00,9,f,f
2026-09-30 16:00:00+00,AY-03,Koridor A. Yani,simulator,43,48,0.8958,0.1042,5,LANCAR,2026-09-30 15:59:50.635+00,9,f,f
2026-09-30 16:00:00+00,DR-01,Koridor Darmo - Tunjungan,simulator,58,60,0.9667,0.0333,1,LANCAR,2026-09-30 15:59:50.635+00,9,f,f
2026-09-30 16:00:00+00,DR-02,Koridor Darmo - Tunjungan,simulator,48,51,0.9412,0.0588,3,LANCAR,2026-09-30 15:59:50.635+00,9,f,f
2026-09-30 16:00:00+00,DR-03,Koridor Darmo - Tunjungan,simulator,41,47,0.8723,0.1277,7,LANCAR,2026-09-30 15:59:50.635+00,9,f,f
2026-09-30 16:00:00+00,MR-01,Koridor MERR,simulator,42,51,0.8235,0.1765,9,LANCAR,2026-09-30 15:59:50.635+00,9,f,f
2026-09-30 16:00:00+00,MR-02,Koridor MERR,simulator,40,42,0.9524,0.0476,3,LANCAR,2026-09-30 15:59:50.635+00,9,f,f
2026-09-30 16:00:00+00,MR-03,Koridor MERR,simulator,36,44,0.8182,0.1818,11,LANCAR,2026-09-30 15:59:50.635+00,9,f,f
2026-09-30 16:10:00+00,AY-01,Koridor A. Yani,simulator,39,45,0.8667,0.1333,7,LANCAR,2026-09-30 16:09:50.767+00,9,f,f
2026-09-30 16:10:00+00,AY-02,Koridor A. Yani,simulator,51,54,0.9444,0.0556,2,LANCAR,2026-09-30 16:09:50.767+00,9,f,f
2026-09-30 16:10:00+00,AY-03,Koridor A. Yani,simulator,43,48,0.8958,0.1042,5,LANCAR,2026-09-30 16:09:50.767+00,9,f,f
2026-09-30 16:10:00+00,DR-01,Koridor Darmo - Tunjungan,simulator,56,60,0.9333,0.0667,3,LANCAR,2026-09-30 16:09:50.767+00,9,f,f
2026-09-30 16:10:00+00,DR-02,Koridor Darmo - Tunjungan,simulator,42,51,0.8235,0.1765,9,LANCAR,2026-09-30 16:09:50.767+00,9,f,f
2026-09-30 16:10:00+00,DR-03,Koridor Darmo - Tunjungan,simulator,41,47,0.8723,0.1277,7,LANCAR,2026-09-30 16:09:50.767+00,9,f,f
2026-09-30 16:10:00+00,MR-01,Koridor MERR,simulator,48,51,0.9412,0.0588,3,LANCAR,2026-09-30 16:09:50.767+00,9,f,f
2026-09-30 16:10:00+00,MR-02,Koridor MERR,simulator,40,42,0.9524,0.0476,3,LANCAR,2026-09-30 16:09:50.767+00,9,f,f
2026-09-30 16:10:00+00,MR-03,Koridor MERR,simulator,39,44,0.8864,0.1136,6,LANCAR,2026-09-30 16:09:50.767+00,9,f,f
2026-09-30 16:20:00+00,AY-01,Koridor A. Yani,simulator,44,45,0.9778,0.0222,1,LANCAR,2026-09-30 16:19:50.853+00,9,f,f
2026-09-30 16:20:00+00,AY-02,Koridor A. Yani,simulator,45,54,0.8333,0.1667,8,LANCAR,2026-09-30 16:19:50.853+00,9,f,f
2026-09-30 16:20:00+00,AY-03,Koridor A. Yani,simulator,41,48,0.8542,0.1458,8,LANCAR,2026-09-30 16:19:50.853+00,9,f,f
2026-09-30 16:20:00+00,DR-01,Koridor Darmo - Tunjungan,simulator,50,60,0.8333,0.1667,7,LANCAR,2026-09-30 16:19:50.853+00,9,f,f
2026-09-30 16:20:00+00,DR-02,Koridor Darmo - Tunjungan,simulator,42,51,0.8235,0.1765,9,LANCAR,2026-09-30 16:19:50.853+00,9,f,f
2026-09-30 16:20:00+00,DR-03,Koridor Darmo - Tunjungan,simulator,41,47,0.8723,0.1277,7,LANCAR,2026-09-30 16:19:50.853+00,9,f,f
2026-09-30 16:20:00+00,MR-01,Koridor MERR,simulator,49,51,0.9608,0.0392,2,LANCAR,2026-09-30 16:19:50.853+00,9,f,f
2026-09-30 16:20:00+00,MR-02,Koridor MERR,simulator,37,42,0.881,0.119,7,LANCAR,2026-09-30 16:19:50.853+00,9,f,f
2026-09-30 16:20:00+00,MR-03,Koridor MERR,simulator,41,44,0.9318,0.0682,4,LANCAR,2026-09-30 16:19:50.853+00,9,f,f
2026-09-30 16:30:00+00,AY-01,Koridor A. Yani,simulator,37,45,0.8222,0.1778,10,LANCAR,2026-09-30 16:29:50.816+00,9,f,f
2026-09-30 16:30:00+00,AY-02,Koridor A. Yani,simulator,51,54,0.9444,0.0556,2,LANCAR,2026-09-30 16:29:50.816+00,9,f,f
2026-09-30 16:30:00+00,AY-03,Koridor A. Yani,simulator,40,48,0.8333,0.1667,9,LANCAR,2026-09-30 16:29:50.816+00,9,f,f
2026-09-30 16:30:00+00,DR-01,Koridor Darmo - Tunjungan,simulator,55,60,0.9167,0.0833,3,LANCAR,2026-09-30 16:29:50.816+00,9,f,f
2026-09-30 16:30:00+00,DR-02,Koridor Darmo - Tunjungan,simulator,46,51,0.902,0.098,5,LANCAR,2026-09-30 16:29:50.816+00,9,f,f
2026-09-30 16:30:00+00,DR-03,Koridor Darmo - Tunjungan,simulator,40,47,0.8511,0.1489,8,LANCAR,2026-09-30 16:29:50.816+00,9,f,f
2026-09-30 16:30:00+00,MR-01,Koridor MERR,simulator,45,51,0.8824,0.1176,6,LANCAR,2026-09-30 16:29:50.816+00,9,f,f
2026-09-30 16:30:00+00,MR-02,Koridor MERR,simulator,41,42,0.9762,0.0238,2,LANCAR,2026-09-30 16:29:50.816+00,9,f,f
2026-09-30 16:30:00+00,MR-03,Koridor MERR,simulator,40,44,0.9091,0.0909,5,LANCAR,2026-09-30 16:29:50.816+00,9,f,f
2026-09-30 16:40:00+00,AY-01,Koridor A. Yani,simulator,40,45,0.8889,0.1111,6,LANCAR,2026-09-30 16:39:50.915+00,9,f,f
2026-09-30 16:40:00+00,AY-02,Koridor A. Yani,simulator,45,54,0.8333,0.1667,8,LANCAR,2026-09-30 16:39:50.915+00,9,f,f
2026-09-30 16:40:00+00,AY-03,Koridor A. Yani,simulator,47,48,0.9792,0.0208,1,LANCAR,2026-09-30 16:39:50.915+00,9,f,f
2026-09-30 16:40:00+00,DR-01,Koridor Darmo - Tunjungan,simulator,52,60,0.8667,0.1333,6,LANCAR,2026-09-30 16:39:50.915+00,9,f,f
2026-09-30 16:40:00+00,DR-02,Koridor Darmo - Tunjungan,simulator,46,51,0.902,0.098,5,LANCAR,2026-09-30 16:39:50.915+00,9,f,f
2026-09-30 16:40:00+00,DR-03,Koridor Darmo - Tunjungan,simulator,39,47,0.8298,0.1702,9,LANCAR,2026-09-30 16:39:50.915+00,9,f,f
2026-09-30 16:40:00+00,MR-01,Koridor MERR,simulator,50,51,0.9804,0.0196,1,LANCAR,2026-09-30 16:39:50.915+00,9,f,f
2026-09-30 16:40:00+00,MR-02,Koridor MERR,simulator,41,42,0.9762,0.0238,2,LANCAR,2026-09-30 16:39:50.915+00,9,f,f
2026-09-30 16:40:00+00,MR-03,Koridor MERR,simulator,38,44,0.8636,0.1364,8,LANCAR,2026-09-30 16:39:50.915+00,9,f,f
2026-09-30 16:50:00+00,AY-01,Koridor A. Yani,simulator,44,45,0.9778,0.0222,1,LANCAR,2026-09-30 16:49:51.071+00,9,f,f
2026-09-30 16:50:00+00,AY-02,Koridor A. Yani,simulator,53,54,0.9815,0.0185,1,LANCAR,2026-09-30 16:49:51.071+00,9,f,f
2026-09-30 16:50:00+00,AY-03,Koridor A. Yani,simulator,45,48,0.9375,0.0625,3,LANCAR,2026-09-30 16:49:51.071+00,9,f,f
2026-09-30 16:50:00+00,DR-01,Koridor Darmo - Tunjungan,simulator,56,60,0.9333,0.0667,3,LANCAR,2026-09-30 16:49:51.071+00,9,f,f
2026-09-30 16:50:00+00,DR-02,Koridor Darmo - Tunjungan,simulator,46,51,0.902,0.098,5,LANCAR,2026-09-30 16:49:51.071+00,9,f,f
2026-09-30 16:50:00+00,DR-03,Koridor Darmo - Tunjungan,simulator,46,47,0.9787,0.0213,1,LANCAR,2026-09-30 16:49:51.071+00,9,f,f
2026-09-30 16:50:00+00,MR-01,Koridor MERR,simulator,45,51,0.8824,0.1176,6,LANCAR,2026-09-30 16:49:51.071+00,9,f,f
2026-09-30 16:50:00+00,MR-02,Koridor MERR,simulator,38,42,0.9048,0.0952,6,LANCAR,2026-09-30 16:49:51.071+00,9,f,f
2026-09-30 16:50:00+00,MR-03,Koridor MERR,simulator,38,44,0.8636,0.1364,8,LANCAR,2026-09-30 16:49:51.071+00,9,f,f
2026-09-30 17:00:00+00,AY-01,Koridor A. Yani,simulator,40,45,0.8889,0.1111,6,LANCAR,2026-09-30 16:53:15.842+00,404,f,f
2026-09-30 17:00:00+00,AY-02,Koridor A. Yani,simulator,46,54,0.8519,0.1481,7,LANCAR,2026-09-30 16:53:15.842+00,404,f,f
2026-09-30 17:00:00+00,AY-03,Koridor A. Yani,simulator,45,48,0.9375,0.0625,3,LANCAR,2026-09-30 16:53:15.842+00,404,f,f
2026-09-30 17:00:00+00,DR-01,Koridor Darmo - Tunjungan,simulator,51,60,0.85,0.15,6,LANCAR,2026-09-30 16:53:15.842+00,404,f,f
2026-09-30 17:00:00+00,DR-02,Koridor Darmo - Tunjungan,simulator,47,51,0.9216,0.0784,4,LANCAR,2026-09-30 16:53:15.842+00,404,f,f
2026-09-30 17:00:00+00,DR-03,Koridor Darmo - Tunjungan,simulator,43,47,0.9149,0.0851,4,LANCAR,2026-09-30 16:53:15.842+00,404,f,f
2026-09-30 17:00:00+00,MR-01,Koridor MERR,simulator,46,51,0.902,0.098,5,LANCAR,2026-09-30 16:53:15.842+00,404,f,f
2026-09-30 17:00:00+00,MR-02,Koridor MERR,simulator,37,42,0.881,0.119,7,LANCAR,2026-09-30 16:53:15.842+00,404,f,f
2026-09-30 17:00:00+00,MR-03,Koridor MERR,simulator,39,44,0.8864,0.1136,6,LANCAR,2026-09-30 16:53:15.842+00,404,f,f
2026-09-30 17:10:00+00,AY-01,Koridor A. Yani,simulator,41,45,0.9111,0.0889,5,LANCAR,2026-09-30 17:09:41.597+00,18,f,f
2026-09-30 17:10:00+00,AY-02,Koridor A. Yani,simulator,50,54,0.9259,0.0741,3,LANCAR,2026-09-30 17:09:41.597+00,18,f,f
2026-09-30 17:10:00+00,AY-03,Koridor A. Yani,simulator,42,48,0.875,0.125,6,LANCAR,2026-09-30 17:09:41.597+00,18,f,f
2026-09-30 17:10:00+00,DR-01,Koridor Darmo - Tunjungan,simulator,53,60,0.8833,0.1167,5,LANCAR,2026-09-30 17:09:41.597+00,18,f,f
2026-09-30 17:10:00+00,DR-02,Koridor Darmo - Tunjungan,simulator,47,51,0.9216,0.0784,4,LANCAR,2026-09-30 17:09:41.597+00,18,f,f
2026-09-30 17:10:00+00,DR-03,Koridor Darmo - Tunjungan,simulator,41,47,0.8723,0.1277,7,LANCAR,2026-09-30 17:09:41.597+00,18,f,f
2026-09-30 17:10:00+00,MR-01,Koridor MERR,simulator,42,51,0.8235,0.1765,9,LANCAR,2026-09-30 17:09:41.597+00,18,f,f
2026-09-30 17:10:00+00,MR-02,Koridor MERR,simulator,37,42,0.881,0.119,7,LANCAR,2026-09-30 17:09:41.597+00,18,f,f
2026-09-30 17:10:00+00,MR-03,Koridor MERR,simulator,37,44,0.8409,0.1591,9,LANCAR,2026-09-30 17:09:41.597+00,18,f,f
2026-09-30 17:20:00+00,AY-01,Koridor A. Yani,simulator,41,45,0.9111,0.0889,5,LANCAR,2026-09-30 17:09:41.597+00,618,t,f
2026-09-30 17:20:00+00,AY-02,Koridor A. Yani,simulator,50,54,0.9259,0.0741,3,LANCAR,2026-09-30 17:09:41.597+00,618,t,f
2026-09-30 17:20:00+00,AY-03,Koridor A. Yani,simulator,42,48,0.875,0.125,6,LANCAR,2026-09-30 17:09:41.597+00,618,t,f
2026-09-30 17:20:00+00,DR-01,Koridor Darmo - Tunjungan,simulator,53,60,0.8833,0.1167,5,LANCAR,2026-09-30 17:09:41.597+00,618,t,f
2026-09-30 17:20:00+00,DR-02,Koridor Darmo - Tunjungan,simulator,47,51,0.9216,0.0784,4,LANCAR,2026-09-30 17:09:41.597+00,618,t,f
2026-09-30 17:20:00+00,DR-03,Koridor Darmo - Tunjungan,simulator,41,47,0.8723,0.1277,7,LANCAR,2026-09-30 17:09:41.597+00,618,t,f
2026-09-30 17:20:00+00,MR-01,Koridor MERR,simulator,42,51,0.8235,0.1765,9,LANCAR,2026-09-30 17:09:41.597+00,618,t,f
2026-09-30 17:20:00+00,MR-02,Koridor MERR,simulator,37,42,0.881,0.119,7,LANCAR,2026-09-30 17:09:41.597+00,618,t,f
2026-09-30 17:20:00+00,MR-03,Koridor MERR,simulator,37,44,0.8409,0.1591,9,LANCAR,2026-09-30 17:09:41.597+00,618,t,f
2026-09-30 17:30:00+00,AY-01,Koridor A. Yani,simulator,41,45,0.9111,0.0889,5,LANCAR,2026-09-30 17:25:36.656+00,263,f,f
2026-09-30 17:30:00+00,AY-02,Koridor A. Yani,simulator,48,54,0.8889,0.1111,5,LANCAR,2026-09-30 17:25:36.656+00,263,f,f
2026-09-30 17:30:00+00,AY-03,Koridor A. Yani,simulator,41,48,0.8542,0.1458,8,LANCAR,2026-09-30 17:25:36.656+00,263,f,f
2026-09-30 17:30:00+00,DR-01,Koridor Darmo - Tunjungan,simulator,55,60,0.9167,0.0833,3,LANCAR,2026-09-30 17:25:36.656+00,263,f,f
2026-09-30 17:30:00+00,DR-02,Koridor Darmo - Tunjungan,simulator,49,51,0.9608,0.0392,2,LANCAR,2026-09-30 17:25:36.656+00,263,f,f
2026-09-30 17:30:00+00,DR-03,Koridor Darmo - Tunjungan,simulator,44,47,0.9362,0.0638,3,LANCAR,2026-09-30 17:25:36.656+00,263,f,f
2026-09-30 17:30:00+00,MR-01,Koridor MERR,simulator,45,51,0.8824,0.1176,6,LANCAR,2026-09-30 17:25:36.656+00,263,f,f
2026-09-30 17:30:00+00,MR-02,Koridor MERR,simulator,36,42,0.8571,0.1429,9,LANCAR,2026-09-30 17:25:36.656+00,263,f,f
2026-09-30 17:30:00+00,MR-03,Koridor MERR,simulator,38,44,0.8636,0.1364,8,LANCAR,2026-09-30 17:25:36.656+00,263,f,f
2026-09-30 17:40:00+00,AY-01,Koridor A. Yani,simulator,41,45,0.9111,0.0889,5,LANCAR,2026-09-30 17:25:36.656+00,863,t,f
2026-09-30 17:40:00+00,AY-02,Koridor A. Yani,simulator,48,54,0.8889,0.1111,5,LANCAR,2026-09-30 17:25:36.656+00,863,t,f
2026-09-30 17:40:00+00,AY-03,Koridor A. Yani,simulator,41,48,0.8542,0.1458,8,LANCAR,2026-09-30 17:25:36.656+00,863,t,f
2026-09-30 17:40:00+00,DR-01,Koridor Darmo - Tunjungan,simulator,55,60,0.9167,0.0833,3,LANCAR,2026-09-30 17:25:36.656+00,863,t,f
2026-09-30 17:40:00+00,DR-02,Koridor Darmo - Tunjungan,simulator,49,51,0.9608,0.0392,2,LANCAR,2026-09-30 17:25:36.656+00,863,t,f
2026-09-30 17:40:00+00,DR-03,Koridor Darmo - Tunjungan,simulator,44,47,0.9362,0.0638,3,LANCAR,2026-09-30 17:25:36.656+00,863,t,f
2026-09-30 17:40:00+00,MR-01,Koridor MERR,simulator,45,51,0.8824,0.1176,6,LANCAR,2026-09-30 17:25:36.656+00,863,t,f
2026-09-30 17:40:00+00,MR-02,Koridor MERR,simulator,36,42,0.8571,0.1429,9,LANCAR,2026-09-30 17:25:36.656+00,863,t,f
2026-09-30 17:40:00+00,MR-03,Koridor MERR,simulator,38,44,0.8636,0.1364,8,LANCAR,2026-09-30 17:25:36.656+00,863,t,f
2026-09-30 17:50:00+00,AY-01,Koridor A. Yani,simulator,38,45,0.8444,0.1556,9,LANCAR,2026-09-30 17:42:02.377+00,478,f,f
2026-09-30 17:50:00+00,AY-02,Koridor A. Yani,simulator,46,54,0.8519,0.1481,7,LANCAR,2026-09-30 17:42:02.377+00,478,f,f
2026-09-30 17:50:00+00,AY-03,Koridor A. Yani,simulator,43,48,0.8958,0.1042,5,LANCAR,2026-09-30 17:42:02.377+00,478,f,f
2026-09-30 17:50:00+00,DR-01,Koridor Darmo - Tunjungan,simulator,58,60,0.9667,0.0333,1,LANCAR,2026-09-30 17:42:02.377+00,478,f,f
2026-09-30 17:50:00+00,DR-02,Koridor Darmo - Tunjungan,simulator,46,51,0.902,0.098,5,LANCAR,2026-09-30 17:42:02.377+00,478,f,f
2026-09-30 17:50:00+00,DR-03,Koridor Darmo - Tunjungan,simulator,40,47,0.8511,0.1489,8,LANCAR,2026-09-30 17:42:02.377+00,478,f,f
2026-09-30 17:50:00+00,MR-01,Koridor MERR,simulator,46,51,0.902,0.098,5,LANCAR,2026-09-30 17:42:02.377+00,478,f,f
2026-09-30 17:50:00+00,MR-02,Koridor MERR,simulator,36,42,0.8571,0.1429,9,LANCAR,2026-09-30 17:42:02.377+00,478,f,f
2026-09-30 17:50:00+00,MR-03,Koridor MERR,simulator,41,44,0.9318,0.0682,4,LANCAR,2026-09-30 17:42:02.377+00,478,f,f
2026-09-30 18:00:00+00,AY-01,Koridor A. Yani,simulator,39,45,0.8667,0.1333,7,LANCAR,2026-09-30 17:57:58.11+00,122,f,f
2026-09-30 18:00:00+00,AY-02,Koridor A. Yani,simulator,51,54,0.9444,0.0556,2,LANCAR,2026-09-30 17:57:58.11+00,122,f,f
2026-09-30 18:00:00+00,AY-03,Koridor A. Yani,simulator,45,48,0.9375,0.0625,3,LANCAR,2026-09-30 17:57:58.11+00,122,f,f
2026-09-30 18:00:00+00,DR-01,Koridor Darmo - Tunjungan,simulator,50,60,0.8333,0.1667,7,LANCAR,2026-09-30 17:57:58.11+00,122,f,f
2026-09-30 18:00:00+00,DR-02,Koridor Darmo - Tunjungan,simulator,45,51,0.8824,0.1176,6,LANCAR,2026-09-30 17:57:58.11+00,122,f,f
2026-09-30 18:00:00+00,DR-03,Koridor Darmo - Tunjungan,simulator,42,47,0.8936,0.1064,5,LANCAR,2026-09-30 17:57:58.11+00,122,f,f
2026-09-30 18:00:00+00,MR-01,Koridor MERR,simulator,45,51,0.8824,0.1176,6,LANCAR,2026-09-30 17:57:58.11+00,122,f,f
2026-09-30 18:00:00+00,MR-02,Koridor MERR,simulator,38,42,0.9048,0.0952,6,LANCAR,2026-09-30 17:57:58.11+00,122,f,f
2026-09-30 18:00:00+00,MR-03,Koridor MERR,simulator,37,44,0.8409,0.1591,9,LANCAR,2026-09-30 17:57:58.11+00,122,f,f
2026-09-30 18:10:00+00,AY-01,Koridor A. Yani,simulator,39,45,0.8667,0.1333,7,LANCAR,2026-09-30 17:57:58.11+00,722,t,f
2026-09-30 18:10:00+00,AY-02,Koridor A. Yani,simulator,51,54,0.9444,0.0556,2,LANCAR,2026-09-30 17:57:58.11+00,722,t,f
2026-09-30 18:10:00+00,AY-03,Koridor A. Yani,simulator,45,48,0.9375,0.0625,3,LANCAR,2026-09-30 17:57:58.11+00,722,t,f
2026-09-30 18:10:00+00,DR-01,Koridor Darmo - Tunjungan,simulator,50,60,0.8333,0.1667,7,LANCAR,2026-09-30 17:57:58.11+00,722,t,f
2026-09-30 18:10:00+00,DR-02,Koridor Darmo - Tunjungan,simulator,45,51,0.8824,0.1176,6,LANCAR,2026-09-30 17:57:58.11+00,722,t,f
2026-09-30 18:10:00+00,DR-03,Koridor Darmo - Tunjungan,simulator,42,47,0.8936,0.1064,5,LANCAR,2026-09-30 17:57:58.11+00,722,t,f
2026-09-30 18:10:00+00,MR-01,Koridor MERR,simulator,45,51,0.8824,0.1176,6,LANCAR,2026-09-30 17:57:58.11+00,722,t,f
2026-09-30 18:10:00+00,MR-02,Koridor MERR,simulator,38,42,0.9048,0.0952,6,LANCAR,2026-09-30 17:57:58.11+00,722,t,f
2026-09-30 18:10:00+00,MR-03,Koridor MERR,simulator,37,44,0.8409,0.1591,9,LANCAR,2026-09-30 17:57:58.11+00,722,t,f
2026-09-30 18:20:00+00,AY-01,Koridor A. Yani,simulator,39,45,0.8667,0.1333,7,LANCAR,2026-09-30 18:14:38.006+00,322,f,f
2026-09-30 18:20:00+00,AY-02,Koridor A. Yani,simulator,50,54,0.9259,0.0741,3,LANCAR,2026-09-30 18:14:38.006+00,322,f,f
2026-09-30 18:20:00+00,AY-03,Koridor A. Yani,simulator,39,48,0.8125,0.1875,10,LANCAR,2026-09-30 18:14:38.006+00,322,f,f
2026-09-30 18:20:00+00,DR-01,Koridor Darmo - Tunjungan,simulator,52,60,0.8667,0.1333,6,LANCAR,2026-09-30 18:14:38.006+00,322,f,f
2026-09-30 18:20:00+00,DR-02,Koridor Darmo - Tunjungan,simulator,42,51,0.8235,0.1765,9,LANCAR,2026-09-30 18:14:38.006+00,322,f,f
2026-09-30 18:20:00+00,DR-03,Koridor Darmo - Tunjungan,simulator,43,47,0.9149,0.0851,4,LANCAR,2026-09-30 18:14:38.006+00,322,f,f
2026-09-30 18:20:00+00,MR-01,Koridor MERR,simulator,44,51,0.8627,0.1373,7,LANCAR,2026-09-30 18:14:38.006+00,322,f,f
2026-09-30 18:20:00+00,MR-02,Koridor MERR,simulator,35,42,0.8333,0.1667,11,LANCAR,2026-09-30 18:14:38.006+00,322,f,f
2026-09-30 18:20:00+00,MR-03,Koridor MERR,simulator,42,44,0.9545,0.0455,2,LANCAR,2026-09-30 18:14:38.006+00,322,f,f
2026-09-30 18:30:00+00,AY-01,Koridor A. Yani,simulator,39,45,0.8667,0.1333,7,LANCAR,2026-09-30 18:14:38.006+00,922,t,f
2026-09-30 18:30:00+00,AY-02,Koridor A. Yani,simulator,50,54,0.9259,0.0741,3,LANCAR,2026-09-30 18:14:38.006+00,922,t,f
2026-09-30 18:30:00+00,AY-03,Koridor A. Yani,simulator,39,48,0.8125,0.1875,10,LANCAR,2026-09-30 18:14:38.006+00,922,t,f
2026-09-30 18:30:00+00,DR-01,Koridor Darmo - Tunjungan,simulator,52,60,0.8667,0.1333,6,LANCAR,2026-09-30 18:14:38.006+00,922,t,f
2026-09-30 18:30:00+00,DR-02,Koridor Darmo - Tunjungan,simulator,42,51,0.8235,0.1765,9,LANCAR,2026-09-30 18:14:38.006+00,922,t,f
2026-09-30 18:30:00+00,DR-03,Koridor Darmo - Tunjungan,simulator,43,47,0.9149,0.0851,4,LANCAR,2026-09-30 18:14:38.006+00,922,t,f
2026-09-30 18:30:00+00,MR-01,Koridor MERR,simulator,44,51,0.8627,0.1373,7,LANCAR,2026-09-30 18:14:38.006+00,922,t,f
2026-09-30 18:30:00+00,MR-02,Koridor MERR,simulator,35,42,0.8333,0.1667,11,LANCAR,2026-09-30 18:14:38.006+00,922,t,f
2026-09-30 18:30:00+00,MR-03,Koridor MERR,simulator,42,44,0.9545,0.0455,2,LANCAR,2026-09-30 18:14:38.006+00,922,t,f
2026-09-30 18:40:00+00,AY-01,Koridor A. Yani,simulator,42,45,0.9333,0.0667,3,LANCAR,2026-09-30 18:30:33.766+00,566,f,f
2026-09-30 18:40:00+00,AY-02,Koridor A. Yani,simulator,48,54,0.8889,0.1111,5,LANCAR,2026-09-30 18:30:33.766+00,566,f,f
2026-09-30 18:40:00+00,AY-03,Koridor A. Yani,simulator,44,48,0.9167,0.0833,4,LANCAR,2026-09-30 18:30:33.766+00,566,f,f
2026-09-30 18:40:00+00,DR-01,Koridor Darmo - Tunjungan,simulator,51,60,0.85,0.15,6,LANCAR,2026-09-30 18:30:33.766+00,566,f,f
2026-09-30 18:40:00+00,DR-02,Koridor Darmo - Tunjungan,simulator,45,51,0.8824,0.1176,6,LANCAR,2026-09-30 18:30:33.766+00,566,f,f
2026-09-30 18:40:00+00,DR-03,Koridor Darmo - Tunjungan,simulator,45,47,0.9574,0.0426,2,LANCAR,2026-09-30 18:30:33.766+00,566,f,f
2026-09-30 18:40:00+00,MR-01,Koridor MERR,simulator,44,51,0.8627,0.1373,7,LANCAR,2026-09-30 18:30:33.766+00,566,f,f
2026-09-30 18:40:00+00,MR-02,Koridor MERR,simulator,39,42,0.9286,0.0714,4,LANCAR,2026-09-30 18:30:33.766+00,566,f,f
2026-09-30 18:40:00+00,MR-03,Koridor MERR,simulator,41,44,0.9318,0.0682,4,LANCAR,2026-09-30 18:30:33.766+00,566,f,f
2026-09-30 18:50:00+00,AY-01,Koridor A. Yani,simulator,39,45,0.8667,0.1333,7,LANCAR,2026-09-30 18:46:53.442+00,187,f,f
2026-09-30 18:50:00+00,AY-02,Koridor A. Yani,simulator,52,54,0.963,0.037,2,LANCAR,2026-09-30 18:46:53.442+00,187,f,f
2026-09-30 18:50:00+00,AY-03,Koridor A. Yani,simulator,46,48,0.9583,0.0417,2,LANCAR,2026-09-30 18:46:53.442+00,187,f,f
2026-09-30 18:50:00+00,DR-01,Koridor Darmo - Tunjungan,simulator,57,60,0.95,0.05,2,LANCAR,2026-09-30 18:46:53.442+00,187,f,f
2026-09-30 18:50:00+00,DR-02,Koridor Darmo - Tunjungan,simulator,46,51,0.902,0.098,5,LANCAR,2026-09-30 18:46:53.442+00,187,f,f
2026-09-30 18:50:00+00,DR-03,Koridor Darmo - Tunjungan,simulator,45,47,0.9574,0.0426,2,LANCAR,2026-09-30 18:46:53.442+00,187,f,f
2026-09-30 18:50:00+00,MR-01,Koridor MERR,simulator,45,51,0.8824,0.1176,6,LANCAR,2026-09-30 18:46:53.442+00,187,f,f
2026-09-30 18:50:00+00,MR-02,Koridor MERR,simulator,35,42,0.8333,0.1667,11,LANCAR,2026-09-30 18:46:53.442+00,187,f,f
2026-09-30 18:50:00+00,MR-03,Koridor MERR,simulator,40,44,0.9091,0.0909,5,LANCAR,2026-09-30 18:46:53.442+00,187,f,f
2026-09-30 19:00:00+00,AY-01,Koridor A. Yani,simulator,43,45,0.9556,0.0444,2,LANCAR,2026-09-30 18:59:06.833+00,53,f,f
2026-09-30 19:00:00+00,AY-02,Koridor A. Yani,simulator,52,54,0.963,0.037,2,LANCAR,2026-09-30 18:59:06.833+00,53,f,f
2026-09-30 19:00:00+00,AY-03,Koridor A. Yani,simulator,42,48,0.875,0.125,6,LANCAR,2026-09-30 18:59:06.833+00,53,f,f
2026-09-30 19:00:00+00,DR-01,Koridor Darmo - Tunjungan,simulator,58,60,0.9667,0.0333,1,LANCAR,2026-09-30 18:59:06.833+00,53,f,f
2026-09-30 19:00:00+00,DR-02,Koridor Darmo - Tunjungan,simulator,48,51,0.9412,0.0588,3,LANCAR,2026-09-30 18:59:06.833+00,53,f,f
2026-09-30 19:00:00+00,DR-03,Koridor Darmo - Tunjungan,simulator,43,47,0.9149,0.0851,4,LANCAR,2026-09-30 18:59:06.833+00,53,f,f
2026-09-30 19:00:00+00,MR-01,Koridor MERR,simulator,48,51,0.9412,0.0588,3,LANCAR,2026-09-30 18:59:06.833+00,53,f,f
2026-09-30 19:00:00+00,MR-02,Koridor MERR,simulator,35,42,0.8333,0.1667,11,LANCAR,2026-09-30 18:59:06.833+00,53,f,f
2026-09-30 19:00:00+00,MR-03,Koridor MERR,simulator,38,44,0.8636,0.1364,8,LANCAR,2026-09-30 18:59:06.833+00,53,f,f
2026-09-30 19:10:00+00,AY-01,Koridor A. Yani,simulator,43,45,0.9556,0.0444,2,LANCAR,2026-09-30 18:59:06.833+00,653,t,f
2026-09-30 19:10:00+00,AY-02,Koridor A. Yani,simulator,52,54,0.963,0.037,2,LANCAR,2026-09-30 18:59:06.833+00,653,t,f
2026-09-30 19:10:00+00,AY-03,Koridor A. Yani,simulator,42,48,0.875,0.125,6,LANCAR,2026-09-30 18:59:06.833+00,653,t,f
2026-09-30 19:10:00+00,DR-01,Koridor Darmo - Tunjungan,simulator,58,60,0.9667,0.0333,1,LANCAR,2026-09-30 18:59:06.833+00,653,t,f
2026-09-30 19:10:00+00,DR-02,Koridor Darmo - Tunjungan,simulator,48,51,0.9412,0.0588,3,LANCAR,2026-09-30 18:59:06.833+00,653,t,f
2026-09-30 19:10:00+00,DR-03,Koridor Darmo - Tunjungan,simulator,43,47,0.9149,0.0851,4,LANCAR,2026-09-30 18:59:06.833+00,653,t,f
2026-09-30 19:10:00+00,MR-01,Koridor MERR,simulator,48,51,0.9412,0.0588,3,LANCAR,2026-09-30 18:59:06.833+00,653,t,f
2026-09-30 19:10:00+00,MR-02,Koridor MERR,simulator,35,42,0.8333,0.1667,11,LANCAR,2026-09-30 18:59:06.833+00,653,t,f
2026-09-30 19:10:00+00,MR-03,Koridor MERR,simulator,38,44,0.8636,0.1364,8,LANCAR,2026-09-30 18:59:06.833+00,653,t,f
2026-09-30 19:20:00+00,AY-01,Koridor A. Yani,simulator,43,45,0.9556,0.0444,2,LANCAR,2026-09-30 19:15:32.623+00,267,f,f
2026-09-30 19:20:00+00,AY-02,Koridor A. Yani,simulator,47,54,0.8704,0.1296,6,LANCAR,2026-09-30 19:15:32.623+00,267,f,f
2026-09-30 19:20:00+00,AY-03,Koridor A. Yani,simulator,44,48,0.9167,0.0833,4,LANCAR,2026-09-30 19:15:32.623+00,267,f,f
2026-09-30 19:20:00+00,DR-01,Koridor Darmo - Tunjungan,simulator,58,60,0.9667,0.0333,1,LANCAR,2026-09-30 19:15:32.623+00,267,f,f
2026-09-30 19:20:00+00,DR-02,Koridor Darmo - Tunjungan,simulator,49,51,0.9608,0.0392,2,LANCAR,2026-09-30 19:15:32.623+00,267,f,f
2026-09-30 19:20:00+00,DR-03,Koridor Darmo - Tunjungan,simulator,43,47,0.9149,0.0851,4,LANCAR,2026-09-30 19:15:32.623+00,267,f,f
2026-09-30 19:20:00+00,MR-01,Koridor MERR,simulator,45,51,0.8824,0.1176,6,LANCAR,2026-09-30 19:15:32.623+00,267,f,f
2026-09-30 19:20:00+00,MR-02,Koridor MERR,simulator,39,42,0.9286,0.0714,4,LANCAR,2026-09-30 19:15:32.623+00,267,f,f
2026-09-30 19:20:00+00,MR-03,Koridor MERR,simulator,36,44,0.8182,0.1818,11,LANCAR,2026-09-30 19:15:32.623+00,267,f,f
2026-09-30 19:30:00+00,AY-01,Koridor A. Yani,simulator,43,45,0.9556,0.0444,2,LANCAR,2026-09-30 19:15:32.623+00,867,t,f
2026-09-30 19:30:00+00,AY-02,Koridor A. Yani,simulator,47,54,0.8704,0.1296,6,LANCAR,2026-09-30 19:15:32.623+00,867,t,f
2026-09-30 19:30:00+00,AY-03,Koridor A. Yani,simulator,44,48,0.9167,0.0833,4,LANCAR,2026-09-30 19:15:32.623+00,867,t,f
2026-09-30 19:30:00+00,DR-01,Koridor Darmo - Tunjungan,simulator,58,60,0.9667,0.0333,1,LANCAR,2026-09-30 19:15:32.623+00,867,t,f
2026-09-30 19:30:00+00,DR-02,Koridor Darmo - Tunjungan,simulator,49,51,0.9608,0.0392,2,LANCAR,2026-09-30 19:15:32.623+00,867,t,f
2026-09-30 19:30:00+00,DR-03,Koridor Darmo - Tunjungan,simulator,43,47,0.9149,0.0851,4,LANCAR,2026-09-30 19:15:32.623+00,867,t,f
2026-09-30 19:30:00+00,MR-01,Koridor MERR,simulator,45,51,0.8824,0.1176,6,LANCAR,2026-09-30 19:15:32.623+00,867,t,f
2026-09-30 19:30:00+00,MR-02,Koridor MERR,simulator,39,42,0.9286,0.0714,4,LANCAR,2026-09-30 19:15:32.623+00,867,t,f
2026-09-30 19:30:00+00,MR-03,Koridor MERR,simulator,36,44,0.8182,0.1818,11,LANCAR,2026-09-30 19:15:32.623+00,867,t,f
2026-09-30 19:40:00+00,AY-01,Koridor A. Yani,simulator,38,45,0.8444,0.1556,9,LANCAR,2026-09-30 19:31:28.22+00,512,f,f
2026-09-30 19:40:00+00,AY-02,Koridor A. Yani,simulator,52,54,0.963,0.037,2,LANCAR,2026-09-30 19:31:28.22+00,512,f,f
2026-09-30 19:40:00+00,AY-03,Koridor A. Yani,simulator,41,48,0.8542,0.1458,8,LANCAR,2026-09-30 19:31:28.22+00,512,f,f
2026-09-30 19:40:00+00,DR-01,Koridor Darmo - Tunjungan,simulator,50,60,0.8333,0.1667,7,LANCAR,2026-09-30 19:31:28.22+00,512,f,f
2026-09-30 19:40:00+00,DR-02,Koridor Darmo - Tunjungan,simulator,45,51,0.8824,0.1176,6,LANCAR,2026-09-30 19:31:28.22+00,512,f,f
2026-09-30 19:40:00+00,DR-03,Koridor Darmo - Tunjungan,simulator,44,47,0.9362,0.0638,3,LANCAR,2026-09-30 19:31:28.22+00,512,f,f
2026-09-30 19:40:00+00,MR-01,Koridor MERR,simulator,48,51,0.9412,0.0588,3,LANCAR,2026-09-30 19:31:28.22+00,512,f,f
2026-09-30 19:40:00+00,MR-02,Koridor MERR,simulator,38,42,0.9048,0.0952,6,LANCAR,2026-09-30 19:31:28.22+00,512,f,f
2026-09-30 19:40:00+00,MR-03,Koridor MERR,simulator,37,44,0.8409,0.1591,9,LANCAR,2026-09-30 19:31:28.22+00,512,f,f
2026-09-30 19:50:00+00,AY-01,Koridor A. Yani,simulator,40,45,0.8889,0.1111,6,LANCAR,2026-09-30 19:47:23.852+00,156,f,f
2026-09-30 19:50:00+00,AY-02,Koridor A. Yani,simulator,53,54,0.9815,0.0185,1,LANCAR,2026-09-30 19:47:23.852+00,156,f,f
2026-09-30 19:50:00+00,AY-03,Koridor A. Yani,simulator,41,48,0.8542,0.1458,8,LANCAR,2026-09-30 19:47:23.852+00,156,f,f
2026-09-30 19:50:00+00,DR-01,Koridor Darmo - Tunjungan,simulator,58,60,0.9667,0.0333,1,LANCAR,2026-09-30 19:47:23.852+00,156,f,f
2026-09-30 19:50:00+00,DR-02,Koridor Darmo - Tunjungan,simulator,43,51,0.8431,0.1569,8,LANCAR,2026-09-30 19:47:23.852+00,156,f,f
2026-09-30 19:50:00+00,DR-03,Koridor Darmo - Tunjungan,simulator,42,47,0.8936,0.1064,5,LANCAR,2026-09-30 19:47:23.852+00,156,f,f
2026-09-30 19:50:00+00,MR-01,Koridor MERR,simulator,45,51,0.8824,0.1176,6,LANCAR,2026-09-30 19:47:23.852+00,156,f,f
2026-09-30 19:50:00+00,MR-02,Koridor MERR,simulator,38,42,0.9048,0.0952,6,LANCAR,2026-09-30 19:47:23.852+00,156,f,f
2026-09-30 19:50:00+00,MR-03,Koridor MERR,simulator,40,44,0.9091,0.0909,5,LANCAR,2026-09-30 19:47:23.852+00,156,f,f
2026-09-30 20:00:00+00,AY-01,Koridor A. Yani,simulator,44,45,0.9778,0.0222,1,LANCAR,2026-09-30 19:59:42.289+00,18,f,f
2026-09-30 20:00:00+00,AY-02,Koridor A. Yani,simulator,49,54,0.9074,0.0926,4,LANCAR,2026-09-30 19:59:42.289+00,18,f,f
2026-09-30 20:00:00+00,AY-03,Koridor A. Yani,simulator,43,48,0.8958,0.1042,5,LANCAR,2026-09-30 19:59:42.289+00,18,f,f
2026-09-30 20:00:00+00,DR-01,Koridor Darmo - Tunjungan,simulator,53,60,0.8833,0.1167,5,LANCAR,2026-09-30 19:59:42.289+00,18,f,f
2026-09-30 20:00:00+00,DR-02,Koridor Darmo - Tunjungan,simulator,48,51,0.9412,0.0588,3,LANCAR,2026-09-30 19:59:42.289+00,18,f,f
2026-09-30 20:00:00+00,DR-03,Koridor Darmo - Tunjungan,simulator,42,47,0.8936,0.1064,5,LANCAR,2026-09-30 19:59:42.289+00,18,f,f
2026-09-30 20:00:00+00,MR-01,Koridor MERR,simulator,50,51,0.9804,0.0196,1,LANCAR,2026-09-30 19:59:42.289+00,18,f,f
2026-09-30 20:00:00+00,MR-02,Koridor MERR,simulator,36,42,0.8571,0.1429,9,LANCAR,2026-09-30 19:59:42.289+00,18,f,f
2026-09-30 20:00:00+00,MR-03,Koridor MERR,simulator,39,44,0.8864,0.1136,6,LANCAR,2026-09-30 19:59:42.289+00,18,f,f
2026-09-30 20:10:00+00,AY-01,Koridor A. Yani,simulator,44,45,0.9778,0.0222,1,LANCAR,2026-09-30 20:00:42.975+00,557,f,f
2026-09-30 20:10:00+00,AY-02,Koridor A. Yani,simulator,46,54,0.8519,0.1481,7,LANCAR,2026-09-30 20:00:42.975+00,557,f,f
2026-09-30 20:10:00+00,AY-03,Koridor A. Yani,simulator,46,48,0.9583,0.0417,2,LANCAR,2026-09-30 20:00:42.975+00,557,f,f
2026-09-30 20:10:00+00,DR-01,Koridor Darmo - Tunjungan,simulator,51,60,0.85,0.15,6,LANCAR,2026-09-30 20:00:42.975+00,557,f,f
2026-09-30 20:10:00+00,DR-02,Koridor Darmo - Tunjungan,simulator,42,51,0.8235,0.1765,9,LANCAR,2026-09-30 20:00:42.975+00,557,f,f
2026-09-30 20:10:00+00,DR-03,Koridor Darmo - Tunjungan,simulator,43,47,0.9149,0.0851,4,LANCAR,2026-09-30 20:00:42.975+00,557,f,f
2026-09-30 20:10:00+00,MR-01,Koridor MERR,simulator,45,51,0.8824,0.1176,6,LANCAR,2026-09-30 20:00:42.975+00,557,f,f
2026-09-30 20:10:00+00,MR-02,Koridor MERR,simulator,38,42,0.9048,0.0952,6,LANCAR,2026-09-30 20:00:42.975+00,557,f,f
2026-09-30 20:10:00+00,MR-03,Koridor MERR,simulator,42,44,0.9545,0.0455,2,LANCAR,2026-09-30 20:00:42.975+00,557,f,f
2026-09-30 20:20:00+00,AY-01,Koridor A. Yani,simulator,43,45,0.9556,0.0444,2,LANCAR,2026-09-30 20:16:38.717+00,201,f,f
2026-09-30 20:20:00+00,AY-02,Koridor A. Yani,simulator,52,54,0.963,0.037,2,LANCAR,2026-09-30 20:16:38.717+00,201,f,f
2026-09-30 20:20:00+00,AY-03,Koridor A. Yani,simulator,44,48,0.9167,0.0833,4,LANCAR,2026-09-30 20:16:38.717+00,201,f,f
2026-09-30 20:20:00+00,DR-01,Koridor Darmo - Tunjungan,simulator,49,60,0.8167,0.1833,8,LANCAR,2026-09-30 20:16:38.717+00,201,f,f
2026-09-30 20:20:00+00,DR-02,Koridor Darmo - Tunjungan,simulator,45,51,0.8824,0.1176,6,LANCAR,2026-09-30 20:16:38.717+00,201,f,f
2026-09-30 20:20:00+00,DR-03,Koridor Darmo - Tunjungan,simulator,46,47,0.9787,0.0213,1,LANCAR,2026-09-30 20:16:38.717+00,201,f,f
2026-09-30 20:20:00+00,MR-01,Koridor MERR,simulator,45,51,0.8824,0.1176,6,LANCAR,2026-09-30 20:16:38.717+00,201,f,f
2026-09-30 20:20:00+00,MR-02,Koridor MERR,simulator,34,42,0.8095,0.1905,13,LANCAR,2026-09-30 20:16:38.717+00,201,f,f
2026-09-30 20:20:00+00,MR-03,Koridor MERR,simulator,37,44,0.8409,0.1591,9,LANCAR,2026-09-30 20:16:38.717+00,201,f,f
2026-09-30 20:30:00+00,AY-01,Koridor A. Yani,simulator,43,45,0.9556,0.0444,2,LANCAR,2026-09-30 20:16:38.717+00,801,t,f
2026-09-30 20:30:00+00,AY-02,Koridor A. Yani,simulator,52,54,0.963,0.037,2,LANCAR,2026-09-30 20:16:38.717+00,801,t,f
2026-09-30 20:30:00+00,AY-03,Koridor A. Yani,simulator,44,48,0.9167,0.0833,4,LANCAR,2026-09-30 20:16:38.717+00,801,t,f
2026-09-30 20:30:00+00,DR-01,Koridor Darmo - Tunjungan,simulator,49,60,0.8167,0.1833,8,LANCAR,2026-09-30 20:16:38.717+00,801,t,f
2026-09-30 20:30:00+00,DR-02,Koridor Darmo - Tunjungan,simulator,45,51,0.8824,0.1176,6,LANCAR,2026-09-30 20:16:38.717+00,801,t,f
2026-09-30 20:30:00+00,DR-03,Koridor Darmo - Tunjungan,simulator,46,47,0.9787,0.0213,1,LANCAR,2026-09-30 20:16:38.717+00,801,t,f
2026-09-30 20:30:00+00,MR-01,Koridor MERR,simulator,45,51,0.8824,0.1176,6,LANCAR,2026-09-30 20:16:38.717+00,801,t,f
2026-09-30 20:30:00+00,MR-02,Koridor MERR,simulator,34,42,0.8095,0.1905,13,LANCAR,2026-09-30 20:16:38.717+00,801,t,f
2026-09-30 20:30:00+00,MR-03,Koridor MERR,simulator,37,44,0.8409,0.1591,9,LANCAR,2026-09-30 20:16:38.717+00,801,t,f
2026-09-30 20:40:00+00,AY-01,Koridor A. Yani,simulator,39,45,0.8667,0.1333,7,LANCAR,2026-09-30 20:33:05.143+00,415,f,f
2026-09-30 20:40:00+00,AY-02,Koridor A. Yani,simulator,51,54,0.9444,0.0556,2,LANCAR,2026-09-30 20:33:05.143+00,415,f,f
2026-09-30 20:40:00+00,AY-03,Koridor A. Yani,simulator,45,48,0.9375,0.0625,3,LANCAR,2026-09-30 20:33:05.143+00,415,f,f
2026-09-30 20:40:00+00,DR-01,Koridor Darmo - Tunjungan,simulator,56,60,0.9333,0.0667,3,LANCAR,2026-09-30 20:33:05.143+00,415,f,f
2026-09-30 20:40:00+00,DR-02,Koridor Darmo - Tunjungan,simulator,43,51,0.8431,0.1569,8,LANCAR,2026-09-30 20:33:05.143+00,415,f,f
2026-09-30 20:40:00+00,DR-03,Koridor Darmo - Tunjungan,simulator,43,47,0.9149,0.0851,4,LANCAR,2026-09-30 20:33:05.143+00,415,f,f
2026-09-30 20:40:00+00,MR-01,Koridor MERR,simulator,47,51,0.9216,0.0784,4,LANCAR,2026-09-30 20:33:05.143+00,415,f,f
2026-09-30 20:40:00+00,MR-02,Koridor MERR,simulator,37,42,0.881,0.119,7,LANCAR,2026-09-30 20:33:05.143+00,415,f,f
2026-09-30 20:40:00+00,MR-03,Koridor MERR,simulator,42,44,0.9545,0.0455,2,LANCAR,2026-09-30 20:33:05.143+00,415,f,f
2026-09-30 20:50:00+00,AY-01,Koridor A. Yani,simulator,44,45,0.9778,0.0222,1,LANCAR,2026-09-30 20:49:55.102+00,5,f,f
2026-09-30 20:50:00+00,AY-02,Koridor A. Yani,simulator,49,54,0.9074,0.0926,4,LANCAR,2026-09-30 20:49:55.102+00,5,f,f
2026-09-30 20:50:00+00,AY-03,Koridor A. Yani,simulator,42,48,0.875,0.125,6,LANCAR,2026-09-30 20:49:55.102+00,5,f,f
2026-09-30 20:50:00+00,DR-01,Koridor Darmo - Tunjungan,simulator,57,60,0.95,0.05,2,LANCAR,2026-09-30 20:49:55.102+00,5,f,f
2026-09-30 20:50:00+00,DR-02,Koridor Darmo - Tunjungan,simulator,45,51,0.8824,0.1176,6,LANCAR,2026-09-30 20:49:55.102+00,5,f,f
2026-09-30 20:50:00+00,DR-03,Koridor Darmo - Tunjungan,simulator,40,47,0.8511,0.1489,8,LANCAR,2026-09-30 20:49:55.102+00,5,f,f
2026-09-30 20:50:00+00,MR-01,Koridor MERR,simulator,48,51,0.9412,0.0588,3,LANCAR,2026-09-30 20:49:55.102+00,5,f,f
2026-09-30 20:50:00+00,MR-02,Koridor MERR,simulator,35,42,0.8333,0.1667,11,LANCAR,2026-09-30 20:49:55.102+00,5,f,f
2026-09-30 20:50:00+00,MR-03,Koridor MERR,simulator,39,44,0.8864,0.1136,6,LANCAR,2026-09-30 20:49:55.102+00,5,f,f
2026-09-30 21:00:00+00,AY-01,Koridor A. Yani,simulator,44,45,0.9778,0.0222,1,LANCAR,2026-09-30 20:49:55.102+00,605,t,f
2026-09-30 21:00:00+00,AY-02,Koridor A. Yani,simulator,49,54,0.9074,0.0926,4,LANCAR,2026-09-30 20:49:55.102+00,605,t,f
2026-09-30 21:00:00+00,AY-03,Koridor A. Yani,simulator,42,48,0.875,0.125,6,LANCAR,2026-09-30 20:49:55.102+00,605,t,f
2026-09-30 21:00:00+00,DR-01,Koridor Darmo - Tunjungan,simulator,57,60,0.95,0.05,2,LANCAR,2026-09-30 20:49:55.102+00,605,t,f
2026-09-30 21:00:00+00,DR-02,Koridor Darmo - Tunjungan,simulator,45,51,0.8824,0.1176,6,LANCAR,2026-09-30 20:49:55.102+00,605,t,f
2026-09-30 21:00:00+00,DR-03,Koridor Darmo - Tunjungan,simulator,40,47,0.8511,0.1489,8,LANCAR,2026-09-30 20:49:55.102+00,605,t,f
2026-09-30 21:00:00+00,MR-01,Koridor MERR,simulator,48,51,0.9412,0.0588,3,LANCAR,2026-09-30 20:49:55.102+00,605,t,f
2026-09-30 21:00:00+00,MR-02,Koridor MERR,simulator,35,42,0.8333,0.1667,11,LANCAR,2026-09-30 20:49:55.102+00,605,t,f
2026-09-30 21:00:00+00,MR-03,Koridor MERR,simulator,39,44,0.8864,0.1136,6,LANCAR,2026-09-30 20:49:55.102+00,605,t,f
2026-09-30 21:10:00+00,AY-01,Koridor A. Yani,simulator,42,45,0.9333,0.0667,3,LANCAR,2026-09-30 21:01:52.273+00,488,f,f
2026-09-30 21:10:00+00,AY-02,Koridor A. Yani,simulator,50,54,0.9259,0.0741,3,LANCAR,2026-09-30 21:01:52.273+00,488,f,f
2026-09-30 21:10:00+00,AY-03,Koridor A. Yani,simulator,43,48,0.8958,0.1042,5,LANCAR,2026-09-30 21:01:52.273+00,488,f,f
2026-09-30 21:10:00+00,DR-01,Koridor Darmo - Tunjungan,simulator,53,60,0.8833,0.1167,5,LANCAR,2026-09-30 21:01:52.273+00,488,f,f
2026-09-30 21:10:00+00,DR-02,Koridor Darmo - Tunjungan,simulator,48,51,0.9412,0.0588,3,LANCAR,2026-09-30 21:01:52.273+00,488,f,f
2026-09-30 21:10:00+00,DR-03,Koridor Darmo - Tunjungan,simulator,40,47,0.8511,0.1489,8,LANCAR,2026-09-30 21:01:52.273+00,488,f,f
2026-09-30 21:10:00+00,MR-01,Koridor MERR,simulator,42,51,0.8235,0.1765,9,LANCAR,2026-09-30 21:01:52.273+00,488,f,f
2026-09-30 21:10:00+00,MR-02,Koridor MERR,simulator,35,42,0.8333,0.1667,11,LANCAR,2026-09-30 21:01:52.273+00,488,f,f
2026-09-30 21:10:00+00,MR-03,Koridor MERR,simulator,37,44,0.8409,0.1591,9,LANCAR,2026-09-30 21:01:52.273+00,488,f,f
2026-09-30 21:20:00+00,AY-01,Koridor A. Yani,simulator,40,45,0.8889,0.1111,6,LANCAR,2026-09-30 21:13:16.367+00,404,f,f
2026-09-30 21:20:00+00,AY-02,Koridor A. Yani,simulator,51,54,0.9444,0.0556,2,LANCAR,2026-09-30 21:13:16.367+00,404,f,f
2026-09-30 21:20:00+00,AY-03,Koridor A. Yani,simulator,41,48,0.8542,0.1458,8,LANCAR,2026-09-30 21:13:16.367+00,404,f,f
2026-09-30 21:20:00+00,DR-01,Koridor Darmo - Tunjungan,simulator,51,60,0.85,0.15,6,LANCAR,2026-09-30 21:13:16.367+00,404,f,f
2026-09-30 21:20:00+00,DR-02,Koridor Darmo - Tunjungan,simulator,48,51,0.9412,0.0588,3,LANCAR,2026-09-30 21:13:16.367+00,404,f,f
2026-09-30 21:20:00+00,DR-03,Koridor Darmo - Tunjungan,simulator,45,47,0.9574,0.0426,2,LANCAR,2026-09-30 21:13:16.367+00,404,f,f
2026-09-30 21:20:00+00,MR-01,Koridor MERR,simulator,45,51,0.8824,0.1176,6,LANCAR,2026-09-30 21:13:16.367+00,404,f,f
2026-09-30 21:20:00+00,MR-02,Koridor MERR,simulator,37,42,0.881,0.119,7,LANCAR,2026-09-30 21:13:16.367+00,404,f,f
2026-09-30 21:20:00+00,MR-03,Koridor MERR,simulator,36,44,0.8182,0.1818,11,LANCAR,2026-09-30 21:13:16.367+00,404,f,f
2026-09-30 21:30:00+00,AY-01,Koridor A. Yani,simulator,41,45,0.9111,0.0889,5,LANCAR,2026-09-30 21:29:12.149+00,48,f,f
2026-09-30 21:30:00+00,AY-02,Koridor A. Yani,simulator,47,54,0.8704,0.1296,6,LANCAR,2026-09-30 21:29:12.149+00,48,f,f
2026-09-30 21:30:00+00,AY-03,Koridor A. Yani,simulator,42,48,0.875,0.125,6,LANCAR,2026-09-30 21:29:12.149+00,48,f,f
2026-09-30 21:30:00+00,DR-01,Koridor Darmo - Tunjungan,simulator,50,60,0.8333,0.1667,7,LANCAR,2026-09-30 21:29:12.149+00,48,f,f
2026-09-30 21:30:00+00,DR-02,Koridor Darmo - Tunjungan,simulator,46,51,0.902,0.098,5,LANCAR,2026-09-30 21:29:12.149+00,48,f,f
2026-09-30 21:30:00+00,DR-03,Koridor Darmo - Tunjungan,simulator,43,47,0.9149,0.0851,4,LANCAR,2026-09-30 21:29:12.149+00,48,f,f
2026-09-30 21:30:00+00,MR-01,Koridor MERR,simulator,46,51,0.902,0.098,5,LANCAR,2026-09-30 21:29:12.149+00,48,f,f
2026-09-30 21:30:00+00,MR-02,Koridor MERR,simulator,35,42,0.8333,0.1667,11,LANCAR,2026-09-30 21:29:12.149+00,48,f,f
2026-09-30 21:30:00+00,MR-03,Koridor MERR,simulator,40,44,0.9091,0.0909,5,LANCAR,2026-09-30 21:29:12.149+00,48,f,f
2026-09-30 21:40:00+00,AY-01,Koridor A. Yani,simulator,41,45,0.9111,0.0889,5,LANCAR,2026-09-30 21:29:12.149+00,648,t,f
2026-09-30 21:40:00+00,AY-02,Koridor A. Yani,simulator,47,54,0.8704,0.1296,6,LANCAR,2026-09-30 21:29:12.149+00,648,t,f
2026-09-30 21:40:00+00,AY-03,Koridor A. Yani,simulator,42,48,0.875,0.125,6,LANCAR,2026-09-30 21:29:12.149+00,648,t,f
2026-09-30 21:40:00+00,DR-01,Koridor Darmo - Tunjungan,simulator,50,60,0.8333,0.1667,7,LANCAR,2026-09-30 21:29:12.149+00,648,t,f
2026-09-30 21:40:00+00,DR-02,Koridor Darmo - Tunjungan,simulator,46,51,0.902,0.098,5,LANCAR,2026-09-30 21:29:12.149+00,648,t,f
2026-09-30 21:40:00+00,DR-03,Koridor Darmo - Tunjungan,simulator,43,47,0.9149,0.0851,4,LANCAR,2026-09-30 21:29:12.149+00,648,t,f
2026-09-30 21:40:00+00,MR-01,Koridor MERR,simulator,46,51,0.902,0.098,5,LANCAR,2026-09-30 21:29:12.149+00,648,t,f
2026-09-30 21:40:00+00,MR-02,Koridor MERR,simulator,35,42,0.8333,0.1667,11,LANCAR,2026-09-30 21:29:12.149+00,648,t,f
2026-09-30 21:40:00+00,MR-03,Koridor MERR,simulator,40,44,0.9091,0.0909,5,LANCAR,2026-09-30 21:29:12.149+00,648,t,f
2026-09-30 21:50:00+00,AY-01,Koridor A. Yani,simulator,40,45,0.8889,0.1111,6,LANCAR,2026-09-30 21:45:38.07+00,262,f,f
2026-09-30 21:50:00+00,AY-02,Koridor A. Yani,simulator,45,54,0.8333,0.1667,8,LANCAR,2026-09-30 21:45:38.07+00,262,f,f
2026-09-30 21:50:00+00,AY-03,Koridor A. Yani,simulator,44,48,0.9167,0.0833,4,LANCAR,2026-09-30 21:45:38.07+00,262,f,f
2026-09-30 21:50:00+00,DR-01,Koridor Darmo - Tunjungan,simulator,49,60,0.8167,0.1833,8,LANCAR,2026-09-30 21:45:38.07+00,262,f,f
2026-09-30 21:50:00+00,DR-02,Koridor Darmo - Tunjungan,simulator,44,51,0.8627,0.1373,7,LANCAR,2026-09-30 21:45:38.07+00,262,f,f
2026-09-30 21:50:00+00,DR-03,Koridor Darmo - Tunjungan,simulator,43,47,0.9149,0.0851,4,LANCAR,2026-09-30 21:45:38.07+00,262,f,f
2026-09-30 21:50:00+00,MR-01,Koridor MERR,simulator,43,51,0.8431,0.1569,8,LANCAR,2026-09-30 21:45:38.07+00,262,f,f
2026-09-30 21:50:00+00,MR-02,Koridor MERR,simulator,38,42,0.9048,0.0952,6,LANCAR,2026-09-30 21:45:38.07+00,262,f,f
2026-09-30 21:50:00+00,MR-03,Koridor MERR,simulator,39,44,0.8864,0.1136,6,LANCAR,2026-09-30 21:45:38.07+00,262,f,f
2026-09-30 22:00:00+00,AY-01,Koridor A. Yani,simulator,40,45,0.8889,0.1111,6,LANCAR,2026-09-30 21:45:38.07+00,862,t,f
2026-09-30 22:00:00+00,AY-02,Koridor A. Yani,simulator,45,54,0.8333,0.1667,8,LANCAR,2026-09-30 21:45:38.07+00,862,t,f
2026-09-30 22:00:00+00,AY-03,Koridor A. Yani,simulator,44,48,0.9167,0.0833,4,LANCAR,2026-09-30 21:45:38.07+00,862,t,f
2026-09-30 22:00:00+00,DR-01,Koridor Darmo - Tunjungan,simulator,49,60,0.8167,0.1833,8,LANCAR,2026-09-30 21:45:38.07+00,862,t,f
2026-09-30 22:00:00+00,DR-02,Koridor Darmo - Tunjungan,simulator,44,51,0.8627,0.1373,7,LANCAR,2026-09-30 21:45:38.07+00,862,t,f
2026-09-30 22:00:00+00,DR-03,Koridor Darmo - Tunjungan,simulator,43,47,0.9149,0.0851,4,LANCAR,2026-09-30 21:45:38.07+00,862,t,f
2026-09-30 22:00:00+00,MR-01,Koridor MERR,simulator,43,51,0.8431,0.1569,8,LANCAR,2026-09-30 21:45:38.07+00,862,t,f
2026-09-30 22:00:00+00,MR-02,Koridor MERR,simulator,38,42,0.9048,0.0952,6,LANCAR,2026-09-30 21:45:38.07+00,862,t,f
2026-09-30 22:00:00+00,MR-03,Koridor MERR,simulator,39,44,0.8864,0.1136,6,LANCAR,2026-09-30 21:45:38.07+00,862,t,f
2026-09-30 22:10:00+00,AY-01,Koridor A. Yani,simulator,39,45,0.8667,0.1333,7,LANCAR,2026-09-30 22:01:58.598+00,481,f,f
2026-09-30 22:10:00+00,AY-02,Koridor A. Yani,simulator,45,54,0.8333,0.1667,8,LANCAR,2026-09-30 22:01:58.598+00,481,f,f
2026-09-30 22:10:00+00,AY-03,Koridor A. Yani,simulator,37,48,0.7708,0.2292,13,PADAT,2026-09-30 22:01:58.598+00,481,f,f
2026-09-30 22:10:00+00,DR-01,Koridor Darmo - Tunjungan,simulator,54,60,0.9,0.1,4,LANCAR,2026-09-30 22:01:58.598+00,481,f,f
2026-09-30 22:10:00+00,DR-02,Koridor Darmo - Tunjungan,simulator,39,51,0.7647,0.2353,13,PADAT,2026-09-30 22:01:58.598+00,481,f,f
2026-09-30 22:10:00+00,DR-03,Koridor Darmo - Tunjungan,simulator,41,47,0.8723,0.1277,7,LANCAR,2026-09-30 22:01:58.598+00,481,f,f
2026-09-30 22:10:00+00,MR-01,Koridor MERR,simulator,39,51,0.7647,0.2353,13,PADAT,2026-09-30 22:01:58.598+00,481,f,f
2026-09-30 22:10:00+00,MR-02,Koridor MERR,simulator,36,42,0.8571,0.1429,9,LANCAR,2026-09-30 22:01:58.598+00,481,f,f
2026-09-30 22:10:00+00,MR-03,Koridor MERR,simulator,34,44,0.7727,0.2273,15,PADAT,2026-09-30 22:01:58.598+00,481,f,f
2026-09-30 22:20:00+00,AY-01,Koridor A. Yani,simulator,33,45,0.7333,0.2667,17,PADAT,2026-09-30 22:18:48.031+00,72,f,f
2026-09-30 22:20:00+00,AY-02,Koridor A. Yani,simulator,43,54,0.7963,0.2037,10,PADAT,2026-09-30 22:18:48.031+00,72,f,f
2026-09-30 22:20:00+00,AY-03,Koridor A. Yani,simulator,39,48,0.8125,0.1875,10,LANCAR,2026-09-30 22:18:48.031+00,72,f,f
2026-09-30 22:20:00+00,DR-01,Koridor Darmo - Tunjungan,simulator,47,60,0.7833,0.2167,10,PADAT,2026-09-30 22:18:48.031+00,72,f,f
2026-09-30 22:20:00+00,DR-02,Koridor Darmo - Tunjungan,simulator,41,51,0.8039,0.1961,11,LANCAR,2026-09-30 22:18:48.031+00,72,f,f
2026-09-30 22:20:00+00,DR-03,Koridor Darmo - Tunjungan,simulator,35,47,0.7447,0.2553,16,PADAT,2026-09-30 22:18:48.031+00,72,f,f
2026-09-30 22:20:00+00,MR-01,Koridor MERR,simulator,42,51,0.8235,0.1765,9,LANCAR,2026-09-30 22:18:48.031+00,72,f,f
2026-09-30 22:20:00+00,MR-02,Koridor MERR,simulator,36,42,0.8571,0.1429,9,LANCAR,2026-09-30 22:18:48.031+00,72,f,f
2026-09-30 22:20:00+00,MR-03,Koridor MERR,simulator,31,44,0.7045,0.2955,21,PADAT,2026-09-30 22:18:48.031+00,72,f,f
2026-09-30 22:30:00+00,AY-01,Koridor A. Yani,simulator,33,45,0.7333,0.2667,17,PADAT,2026-09-30 22:18:48.031+00,672,t,f
2026-09-30 22:30:00+00,AY-02,Koridor A. Yani,simulator,43,54,0.7963,0.2037,10,PADAT,2026-09-30 22:18:48.031+00,672,t,f
2026-09-30 22:30:00+00,AY-03,Koridor A. Yani,simulator,39,48,0.8125,0.1875,10,LANCAR,2026-09-30 22:18:48.031+00,672,t,f
2026-09-30 22:30:00+00,DR-01,Koridor Darmo - Tunjungan,simulator,47,60,0.7833,0.2167,10,PADAT,2026-09-30 22:18:48.031+00,672,t,f
2026-09-30 22:30:00+00,DR-02,Koridor Darmo - Tunjungan,simulator,41,51,0.8039,0.1961,11,LANCAR,2026-09-30 22:18:48.031+00,672,t,f
2026-09-30 22:30:00+00,DR-03,Koridor Darmo - Tunjungan,simulator,35,47,0.7447,0.2553,16,PADAT,2026-09-30 22:18:48.031+00,672,t,f
2026-09-30 22:30:00+00,MR-01,Koridor MERR,simulator,42,51,0.8235,0.1765,9,LANCAR,2026-09-30 22:18:48.031+00,672,t,f
2026-09-30 22:30:00+00,MR-02,Koridor MERR,simulator,36,42,0.8571,0.1429,9,LANCAR,2026-09-30 22:18:48.031+00,672,t,f
2026-09-30 22:30:00+00,MR-03,Koridor MERR,simulator,31,44,0.7045,0.2955,21,PADAT,2026-09-30 22:18:48.031+00,672,t,f
2026-09-30 22:40:00+00,AY-01,Koridor A. Yani,simulator,30,45,0.6667,0.3333,24,PADAT,2026-09-30 22:35:38.802+00,261,f,f
2026-09-30 22:40:00+00,AY-02,Koridor A. Yani,simulator,36,54,0.6667,0.3333,20,PADAT,2026-09-30 22:35:38.802+00,261,f,f
2026-09-30 22:40:00+00,AY-03,Koridor A. Yani,simulator,31,48,0.6458,0.3542,25,PADAT,2026-09-30 22:35:38.802+00,261,f,f
2026-09-30 22:40:00+00,DR-01,Koridor Darmo - Tunjungan,simulator,43,60,0.7167,0.2833,14,PADAT,2026-09-30 22:35:38.802+00,261,f,f
2026-09-30 22:40:00+00,DR-02,Koridor Darmo - Tunjungan,simulator,41,51,0.8039,0.1961,11,LANCAR,2026-09-30 22:35:38.802+00,261,f,f
2026-09-30 22:40:00+00,DR-03,Koridor Darmo - Tunjungan,simulator,37,47,0.7872,0.2128,12,PADAT,2026-09-30 22:35:38.802+00,261,f,f
2026-09-30 22:40:00+00,MR-01,Koridor MERR,simulator,36,51,0.7059,0.2941,18,PADAT,2026-09-30 22:35:38.802+00,261,f,f
2026-09-30 22:40:00+00,MR-02,Koridor MERR,simulator,31,42,0.7381,0.2619,19,PADAT,2026-09-30 22:35:38.802+00,261,f,f
2026-09-30 22:40:00+00,MR-03,Koridor MERR,simulator,35,44,0.7955,0.2045,13,PADAT,2026-09-30 22:35:38.802+00,261,f,f
2026-09-30 22:50:00+00,AY-01,Koridor A. Yani,simulator,30,45,0.6667,0.3333,24,PADAT,2026-09-30 22:35:38.802+00,861,t,f
2026-09-30 22:50:00+00,AY-02,Koridor A. Yani,simulator,36,54,0.6667,0.3333,20,PADAT,2026-09-30 22:35:38.802+00,861,t,f
2026-09-30 22:50:00+00,AY-03,Koridor A. Yani,simulator,31,48,0.6458,0.3542,25,PADAT,2026-09-30 22:35:38.802+00,861,t,f
2026-09-30 22:50:00+00,DR-01,Koridor Darmo - Tunjungan,simulator,43,60,0.7167,0.2833,14,PADAT,2026-09-30 22:35:38.802+00,861,t,f
2026-09-30 22:50:00+00,DR-02,Koridor Darmo - Tunjungan,simulator,41,51,0.8039,0.1961,11,LANCAR,2026-09-30 22:35:38.802+00,861,t,f
2026-09-30 22:50:00+00,DR-03,Koridor Darmo - Tunjungan,simulator,37,47,0.7872,0.2128,12,PADAT,2026-09-30 22:35:38.802+00,861,t,f
2026-09-30 22:50:00+00,MR-01,Koridor MERR,simulator,36,51,0.7059,0.2941,18,PADAT,2026-09-30 22:35:38.802+00,861,t,f
2026-09-30 22:50:00+00,MR-02,Koridor MERR,simulator,31,42,0.7381,0.2619,19,PADAT,2026-09-30 22:35:38.802+00,861,t,f
2026-09-30 22:50:00+00,MR-03,Koridor MERR,simulator,35,44,0.7955,0.2045,13,PADAT,2026-09-30 22:35:38.802+00,861,t,f
2026-09-30 23:00:00+00,AY-01,Koridor A. Yani,simulator,27,45,0.6,0.4,32,PADAT,2026-09-30 22:51:34.649+00,505,f,f
2026-09-30 23:00:00+00,AY-02,Koridor A. Yani,simulator,33,54,0.6111,0.3889,25,PADAT,2026-09-30 22:51:34.649+00,505,f,f
2026-09-30 23:00:00+00,AY-03,Koridor A. Yani,simulator,35,48,0.7292,0.2708,17,PADAT,2026-09-30 22:51:34.649+00,505,f,f
2026-09-30 23:00:00+00,DR-01,Koridor Darmo - Tunjungan,simulator,45,60,0.75,0.25,12,PADAT,2026-09-30 22:51:34.649+00,505,f,f
2026-09-30 23:00:00+00,DR-02,Koridor Darmo - Tunjungan,simulator,35,51,0.6863,0.3137,20,PADAT,2026-09-30 22:51:34.649+00,505,f,f
2026-09-30 23:00:00+00,DR-03,Koridor Darmo - Tunjungan,simulator,32,47,0.6809,0.3191,22,PADAT,2026-09-30 22:51:34.649+00,505,f,f
2026-09-30 23:00:00+00,MR-01,Koridor MERR,simulator,35,51,0.6863,0.3137,20,PADAT,2026-09-30 22:51:34.649+00,505,f,f
2026-09-30 23:00:00+00,MR-02,Koridor MERR,simulator,28,42,0.6667,0.3333,26,PADAT,2026-09-30 22:51:34.649+00,505,f,f
2026-09-30 23:00:00+00,MR-03,Koridor MERR,simulator,28,44,0.6364,0.3636,28,PADAT,2026-09-30 22:51:34.649+00,505,f,f
2026-09-30 23:10:00+00,AY-01,Koridor A. Yani,simulator,25,45,0.5556,0.4444,38,PADAT,2026-09-30 23:08:00.307+00,120,f,f
2026-09-30 23:10:00+00,AY-02,Koridor A. Yani,simulator,35,54,0.6481,0.3519,22,PADAT,2026-09-30 23:08:00.307+00,120,f,f
2026-09-30 23:10:00+00,AY-03,Koridor A. Yani,simulator,29,48,0.6042,0.3958,29,PADAT,2026-09-30 23:08:00.307+00,120,f,f
2026-09-30 23:10:00+00,DR-01,Koridor Darmo - Tunjungan,simulator,36,60,0.6,0.4,24,PADAT,2026-09-30 23:08:00.307+00,120,f,f
2026-09-30 23:10:00+00,DR-02,Koridor Darmo - Tunjungan,simulator,29,51,0.5686,0.4314,32,PADAT,2026-09-30 23:08:00.307+00,120,f,f
2026-09-30 23:10:00+00,DR-03,Koridor Darmo - Tunjungan,simulator,27,47,0.5745,0.4255,34,PADAT,2026-09-30 23:08:00.307+00,120,f,f
2026-09-30 23:10:00+00,MR-01,Koridor MERR,simulator,28,51,0.549,0.451,35,PADAT,2026-09-30 23:08:00.307+00,120,f,f
2026-09-30 23:10:00+00,MR-02,Koridor MERR,simulator,26,42,0.619,0.381,32,PADAT,2026-09-30 23:08:00.307+00,120,f,f
2026-09-30 23:10:00+00,MR-03,Koridor MERR,simulator,23,44,0.5227,0.4773,45,PADAT,2026-09-30 23:08:00.307+00,120,f,f
2026-09-30 23:20:00+00,AY-01,Koridor A. Yani,simulator,25,45,0.5556,0.4444,38,PADAT,2026-09-30 23:13:23.006+00,397,f,f
2026-09-30 23:20:00+00,AY-02,Koridor A. Yani,simulator,31,54,0.5741,0.4259,30,PADAT,2026-09-30 23:13:23.006+00,397,f,f
2026-09-30 23:20:00+00,AY-03,Koridor A. Yani,simulator,27,48,0.5625,0.4375,35,PADAT,2026-09-30 23:13:23.006+00,397,f,f
2026-09-30 23:20:00+00,DR-01,Koridor Darmo - Tunjungan,simulator,29,60,0.4833,0.5167,38,MACET,2026-09-30 23:13:23.006+00,397,f,f
2026-09-30 23:20:00+00,DR-02,Koridor Darmo - Tunjungan,simulator,33,51,0.6471,0.3529,23,PADAT,2026-09-30 23:13:23.006+00,397,f,f
2026-09-30 23:20:00+00,DR-03,Koridor Darmo - Tunjungan,simulator,30,47,0.6383,0.3617,26,PADAT,2026-09-30 23:13:23.006+00,397,f,f
2026-09-30 23:20:00+00,MR-01,Koridor MERR,simulator,25,51,0.4902,0.5098,44,MACET,2026-09-30 23:13:23.006+00,397,f,f
2026-09-30 23:20:00+00,MR-02,Koridor MERR,simulator,26,42,0.619,0.381,32,PADAT,2026-09-30 23:13:23.006+00,397,f,f
2026-09-30 23:20:00+00,MR-03,Koridor MERR,simulator,26,44,0.5909,0.4091,34,PADAT,2026-09-30 23:13:23.006+00,397,f,f
2026-09-30 23:30:00+00,AY-01,Koridor A. Yani,simulator,21,45,0.4667,0.5333,55,MACET,2026-09-30 23:29:17.895+00,42,f,f
2026-09-30 23:30:00+00,AY-02,Koridor A. Yani,simulator,28,54,0.5185,0.4815,37,PADAT,2026-09-30 23:29:17.895+00,42,f,f
2026-09-30 23:30:00+00,AY-03,Koridor A. Yani,simulator,27,48,0.5625,0.4375,35,PADAT,2026-09-30 23:29:17.895+00,42,f,f
2026-09-30 23:30:00+00,DR-01,Koridor Darmo - Tunjungan,simulator,32,60,0.5333,0.4667,32,PADAT,2026-09-30 23:29:17.895+00,42,f,f
2026-09-30 23:30:00+00,DR-02,Koridor Darmo - Tunjungan,simulator,28,51,0.549,0.451,35,PADAT,2026-09-30 23:29:17.895+00,42,f,f
2026-09-30 23:30:00+00,DR-03,Koridor Darmo - Tunjungan,simulator,21,47,0.4468,0.5532,57,MACET,2026-09-30 23:29:17.895+00,42,f,f
2026-09-30 23:30:00+00,MR-01,Koridor MERR,simulator,27,51,0.5294,0.4706,38,PADAT,2026-09-30 23:29:17.895+00,42,f,f
2026-09-30 23:30:00+00,MR-02,Koridor MERR,simulator,22,42,0.5238,0.4762,47,PADAT,2026-09-30 23:29:17.895+00,42,f,f
2026-09-30 23:30:00+00,MR-03,Koridor MERR,simulator,23,44,0.5227,0.4773,45,PADAT,2026-09-30 23:29:17.895+00,42,f,f
2026-09-30 23:40:00+00,AY-01,Koridor A. Yani,simulator,21,45,0.4667,0.5333,55,MACET,2026-09-30 23:29:17.895+00,642,t,f
2026-09-30 23:40:00+00,AY-02,Koridor A. Yani,simulator,28,54,0.5185,0.4815,37,PADAT,2026-09-30 23:29:17.895+00,642,t,f
2026-09-30 23:40:00+00,AY-03,Koridor A. Yani,simulator,27,48,0.5625,0.4375,35,PADAT,2026-09-30 23:29:17.895+00,642,t,f
2026-09-30 23:40:00+00,DR-01,Koridor Darmo - Tunjungan,simulator,32,60,0.5333,0.4667,32,PADAT,2026-09-30 23:29:17.895+00,642,t,f
2026-09-30 23:40:00+00,DR-02,Koridor Darmo - Tunjungan,simulator,28,51,0.549,0.451,35,PADAT,2026-09-30 23:29:17.895+00,642,t,f
2026-09-30 23:40:00+00,DR-03,Koridor Darmo - Tunjungan,simulator,21,47,0.4468,0.5532,57,MACET,2026-09-30 23:29:17.895+00,642,t,f
2026-09-30 23:40:00+00,MR-01,Koridor MERR,simulator,27,51,0.5294,0.4706,38,PADAT,2026-09-30 23:29:17.895+00,642,t,f
2026-09-30 23:40:00+00,MR-02,Koridor MERR,simulator,22,42,0.5238,0.4762,47,PADAT,2026-09-30 23:29:17.895+00,642,t,f
2026-09-30 23:40:00+00,MR-03,Koridor MERR,simulator,23,44,0.5227,0.4773,45,PADAT,2026-09-30 23:29:17.895+00,642,t,f
2026-09-30 23:50:00+00,AY-01,Koridor A. Yani,simulator,18,45,0.4,0.6,72,MACET,2026-09-30 23:43:17.871+00,402,f,f
2026-09-30 23:50:00+00,AY-02,Koridor A. Yani,simulator,25,54,0.463,0.537,46,MACET,2026-09-30 23:43:17.871+00,402,f,f
2026-09-30 23:50:00+00,AY-03,Koridor A. Yani,simulator,19,48,0.3958,0.6042,69,MACET,2026-09-30 23:43:17.871+00,402,f,f
2026-09-30 23:50:00+00,DR-01,Koridor Darmo - Tunjungan,simulator,28,60,0.4667,0.5333,41,MACET,2026-09-30 23:43:17.871+00,402,f,f
2026-09-30 23:50:00+00,DR-02,Koridor Darmo - Tunjungan,simulator,21,51,0.4118,0.5882,61,MACET,2026-09-30 23:43:17.871+00,402,f,f
2026-09-30 23:50:00+00,DR-03,Koridor Darmo - Tunjungan,simulator,19,47,0.4043,0.5957,68,MACET,2026-09-30 23:43:17.871+00,402,f,f
2026-09-30 23:50:00+00,MR-01,Koridor MERR,simulator,19,51,0.3725,0.6275,72,MACET,2026-09-30 23:43:17.871+00,402,f,f
2026-09-30 23:50:00+00,MR-02,Koridor MERR,simulator,16,42,0.381,0.619,84,MACET,2026-09-30 23:43:17.871+00,402,f,f
2026-09-30 23:50:00+00,MR-03,Koridor MERR,simulator,21,44,0.4773,0.5227,54,MACET,2026-09-30 23:43:17.871+00,402,f,f
2026-10-01 00:00:00+00,AY-01,Koridor A. Yani,simulator,18,45,0.4,0.6,72,MACET,2026-09-30 23:43:17.871+00,1002,t,f
2026-10-01 00:00:00+00,AY-02,Koridor A. Yani,simulator,25,54,0.463,0.537,46,MACET,2026-09-30 23:43:17.871+00,1002,t,f
2026-10-01 00:00:00+00,AY-03,Koridor A. Yani,simulator,19,48,0.3958,0.6042,69,MACET,2026-09-30 23:43:17.871+00,1002,t,f
2026-10-01 00:00:00+00,DR-01,Koridor Darmo - Tunjungan,simulator,28,60,0.4667,0.5333,41,MACET,2026-09-30 23:43:17.871+00,1002,t,f
2026-10-01 00:00:00+00,DR-02,Koridor Darmo - Tunjungan,simulator,21,51,0.4118,0.5882,61,MACET,2026-09-30 23:43:17.871+00,1002,t,f
2026-10-01 00:00:00+00,DR-03,Koridor Darmo - Tunjungan,simulator,19,47,0.4043,0.5957,68,MACET,2026-09-30 23:43:17.871+00,1002,t,f
2026-10-01 00:00:00+00,MR-01,Koridor MERR,simulator,19,51,0.3725,0.6275,72,MACET,2026-09-30 23:43:17.871+00,1002,t,f
2026-10-01 00:00:00+00,MR-02,Koridor MERR,simulator,16,42,0.381,0.619,84,MACET,2026-09-30 23:43:17.871+00,1002,t,f
2026-10-01 00:00:00+00,MR-03,Koridor MERR,simulator,21,44,0.4773,0.5227,54,MACET,2026-09-30 23:43:17.871+00,1002,t,f
2026-10-01 00:10:00+00,AY-01,Koridor A. Yani,simulator,18,45,0.4,0.6,72,MACET,2026-09-30 23:43:17.871+00,1602,t,f
2026-10-01 00:10:00+00,AY-02,Koridor A. Yani,simulator,25,54,0.463,0.537,46,MACET,2026-09-30 23:43:17.871+00,1602,t,f
2026-10-01 00:10:00+00,AY-03,Koridor A. Yani,simulator,19,48,0.3958,0.6042,69,MACET,2026-09-30 23:43:17.871+00,1602,t,f
2026-10-01 00:10:00+00,DR-01,Koridor Darmo - Tunjungan,simulator,28,60,0.4667,0.5333,41,MACET,2026-09-30 23:43:17.871+00,1602,t,f
2026-10-01 00:10:00+00,DR-02,Koridor Darmo - Tunjungan,simulator,21,51,0.4118,0.5882,61,MACET,2026-09-30 23:43:17.871+00,1602,t,f
2026-10-01 00:10:00+00,DR-03,Koridor Darmo - Tunjungan,simulator,19,47,0.4043,0.5957,68,MACET,2026-09-30 23:43:17.871+00,1602,t,f
2026-10-01 00:10:00+00,MR-01,Koridor MERR,simulator,19,51,0.3725,0.6275,72,MACET,2026-09-30 23:43:17.871+00,1602,t,f
2026-10-01 00:10:00+00,MR-02,Koridor MERR,simulator,16,42,0.381,0.619,84,MACET,2026-09-30 23:43:17.871+00,1602,t,f
2026-10-01 00:10:00+00,MR-03,Koridor MERR,simulator,21,44,0.4773,0.5227,54,MACET,2026-09-30 23:43:17.871+00,1602,t,f
